ActivityName,SelectedModuleID,ModuleTypeName,Category,TaskType,NodeType,UsageCount,IsOrphaned
CustomWorkflow,NULL,INTERNAL,INTERNAL,TRANSFORM,LEAF,636,0
ifElseBranchActivity1,NULL,INTERNAL,INTERNAL,DECISION,CONTAINER,359,0
ifElseBranchActivity2,NULL,INTERNAL,INTERNAL,DECISION,CONTAINER,355,0
ifElseActivity1,NULL,INTERNAL,INTERNAL,DECISION,CONTAINER,353,0
returnValue1,NULL,INTERNAL,INTERNAL,TRANSFORM,LEAF,299,0
exitWhile1,NULL,INTERNAL,INTERNAL,DECISION,CONTAINER,295,0
displayValue1,NULL,INTERNAL,INTERNAL,TRANSFORM,LEAF,254,0
ifElseBranchActivity3,NULL,INTERNAL,INTERNAL,DECISION,CONTAINER,230,0
ifElseBranchActivity4,NULL,INTERNAL,INTERNAL,DECISION,CONTAINER,229,0
ifElseActivity2,NULL,INTERNAL,INTERNAL,DECISION,CONTAINER,228,0
userGroup1,NULL,INTERNAL,INTERNAL,TRANSFORM,LEAF,227,0
whileSequenceActivity1,NULL,INTERNAL,INTERNAL,DECISION,CONTAINER,222,0
returnValue3,NULL,INTERNAL,INTERNAL,TRANSFORM,LEAF,221,0
returnValue5,NULL,INTERNAL,INTERNAL,TRANSFORM,LEAF,199,0
ifElseBranchActivity5,NULL,INTERNAL,INTERNAL,DECISION,CONTAINER,182,0
ifElseBranchActivity6,NULL,INTERNAL,INTERNAL,DECISION,CONTAINER,174,0
userGroup2,NULL,INTERNAL,INTERNAL,TRANSFORM,LEAF,174,0
ifElseActivity3,NULL,INTERNAL,INTERNAL,DECISION,CONTAINER,173,0
displayValue2,NULL,INTERNAL,INTERNAL,TRANSFORM,LEAF,166,0
memorySet1,NULL,INTERNAL,INTERNAL,TRANSFORM,LEAF,165,0
returnValue7,NULL,INTERNAL,INTERNAL,TRANSFORM,LEAF,158,0
returnValue9,NULL,INTERNAL,INTERNAL,TRANSFORM,LEAF,144,0
returnValue11,NULL,INTERNAL,INTERNAL,TRANSFORM,LEAF,139,0
ifElseBranchActivity8,NULL,INTERNAL,INTERNAL,DECISION,CONTAINER,134,0
ifElseBranchActivity7,NULL,INTERNAL,INTERNAL,DECISION,CONTAINER,132,0
exitWhile2,NULL,INTERNAL,INTERNAL,DECISION,CONTAINER,131,0
userGroup3,NULL,INTERNAL,INTERNAL,TRANSFORM,LEAF,131,0
createMemoryTable1,NULL,INTERNAL,INTERNAL,OUTPUT,LEAF,130,0
ifElseActivity4,NULL,INTERNAL,INTERNAL,DECISION,CONTAINER,130,0
displayValue3,NULL,INTERNAL,INTERNAL,TRANSFORM,LEAF,122,0
sendEmail1,NULL,INTERNAL,INTERNAL,OUTPUT,LEAF,114,0
ifElseBranchActivity9,NULL,INTERNAL,INTERNAL,DECISION,CONTAINER,113,0
returnValue13,NULL,INTERNAL,INTERNAL,TRANSFORM,LEAF,112,0
userGroup4,NULL,INTERNAL,INTERNAL,TRANSFORM,LEAF,112,0
returnValue15,NULL,INTERNAL,INTERNAL,TRANSFORM,LEAF,111,0
whileActivity1,NULL,INTERNAL,INTERNAL,DECISION,CONTAINER,109,0
ifElseBranchActivity10,NULL,INTERNAL,INTERNAL,DECISION,CONTAINER,108,0
getRowsCount1,NULL,INTERNAL,INTERNAL,INPUT,LEAF,106,0
ifElseActivity5,NULL,INTERNAL,INTERNAL,DECISION,CONTAINER,100,0
ifElseBranchActivity11,NULL,INTERNAL,INTERNAL,DECISION,CONTAINER,96,0
memorySet2,NULL,INTERNAL,INTERNAL,TRANSFORM,LEAF,96,0
returnValue2,NULL,INTERNAL,INTERNAL,TRANSFORM,LEAF,95,0
displayValue4,NULL,INTERNAL,INTERNAL,TRANSFORM,LEAF,95,0
userGroup5,NULL,INTERNAL,INTERNAL,TRANSFORM,LEAF,95,0
sequenceActivity1,NULL,INTERNAL,INTERNAL,TRANSFORM,LEAF,93,0
returnValue19,NULL,INTERNAL,INTERNAL,TRANSFORM,LEAF,90,0
returnValue17,NULL,INTERNAL,INTERNAL,TRANSFORM,LEAF,90,0
returnValue21,NULL,INTERNAL,INTERNAL,TRANSFORM,LEAF,86,0
ifElseActivity6,NULL,INTERNAL,INTERNAL,DECISION,CONTAINER,86,0
whileSequenceActivity2,NULL,INTERNAL,INTERNAL,DECISION,CONTAINER,86,0
terminateWorkflow1,NULL,INTERNAL,INTERNAL,TRANSFORM,LEAF,85,0
ifElseBranchActivity12,NULL,INTERNAL,INTERNAL,DECISION,CONTAINER,85,0
userGroup6,NULL,INTERNAL,INTERNAL,TRANSFORM,LEAF,83,0
userGroup7,NULL,INTERNAL,INTERNAL,TRANSFORM,LEAF,77,0
returnValue23,NULL,INTERNAL,INTERNAL,TRANSFORM,LEAF,76,0
multiMemorySet1,NULL,INTERNAL,INTERNAL,TRANSFORM,LEAF,75,0
displayValue5,NULL,INTERNAL,INTERNAL,TRANSFORM,LEAF,74,0
ifElseBranchActivity13,NULL,INTERNAL,INTERNAL,DECISION,CONTAINER,72,0
returnValue25,NULL,INTERNAL,INTERNAL,TRANSFORM,LEAF,72,0
serverName,NULL,INTERNAL,INTERNAL,TRANSFORM,LEAF,67,0
ifElseActivity7,NULL,INTERNAL,INTERNAL,DECISION,CONTAINER,66,0
deleteMemoryTableRows1,NULL,INTERNAL,INTERNAL,TRANSFORM,LEAF,66,0
returnValue27,NULL,INTERNAL,INTERNAL,TRANSFORM,LEAF,64,0
ifElseBranchActivity14,NULL,INTERNAL,INTERNAL,DECISION,CONTAINER,63,0
ifElseBranchActivity16,NULL,INTERNAL,INTERNAL,DECISION,CONTAINER,57,0
ifElseBranchActivity17,NULL,INTERNAL,INTERNAL,DECISION,CONTAINER,57,0
readXLS1,NULL,INTERNAL,INTERNAL,TRANSFORM,LEAF,57,0
userGroup8,NULL,INTERNAL,INTERNAL,TRANSFORM,LEAF,57,0
userGroup9,NULL,INTERNAL,INTERNAL,TRANSFORM,LEAF,57,0
returnValue6,NULL,INTERNAL,INTERNAL,TRANSFORM,LEAF,56,0
ifElseBranchActivity15,NULL,INTERNAL,INTERNAL,DECISION,CONTAINER,56,0
memorySet3,NULL,INTERNAL,INTERNAL,TRANSFORM,LEAF,56,0
ifElseActivity8,NULL,INTERNAL,INTERNAL,DECISION,CONTAINER,55,0
returnValue29,NULL,INTERNAL,INTERNAL,TRANSFORM,LEAF,54,0
ifElseBranchActivity20,NULL,INTERNAL,INTERNAL,DECISION,CONTAINER,53,0
exitWhile3,NULL,INTERNAL,INTERNAL,DECISION,CONTAINER,53,0
wait1,NULL,INTERNAL,INTERNAL,WAIT,LEAF,53,0
continue1,NULL,INTERNAL,INTERNAL,TRANSFORM,LEAF,51,0
displayValue6,NULL,INTERNAL,INTERNAL,TRANSFORM,LEAF,50,0
ifElseActivity9,NULL,INTERNAL,INTERNAL,DECISION,CONTAINER,50,0
ifElseBranchActivity18,NULL,INTERNAL,INTERNAL,DECISION,CONTAINER,48,0
ifElseActivity10,NULL,INTERNAL,INTERNAL,DECISION,CONTAINER,48,0
sequenceActivity2,NULL,INTERNAL,INTERNAL,TRANSFORM,LEAF,48,0
returnValue4,NULL,INTERNAL,INTERNAL,TRANSFORM,LEAF,47,0
userGroup10,NULL,INTERNAL,INTERNAL,TRANSFORM,LEAF,47,0
returnValue31,NULL,INTERNAL,INTERNAL,TRANSFORM,LEAF,46,0
ifElseBranchActivity21,NULL,INTERNAL,INTERNAL,DECISION,CONTAINER,46,0
convertToHTMLTable1,NULL,INTERNAL,INTERNAL,TRANSFORM,LEAF,46,0
createMemoryTable2,NULL,INTERNAL,INTERNAL,OUTPUT,LEAF,45,0
ifElseBranchActivity19,NULL,INTERNAL,INTERNAL,DECISION,CONTAINER,45,0
memorySet4,NULL,INTERNAL,INTERNAL,TRANSFORM,LEAF,45,0
returnValue33,NULL,INTERNAL,INTERNAL,TRANSFORM,LEAF,43,0
returnValue14,NULL,INTERNAL,INTERNAL,TRANSFORM,LEAF,42,0
whileActivity2,NULL,INTERNAL,INTERNAL,DECISION,CONTAINER,41,0
userGroup11,NULL,INTERNAL,INTERNAL,TRANSFORM,LEAF,40,0
startJsonSession1,NULL,INTERNAL,INTERNAL,TRANSFORM,LEAF,40,0
returnValue35,NULL,INTERNAL,INTERNAL,TRANSFORM,LEAF,40,0
ifElseBranchActivity22,NULL,INTERNAL,INTERNAL,DECISION,CONTAINER,39,0
getRowsCount2,NULL,INTERNAL,INTERNAL,INPUT,LEAF,39,0
displayValue7,NULL,INTERNAL,INTERNAL,TRANSFORM,LEAF,39,0
returnValue37,NULL,INTERNAL,INTERNAL,TRANSFORM,LEAF,38,0
returnValue10,NULL,INTERNAL,INTERNAL,TRANSFORM,LEAF,38,0
runWorkflow1,NULL,INTERNAL,INTERNAL,TRANSFORM,LEAF,37,0
setCellValue1,NULL,INTERNAL,INTERNAL,TRANSFORM,LEAF,37,0
whileSequenceActivity3,NULL,INTERNAL,INTERNAL,DECISION,CONTAINER,37,0
returnValue41,NULL,INTERNAL,INTERNAL,TRANSFORM,LEAF,36,0
ifElseActivity11,NULL,INTERNAL,INTERNAL,DECISION,CONTAINER,36,0
resultSetFilter1,NULL,INTERNAL,INTERNAL,TRANSFORM,LEAF,35,0
addMemoryTableRow1,NULL,INTERNAL,INTERNAL,TRANSFORM,LEAF,35,0
terminateWorkflow2,NULL,INTERNAL,INTERNAL,TRANSFORM,LEAF,35,0
userGroup12,NULL,INTERNAL,INTERNAL,TRANSFORM,LEAF,34,0
replaceString1,NULL,INTERNAL,INTERNAL,TRANSFORM,LEAF,34,0
returnValue39,NULL,INTERNAL,INTERNAL,TRANSFORM,LEAF,34,0
memoryTableUnion1,NULL,INTERNAL,INTERNAL,TRANSFORM,LEAF,33,0
displayMultiValue1,NULL,INTERNAL,INTERNAL,TRANSFORM,LEAF,32,0
userGroup14,NULL,INTERNAL,INTERNAL,TRANSFORM,LEAF,31,0
memorySet5,NULL,INTERNAL,INTERNAL,TRANSFORM,LEAF,30,0
ifElseBranchActivity23,NULL,INTERNAL,INTERNAL,DECISION,CONTAINER,29,0
ifElseBranchActivity24,NULL,INTERNAL,INTERNAL,DECISION,CONTAINER,29,0
returnValue43,NULL,INTERNAL,INTERNAL,TRANSFORM,LEAF,29,0
returnValue22,NULL,INTERNAL,INTERNAL,TRANSFORM,LEAF,29,0
returnValue20,NULL,INTERNAL,INTERNAL,TRANSFORM,LEAF,29,0
returnValue18,NULL,INTERNAL,INTERNAL,TRANSFORM,LEAF,28,0
selfServiceResponse1,NULL,INTERNAL,INTERNAL,TRANSFORM,LEAF,28,0
displayValue8,NULL,INTERNAL,INTERNAL,TRANSFORM,LEAF,28,0
userGroup13,NULL,INTERNAL,INTERNAL,TRANSFORM,LEAF,28,0
getDate1,NULL,INTERNAL,INTERNAL,INPUT,LEAF,27,0
returnValue16,NULL,INTERNAL,INTERNAL,TRANSFORM,LEAF,27,0
returnValue26,NULL,INTERNAL,INTERNAL,TRANSFORM,LEAF,27,0
returnValue45,NULL,INTERNAL,INTERNAL,TRANSFORM,LEAF,27,0
returnValue47,NULL,INTERNAL,INTERNAL,TRANSFORM,LEAF,26,0
ifElseBranchActivity26,NULL,INTERNAL,INTERNAL,DECISION,CONTAINER,26,0
ifElseBranchActivity27,NULL,INTERNAL,INTERNAL,DECISION,CONTAINER,25,0
setCellValue2,NULL,INTERNAL,INTERNAL,TRANSFORM,LEAF,25,0
tsqlStatement1,NULL,INTERNAL,INTERNAL,TRANSFORM,LEAF,24,0
ifElseBranchActivity25,NULL,INTERNAL,INTERNAL,DECISION,CONTAINER,24,0
ifElseActivity12,NULL,INTERNAL,INTERNAL,DECISION,CONTAINER,24,0
memorySet6,NULL,INTERNAL,INTERNAL,TRANSFORM,LEAF,23,0
runWorkflow3,NULL,INTERNAL,INTERNAL,TRANSFORM,LEAF,23,0
folderList1,NULL,INTERNAL,INTERNAL,TRANSFORM,LEAF,23,0
exitWhile4,NULL,INTERNAL,INTERNAL,DECISION,CONTAINER,23,0
createMemoryTable3,NULL,INTERNAL,INTERNAL,OUTPUT,LEAF,23,0
contains1,NULL,INTERNAL,INTERNAL,TRANSFORM,LEAF,23,0
userGroup15,NULL,INTERNAL,INTERNAL,TRANSFORM,LEAF,23,0
Vault,NULL,INTERNAL,INTERNAL,TRANSFORM,LEAF,23,0
writeFile1,NULL,INTERNAL,INTERNAL,TRANSFORM,LEAF,23,0
returnValue8,NULL,INTERNAL,INTERNAL,TRANSFORM,LEAF,22,0
jsonToTable1,NULL,INTERNAL,INTERNAL,TRANSFORM,LEAF,22,0
ifElseActivity14,NULL,INTERNAL,INTERNAL,DECISION,CONTAINER,21,0
returnValue30,NULL,INTERNAL,INTERNAL,TRANSFORM,LEAF,21,0
runWorkflow2,NULL,INTERNAL,INTERNAL,TRANSFORM,LEAF,21,0
sendEmail2,NULL,INTERNAL,INTERNAL,OUTPUT,LEAF,20,0
displayValue9,NULL,INTERNAL,INTERNAL,TRANSFORM,LEAF,20,0
convertToPlainText1,NULL,INTERNAL,INTERNAL,TRANSFORM,LEAF,19,0
returnValue24,NULL,INTERNAL,INTERNAL,TRANSFORM,LEAF,19,0
ifElseActivity13,NULL,INTERNAL,INTERNAL,DECISION,CONTAINER,19,0
ifElseBranchActivity28,NULL,INTERNAL,INTERNAL,DECISION,CONTAINER,19,0
multiMemorySet2,NULL,INTERNAL,INTERNAL,TRANSFORM,LEAF,19,0
writeXLS1,NULL,INTERNAL,INTERNAL,TRANSFORM,LEAF,19,0
terminate1,NULL,INTERNAL,INTERNAL,TRANSFORM,LEAF,18,0
startXMLSession1,NULL,INTERNAL,INTERNAL,TRANSFORM,LEAF,18,0
setVars,NULL,INTERNAL,INTERNAL,TRANSFORM,LEAF,18,0
myDateTime,NULL,INTERNAL,INTERNAL,TRANSFORM,LEAF,18,0
returnValue49,NULL,INTERNAL,INTERNAL,TRANSFORM,LEAF,18,0
returnValue12,NULL,INTERNAL,INTERNAL,TRANSFORM,LEAF,18,0
ping1,NULL,INTERNAL,INTERNAL,TRANSFORM,LEAF,18,0
notes,NULL,INTERNAL,INTERNAL,TRANSFORM,LEAF,17,0
readFile1,NULL,INTERNAL,INTERNAL,TRANSFORM,LEAF,17,0
returnValue51,NULL,INTERNAL,INTERNAL,TRANSFORM,LEAF,17,0
CorrectvCenter,NULL,INTERNAL,INTERNAL,TRANSFORM,LEAF,17,0
deleteMemoryTableRows2,NULL,INTERNAL,INTERNAL,TRANSFORM,LEAF,17,0
terminateWorkflow3,NULL,INTERNAL,INTERNAL,TRANSFORM,LEAF,17,0
userGroup16,NULL,INTERNAL,INTERNAL,TRANSFORM,LEAF,17,0
UserName,NULL,INTERNAL,INTERNAL,TRANSFORM,LEAF,16,0
displayValue10,NULL,INTERNAL,INTERNAL,TRANSFORM,LEAF,16,0
returnValue53,NULL,INTERNAL,INTERNAL,TRANSFORM,LEAF,16,0
replaceString2,NULL,INTERNAL,INTERNAL,TRANSFORM,LEAF,16,0
ifElseBranchActivity29,NULL,INTERNAL,INTERNAL,DECISION,CONTAINER,16,0
ifElseBranchActivity30,NULL,INTERNAL,INTERNAL,DECISION,CONTAINER,15,0
getRows1,NULL,INTERNAL,INTERNAL,INPUT,LEAF,15,0
currDataRowNum,NULL,INTERNAL,INTERNAL,TRANSFORM,LEAF,15,0
folderCreate1,NULL,INTERNAL,INTERNAL,OUTPUT,LEAF,15,0
setWFvariables,NULL,INTERNAL,INTERNAL,TRANSFORM,LEAF,15,0
split1,NULL,INTERNAL,INTERNAL,TRANSFORM,LEAF,14,0
Variables,NULL,INTERNAL,INTERNAL,TRANSFORM,LEAF,14,0
whileSequenceActivity4,NULL,INTERNAL,INTERNAL,DECISION,CONTAINER,14,0
functionCalculator1,NULL,INTERNAL,INTERNAL,TRANSFORM,LEAF,14,0
getCellValue1,NULL,INTERNAL,INTERNAL,INPUT,LEAF,14,0
EmailError,NULL,INTERNAL,INTERNAL,TRANSFORM,LEAF,14,0
dateDifference1,NULL,INTERNAL,INTERNAL,TRANSFORM,LEAF,14,0
goTo1,NULL,INTERNAL,INTERNAL,TRANSFORM,LEAF,14,0
httpRequest1,NULL,INTERNAL,INTERNAL,TRANSFORM,LEAF,14,0
multiMemorySet3,NULL,INTERNAL,INTERNAL,TRANSFORM,LEAF,14,0
memorySet7,NULL,INTERNAL,INTERNAL,TRANSFORM,LEAF,14,0
memoryClean1,NULL,INTERNAL,INTERNAL,TRANSFORM,LEAF,14,0
returnValue28,NULL,INTERNAL,INTERNAL,TRANSFORM,LEAF,14,0
returnValue32,NULL,INTERNAL,INTERNAL,TRANSFORM,LEAF,14,0
returnValue38,NULL,INTERNAL,INTERNAL,TRANSFORM,LEAF,13,0
returnValue36,NULL,INTERNAL,INTERNAL,TRANSFORM,LEAF,13,0
returnValue55,NULL,INTERNAL,INTERNAL,TRANSFORM,LEAF,13,0
ReceiveJSON,NULL,INTERNAL,INTERNAL,TRANSFORM,LEAF,13,0
ReassignTask,11,ServiceNow,BUSINESS,TRANSFORM,LEAF,13,0
memoryTableUnion2,NULL,INTERNAL,INTERNAL,TRANSFORM,LEAF,13,0
ifElseBranchActivity31,NULL,INTERNAL,INTERNAL,DECISION,CONTAINER,13,0
ifElseBranchActivity32,NULL,INTERNAL,INTERNAL,DECISION,CONTAINER,13,0
ifElseBranchActivity33,NULL,INTERNAL,INTERNAL,DECISION,CONTAINER,13,0
GetTaskNumber,NULL,INTERNAL,INTERNAL,INPUT,LEAF,13,0
deleteFile1,NULL,INTERNAL,INTERNAL,TRANSFORM,LEAF,13,0
dbPassDecrypted,NULL,INTERNAL,INTERNAL,TRANSFORM,LEAF,13,0
displayValue11,NULL,INTERNAL,INTERNAL,TRANSFORM,LEAF,13,0
displayValue13,NULL,INTERNAL,INTERNAL,TRANSFORM,LEAF,13,0
excelWrite1,NULL,INTERNAL,INTERNAL,TRANSFORM,LEAF,13,0
continue2,NULL,INTERNAL,INTERNAL,TRANSFORM,LEAF,13,0
workflowCounter1,NULL,INTERNAL,INTERNAL,TRANSFORM,LEAF,13,0
vmPowerState1,NULL,INTERNAL,INTERNAL,TRANSFORM,LEAF,13,0
vmExists1,NULL,INTERNAL,INTERNAL,TRANSFORM,LEAF,13,0
userGroup17,NULL,INTERNAL,INTERNAL,TRANSFORM,LEAF,13,0
userGroup18,NULL,INTERNAL,INTERNAL,TRANSFORM,LEAF,13,0
snGetCatalogVariables1,11,ServiceNow,BUSINESS,INPUT,LEAF,13,0
TaskTable,NULL,INTERNAL,INTERNAL,TRANSFORM,LEAF,13,0
setWfVars,NULL,INTERNAL,INTERNAL,TRANSFORM,LEAF,12,0
setCellValue3,NULL,INTERNAL,INTERNAL,TRANSFORM,LEAF,12,0
createMemoryTable4,NULL,INTERNAL,INTERNAL,OUTPUT,LEAF,12,0
firstName,NULL,INTERNAL,INTERNAL,TRANSFORM,LEAF,12,0
newEvent1,NULL,INTERNAL,INTERNAL,TRANSFORM,LEAF,12,0
returnValue46,NULL,INTERNAL,INTERNAL,TRANSFORM,LEAF,12,0
returnValue34,NULL,INTERNAL,INTERNAL,TRANSFORM,LEAF,12,0
sendEmail3,NULL,INTERNAL,INTERNAL,OUTPUT,LEAF,12,0
returnValue42,NULL,INTERNAL,INTERNAL,TRANSFORM,LEAF,11,0
returnValue50,NULL,INTERNAL,INTERNAL,TRANSFORM,LEAF,11,0
returnValue57,NULL,INTERNAL,INTERNAL,TRANSFORM,LEAF,11,0
runWorkflow5,NULL,INTERNAL,INTERNAL,TRANSFORM,LEAF,11,0
parallelActivity1,NULL,INTERNAL,INTERNAL,TRANSFORM,CONTAINER,11,0
ifElseBranchActivity34,NULL,INTERNAL,INTERNAL,DECISION,CONTAINER,11,0
folderExist1,NULL,INTERNAL,INTERNAL,TRANSFORM,LEAF,11,0
getInstalledSoftware1,NULL,INTERNAL,INTERNAL,INPUT,LEAF,11,0
FilePath,NULL,INTERNAL,INTERNAL,TRANSFORM,LEAF,11,0
deleteMemoryTableColumns1,NULL,INTERNAL,INTERNAL,TRANSFORM,LEAF,11,0
serviceStatus1,NULL,INTERNAL,INTERNAL,TRANSFORM,LEAF,11,0
Success,NULL,INTERNAL,INTERNAL,TRANSFORM,LEAF,11,0
TotalUsers,NULL,INTERNAL,INTERNAL,TRANSFORM,LEAF,11,0
wait2,NULL,INTERNAL,INTERNAL,WAIT,LEAF,11,0
vCenterAppend,NULL,INTERNAL,INTERNAL,TRANSFORM,LEAF,10,0
userGroup21,NULL,INTERNAL,INTERNAL,TRANSFORM,LEAF,10,0
tsqlQuery1,NULL,INTERNAL,INTERNAL,INPUT,LEAF,10,0
terminateFTPSession1,NULL,INTERNAL,INTERNAL,TRANSFORM,LEAF,10,0
snUpdateRecord1,11,ServiceNow,BUSINESS,OUTPUT,LEAF,10,0
displayValue16,NULL,INTERNAL,INTERNAL,TRANSFORM,LEAF,10,0
displayValue12,NULL,INTERNAL,INTERNAL,TRANSFORM,LEAF,10,0
currUserRowNum,NULL,INTERNAL,INTERNAL,TRANSFORM,LEAF,10,0
currVcenterRowNum,NULL,INTERNAL,INTERNAL,TRANSFORM,LEAF,10,0
fileName,NULL,INTERNAL,INTERNAL,TRANSFORM,LEAF,10,0
currBadge,NULL,INTERNAL,INTERNAL,TRANSFORM,LEAF,10,0
CloseTask,11,ServiceNow,BUSINESS,TRANSFORM,LEAF,10,0
adListOU1,NULL,INTERNAL,INTERNAL,TRANSFORM,LEAF,10,0
adUserExists1,NULL,INTERNAL,INTERNAL,TRANSFORM,LEAF,10,0
ifElseActivity15,NULL,INTERNAL,INTERNAL,DECISION,CONTAINER,10,0
initVars,NULL,INTERNAL,INTERNAL,TRANSFORM,LEAF,10,0
memorySet8,NULL,INTERNAL,INTERNAL,TRANSFORM,LEAF,10,0
multiMemorySet4,NULL,INTERNAL,INTERNAL,TRANSFORM,LEAF,10,0
lastName,NULL,INTERNAL,INTERNAL,TRANSFORM,LEAF,10,0
runWorkflow4,NULL,INTERNAL,INTERNAL,TRANSFORM,LEAF,10,0
runWorkflow8,NULL,INTERNAL,INTERNAL,TRANSFORM,LEAF,10,0
returnValue54,NULL,INTERNAL,INTERNAL,TRANSFORM,LEAF,10,0
returnValue65,NULL,INTERNAL,INTERNAL,TRANSFORM,LEAF,10,0
returnValue40,NULL,INTERNAL,INTERNAL,TRANSFORM,LEAF,10,0
selfServiceResponse2,NULL,INTERNAL,INTERNAL,TRANSFORM,LEAF,10,0
returnValue62,NULL,INTERNAL,INTERNAL,TRANSFORM,LEAF,9,0
returnValue63,NULL,INTERNAL,INTERNAL,TRANSFORM,LEAF,9,0
returnValue56,NULL,INTERNAL,INTERNAL,TRANSFORM,LEAF,9,0
returnValue60,NULL,INTERNAL,INTERNAL,TRANSFORM,LEAF,9,0
powerShell1,NULL,INTERNAL,INTERNAL,TRANSFORM,LEAF,9,0
resolvedbPass,NULL,INTERNAL,INTERNAL,TRANSFORM,LEAF,9,0
multiMemorySet5,NULL,INTERNAL,INTERNAL,TRANSFORM,LEAF,9,0
memorySet11,NULL,INTERNAL,INTERNAL,TRANSFORM,LEAF,9,0
memorySet12,NULL,INTERNAL,INTERNAL,TRANSFORM,LEAF,9,0
ifElseBranchActivity35,NULL,INTERNAL,INTERNAL,DECISION,CONTAINER,9,0
getRowsCount3,NULL,INTERNAL,INTERNAL,INPUT,LEAF,9,0
globalQualsCount,NULL,INTERNAL,INTERNAL,TRANSFORM,LEAF,9,0
CAToken,NULL,INTERNAL,INTERNAL,TRANSFORM,LEAF,9,0
contains2,NULL,INTERNAL,INTERNAL,TRANSFORM,LEAF,9,0
exitWhile5,NULL,INTERNAL,INTERNAL,DECISION,CONTAINER,9,0
filterUserDetails,NULL,INTERNAL,INTERNAL,TRANSFORM,LEAF,9,0
currUserListRowNum,NULL,INTERNAL,INTERNAL,TRANSFORM,LEAF,9,0
currQual,NULL,INTERNAL,INTERNAL,TRANSFORM,LEAF,9,0
currQualRowNum,NULL,INTERNAL,INTERNAL,TRANSFORM,LEAF,9,0
currRowNum,NULL,INTERNAL,INTERNAL,TRANSFORM,LEAF,9,0
diskSpace1,NULL,INTERNAL,INTERNAL,TRANSFORM,LEAF,9,0
deleteFolder1,NULL,INTERNAL,INTERNAL,TRANSFORM,LEAF,9,0
dataRowCount,NULL,INTERNAL,INTERNAL,TRANSFORM,LEAF,9,0
startChildProcess,NULL,INTERNAL,INTERNAL,TRANSFORM,LEAF,9,0
startFTPSession1,NULL,INTERNAL,INTERNAL,TRANSFORM,LEAF,9,0
TESTuserDetails,NULL,INTERNAL,INTERNAL,TRANSFORM,LEAF,9,0
terminate2,NULL,INTERNAL,INTERNAL,TRANSFORM,LEAF,9,0
terminate3,NULL,INTERNAL,INTERNAL,TRANSFORM,LEAF,9,0
userJobsCount,NULL,INTERNAL,INTERNAL,TRANSFORM,LEAF,9,0
vmPowerCLI1,NULL,INTERNAL,INTERNAL,TRANSFORM,LEAF,9,0
vmName,NULL,INTERNAL,INTERNAL,TRANSFORM,LEAF,9,0
zipCompress1,NULL,INTERNAL,INTERNAL,TRANSFORM,LEAF,9,0
waitForAvailableChild,NULL,INTERNAL,INTERNAL,WAIT,LEAF,8,0
vmList1,NULL,INTERNAL,INTERNAL,TRANSFORM,LEAF,8,0
vcenterCount,NULL,INTERNAL,INTERNAL,TRANSFORM,LEAF,8,0
userGroup19,NULL,INTERNAL,INTERNAL,TRANSFORM,LEAF,8,0
tsqlStatement2,NULL,INTERNAL,INTERNAL,TRANSFORM,LEAF,8,0
today,NULL,INTERNAL,INTERNAL,TRANSFORM,LEAF,8,0
sortTable1,NULL,INTERNAL,INTERNAL,TRANSFORM,LEAF,8,0
splitSubject,NULL,INTERNAL,INTERNAL,TRANSFORM,LEAF,8,0
serviceStart1,NULL,INTERNAL,INTERNAL,TRANSFORM,LEAF,8,0
displayValue17,NULL,INTERNAL,INTERNAL,TRANSFORM,LEAF,8,0
displayValue14,NULL,INTERNAL,INTERNAL,TRANSFORM,LEAF,8,0
currServerRowNum,NULL,INTERNAL,INTERNAL,TRANSFORM,LEAF,8,0
fileCopy1,NULL,INTERNAL,INTERNAL,TRANSFORM,LEAF,8,0
Environment,NULL,INTERNAL,INTERNAL,TRANSFORM,LEAF,8,0
convertUserJobsToJSON,NULL,INTERNAL,INTERNAL,TRANSFORM,LEAF,8,0
cleanTable1,NULL,INTERNAL,INTERNAL,TRANSFORM,LEAF,8,0
createUserJobsTable,NULL,INTERNAL,INTERNAL,OUTPUT,LEAF,8,0
checkAvailChildWorkflows,NULL,INTERNAL,INTERNAL,TRANSFORM,LEAF,8,0
attachmentList1,NULL,INTERNAL,INTERNAL,TRANSFORM,LEAF,8,0
addMemoryTableRow2,NULL,INTERNAL,INTERNAL,TRANSFORM,LEAF,8,0
goTocheckAvailChildWorkflows,NULL,INTERNAL,INTERNAL,TRANSFORM,LEAF,8,0
ifElseBranchActivity36,NULL,INTERNAL,INTERNAL,DECISION,CONTAINER,8,0
memorySet10,NULL,INTERNAL,INTERNAL,TRANSFORM,LEAF,8,0
memorySet9,NULL,INTERNAL,INTERNAL,TRANSFORM,LEAF,8,0
multiMemorySet6,NULL,INTERNAL,INTERNAL,TRANSFORM,LEAF,8,0
newChildProc,NULL,INTERNAL,INTERNAL,TRANSFORM,LEAF,8,0
iterationDone,NULL,INTERNAL,INTERNAL,TRANSFORM,LEAF,8,0
returnValue64,NULL,INTERNAL,INTERNAL,TRANSFORM,LEAF,8,0
returnValue44,NULL,INTERNAL,INTERNAL,TRANSFORM,LEAF,8,0
returnValue52,NULL,INTERNAL,INTERNAL,TRANSFORM,LEAF,8,0
returnValue48,NULL,INTERNAL,INTERNAL,TRANSFORM,LEAF,8,0
returnValue59,NULL,INTERNAL,INTERNAL,TRANSFORM,LEAF,8,0
rightNow,NULL,INTERNAL,INTERNAL,TRANSFORM,LEAF,8,0
runWorkflow6,NULL,INTERNAL,INTERNAL,TRANSFORM,LEAF,8,0
runWorkflow7,NULL,INTERNAL,INTERNAL,TRANSFORM,LEAF,8,0
runAiQuery,NULL,INTERNAL,INTERNAL,INPUT,LEAF,7,0
returnValue67,NULL,INTERNAL,INTERNAL,TRANSFORM,LEAF,7,0
returnValue61,NULL,INTERNAL,INTERNAL,TRANSFORM,LEAF,7,0
selfServiceResponse3,NULL,INTERNAL,INTERNAL,TRANSFORM,LEAF,7,0
SendReport,NULL,INTERNAL,INTERNAL,OUTPUT,LEAF,7,0
serverRestart1,NULL,INTERNAL,INTERNAL,TRANSFORM,LEAF,7,0
replaceString4,NULL,INTERNAL,INTERNAL,TRANSFORM,LEAF,7,0
OutputVCenter,NULL,INTERNAL,INTERNAL,TRANSFORM,LEAF,7,0
insertNewRankInfo,NULL,INTERNAL,INTERNAL,TRANSFORM,LEAF,7,0
MyScannedFiles,NULL,INTERNAL,INTERNAL,TRANSFORM,LEAF,7,0
memorySet14,NULL,INTERNAL,INTERNAL,TRANSFORM,LEAF,7,0
matchRegularExpression1,NULL,INTERNAL,INTERNAL,TRANSFORM,LEAF,7,0
memoryTableUnion3,NULL,INTERNAL,INTERNAL,TRANSFORM,LEAF,7,0
ifElseBranchActivity37,NULL,INTERNAL,INTERNAL,DECISION,CONTAINER,7,0
ifElseBranchActivity38,NULL,INTERNAL,INTERNAL,DECISION,CONTAINER,7,0
ifElseBranchActivity39,NULL,INTERNAL,INTERNAL,DECISION,CONTAINER,7,0
ifElseBranchActivity40,NULL,INTERNAL,INTERNAL,DECISION,CONTAINER,7,0
ifElseBranchActivity41,NULL,INTERNAL,INTERNAL,DECISION,CONTAINER,7,0
ifElseActivity16,NULL,INTERNAL,INTERNAL,DECISION,CONTAINER,7,0
goToChildWfCount,NULL,INTERNAL,INTERNAL,TRANSFORM,LEAF,7,0
getWindowEventLogs1,NULL,INTERNAL,INTERNAL,INPUT,LEAF,7,0
AddRjfVm,NULL,INTERNAL,INTERNAL,TRANSFORM,LEAF,7,0
buildContext,NULL,INTERNAL,INTERNAL,TRANSFORM,LEAF,7,0
CARequestToken,NULL,INTERNAL,INTERNAL,TRANSFORM,LEAF,7,0
buildPrompt,NULL,INTERNAL,INTERNAL,TRANSFORM,LEAF,7,0
currAdGroupList,NULL,INTERNAL,INTERNAL,TRANSFORM,LEAF,7,0
childWfCount,NULL,INTERNAL,INTERNAL,TRANSFORM,LEAF,7,0
fileExist1,NULL,INTERNAL,INTERNAL,TRANSFORM,LEAF,7,0
currRow,NULL,INTERNAL,INTERNAL,TRANSFORM,LEAF,7,0
currRank,NULL,INTERNAL,INTERNAL,TRANSFORM,LEAF,7,0
currUserDetailsCount,NULL,INTERNAL,INTERNAL,TRANSFORM,LEAF,7,0
currEmpNum,NULL,INTERNAL,INTERNAL,TRANSFORM,LEAF,7,0
displayValue15,NULL,INTERNAL,INTERNAL,TRANSFORM,LEAF,7,0
setCellValue4,NULL,INTERNAL,INTERNAL,TRANSFORM,LEAF,7,0
setDbServer,NULL,INTERNAL,INTERNAL,TRANSFORM,LEAF,7,0
setUserDetails,NULL,INTERNAL,INTERNAL,TRANSFORM,LEAF,7,0
snUpdateRecord3,11,ServiceNow,BUSINESS,OUTPUT,LEAF,7,0
StartCA_XMLSession,NULL,INTERNAL,INTERNAL,TRANSFORM,LEAF,7,0
startCiscoSession1,NULL,INTERNAL,INTERNAL,TRANSFORM,LEAF,7,0
terminateCiscoSession1,NULL,INTERNAL,INTERNAL,TRANSFORM,LEAF,7,0
SuccessOutput,NULL,INTERNAL,INTERNAL,TRANSFORM,LEAF,7,0
UserDetails,NULL,INTERNAL,INTERNAL,TRANSFORM,LEAF,7,0
userDetailsClean,NULL,INTERNAL,INTERNAL,TRANSFORM,LEAF,7,0
userDetailsRaw,NULL,INTERNAL,INTERNAL,TRANSFORM,LEAF,7,0
vmPowerOff1,NULL,INTERNAL,INTERNAL,TRANSFORM,LEAF,7,0
vmExistsError,NULL,INTERNAL,INTERNAL,TRANSFORM,LEAF,7,0
wfUsername,NULL,INTERNAL,INTERNAL,TRANSFORM,LEAF,7,0
workerData,NULL,INTERNAL,INTERNAL,TRANSFORM,LEAF,7,0
workerStartTime,NULL,INTERNAL,INTERNAL,TRANSFORM,LEAF,7,0
whileSequenceActivity5,NULL,INTERNAL,INTERNAL,DECISION,CONTAINER,7,0
workerDataJson,NULL,INTERNAL,INTERNAL,TRANSFORM,LEAF,6,0
yesterday,NULL,INTERNAL,INTERNAL,TRANSFORM,LEAF,6,0
xmlEvaluateXpathExpression1,NULL,INTERNAL,INTERNAL,TRANSFORM,LEAF,6,0
vmServerName,NULL,INTERNAL,INTERNAL,TRANSFORM,LEAF,6,0
vCenter,NULL,INTERNAL,INTERNAL,TRANSFORM,LEAF,6,0
vCenterLocation,NULL,INTERNAL,INTERNAL,TRANSFORM,LEAF,6,0
vCenterName,NULL,INTERNAL,INTERNAL,TRANSFORM,LEAF,6,0
updateUserRank,NULL,INTERNAL,INTERNAL,OUTPUT,LEAF,6,0
userGroup22,NULL,INTERNAL,INTERNAL,TRANSFORM,LEAF,6,0
userGroup20,NULL,INTERNAL,INTERNAL,TRANSFORM,LEAF,6,0
terminateWorkflow4,NULL,INTERNAL,INTERNAL,TRANSFORM,LEAF,6,0
terminateWorkflow5,NULL,INTERNAL,INTERNAL,TRANSFORM,LEAF,6,0
TotalServers,NULL,INTERNAL,INTERNAL,TRANSFORM,LEAF,6,0
snUpdateRecord2,11,ServiceNow,BUSINESS,OUTPUT,LEAF,6,0
snUpdateRecord2,22,INTERNAL,OTHER,OUTPUT,LEAF,6,1
snUpdateRecord1,22,INTERNAL,OTHER,OUTPUT,LEAF,6,1
snoWupdateCatalogVariable1,NULL,INTERNAL,INTERNAL,OUTPUT,LEAF,6,0
setNumberOfWorkers,NULL,INTERNAL,INTERNAL,TRANSFORM,LEAF,6,0
setDb,NULL,INTERNAL,INTERNAL,TRANSFORM,LEAF,6,0
setCellValue5,NULL,INTERNAL,INTERNAL,TRANSFORM,LEAF,6,0
setHomeFolderPerms,NULL,INTERNAL,INTERNAL,TRANSFORM,LEAF,6,0
displayValue18,NULL,INTERNAL,INTERNAL,TRANSFORM,LEAF,6,0
displayMultiValue2,NULL,INTERNAL,INTERNAL,TRANSFORM,LEAF,6,0
displayNoRankChange,NULL,INTERNAL,INTERNAL,TRANSFORM,LEAF,6,0
displayNoUsers,NULL,INTERNAL,INTERNAL,TRANSFORM,LEAF,6,0
deleteMemoryTableRows3,NULL,INTERNAL,INTERNAL,TRANSFORM,LEAF,6,0
currGroupName,NULL,INTERNAL,INTERNAL,TRANSFORM,LEAF,6,0
currFileName,NULL,INTERNAL,INTERNAL,TRANSFORM,LEAF,6,0
currVcenterHost,NULL,INTERNAL,INTERNAL,TRANSFORM,LEAF,6,0
folderCopy1,NULL,INTERNAL,INTERNAL,TRANSFORM,LEAF,6,0
getCellValue2,NULL,INTERNAL,INTERNAL,INPUT,LEAF,6,0
ftpGetFile1,NULL,INTERNAL,INTERNAL,INPUT,LEAF,6,0
getOpenIncidents1,NULL,INTERNAL,INTERNAL,INPUT,LEAF,6,0
getOperatingSystem1,NULL,INTERNAL,INTERNAL,INPUT,LEAF,6,0
clearNewRank,NULL,INTERNAL,INTERNAL,TRANSFORM,LEAF,6,0
clearOldRank,NULL,INTERNAL,INTERNAL,TRANSFORM,LEAF,6,0
convertToDBStatement1,NULL,INTERNAL,INTERNAL,TRANSFORM,LEAF,6,0
createMemoryTable5,NULL,INTERNAL,INTERNAL,OUTPUT,LEAF,6,0
createMemoryTable6,NULL,INTERNAL,INTERNAL,OUTPUT,LEAF,6,0
cpu1,NULL,INTERNAL,INTERNAL,TRANSFORM,LEAF,6,0
addNewRankJobsToUserJobs,NULL,INTERNAL,INTERNAL,TRANSFORM,LEAF,6,0
getStartTime,NULL,INTERNAL,INTERNAL,INPUT,LEAF,6,0
ifElseActivity17,NULL,INTERNAL,INTERNAL,DECISION,CONTAINER,6,0
memoryTableUnion4,NULL,INTERNAL,INTERNAL,TRANSFORM,LEAF,6,0
memorySet13,NULL,INTERNAL,INTERNAL,TRANSFORM,LEAF,6,0
memory1,NULL,INTERNAL,INTERNAL,TRANSFORM,LEAF,6,0
memorySet15,NULL,INTERNAL,INTERNAL,TRANSFORM,LEAF,6,0
msWfResult,NULL,INTERNAL,INTERNAL,TRANSFORM,LEAF,6,0
myData,NULL,INTERNAL,INTERNAL,TRANSFORM,LEAF,6,0
ipAddress,NULL,INTERNAL,INTERNAL,TRANSFORM,LEAF,6,0
jsonToTable2,NULL,INTERNAL,INTERNAL,TRANSFORM,LEAF,6,0
location,NULL,INTERNAL,INTERNAL,TRANSFORM,LEAF,6,0
powerShellScript1,NULL,INTERNAL,INTERNAL,TRANSFORM,LEAF,6,0
processList1,NULL,INTERNAL,INTERNAL,TRANSFORM,LEAF,6,0
qryWfUser,NULL,INTERNAL,INTERNAL,TRANSFORM,LEAF,6,0
oldRank,NULL,INTERNAL,INTERNAL,TRANSFORM,LEAF,6,0
noPreviousRankFound,NULL,INTERNAL,INTERNAL,TRANSFORM,LEAF,6,0
oldRankInfo,NULL,INTERNAL,INTERNAL,TRANSFORM,LEAF,6,0
replaceString3,NULL,INTERNAL,INTERNAL,TRANSFORM,LEAF,6,0
renameMemoryTableColumn1,NULL,INTERNAL,INTERNAL,TRANSFORM,LEAF,6,0
SERVER_DOWN,NULL,INTERNAL,INTERNAL,TRANSFORM,LEAF,6,0
SERVER_UP,NULL,INTERNAL,INTERNAL,TRANSFORM,LEAF,6,0
serverCount,NULL,INTERNAL,INTERNAL,TRANSFORM,LEAF,6,0
sendSMS1,NULL,INTERNAL,INTERNAL,OUTPUT,LEAF,6,0
session,NULL,INTERNAL,INTERNAL,TRANSFORM,LEAF,6,0
runAddUserToWfUserTable,NULL,INTERNAL,INTERNAL,TRANSFORM,LEAF,6,0
runWorkflow9,NULL,INTERNAL,INTERNAL,TRANSFORM,LEAF,5,0
returnValue58,NULL,INTERNAL,INTERNAL,TRANSFORM,LEAF,5,0
returnValue70,NULL,INTERNAL,INTERNAL,TRANSFORM,LEAF,5,0
returnValue71,NULL,INTERNAL,INTERNAL,TRANSFORM,LEAF,5,0
returnValue79,NULL,INTERNAL,INTERNAL,TRANSFORM,LEAF,5,0
selfServiceResponse4,NULL,INTERNAL,INTERNAL,TRANSFORM,LEAF,5,0
sd_group_monitoring,NULL,INTERNAL,INTERNAL,TRANSFORM,LEAF,5,0
selectExecutorUser,NULL,INTERNAL,INTERNAL,TRANSFORM,LEAF,5,0
server_name,NULL,INTERNAL,INTERNAL,TRANSFORM,LEAF,5,0
server_role,NULL,INTERNAL,INTERNAL,TRANSFORM,LEAF,5,0
sequenceActivity3,NULL,INTERNAL,INTERNAL,TRANSFORM,LEAF,5,0
readCSV1,NULL,INTERNAL,INTERNAL,TRANSFORM,LEAF,5,0
readXLS2,NULL,INTERNAL,INTERNAL,TRANSFORM,LEAF,5,0
oldAdGroupList,NULL,INTERNAL,INTERNAL,TRANSFORM,LEAF,5,0
oldRankCount,NULL,INTERNAL,INTERNAL,TRANSFORM,LEAF,5,0
pingAddress,NULL,INTERNAL,INTERNAL,TRANSFORM,LEAF,5,0
length1,NULL,INTERNAL,INTERNAL,TRANSFORM,LEAF,5,0
jiraTicketCount,NULL,INTERNAL,INTERNAL,TRANSFORM,LEAF,5,0
isNumeric1,NULL,INTERNAL,INTERNAL,TRANSFORM,LEAF,5,0
NetBackupToken,NULL,INTERNAL,INTERNAL,TRANSFORM,LEAF,5,0
NetBackupRequestToken,NULL,INTERNAL,INTERNAL,TRANSFORM,LEAF,5,0
maint_window,NULL,INTERNAL,INTERNAL,TRANSFORM,LEAF,5,0
ifElseActivity18,NULL,INTERNAL,INTERNAL,DECISION,CONTAINER,5,0
ifElseBranchActivity58,NULL,INTERNAL,INTERNAL,DECISION,CONTAINER,5,0
getSubscriptions,NULL,INTERNAL,INTERNAL,INPUT,LEAF,5,0
getUserInfo,NULL,INTERNAL,INTERNAL,INPUT,LEAF,5,0
getUserPassResults,NULL,INTERNAL,INTERNAL,INPUT,LEAF,5,0
GetUsers,NULL,INTERNAL,INTERNAL,INPUT,LEAF,5,0
groupsCount,NULL,INTERNAL,INTERNAL,TRANSFORM,LEAF,5,0
addOldRankJobsToUserJobs,NULL,INTERNAL,INTERNAL,TRANSFORM,LEAF,5,0
addTechNote,NULL,INTERNAL,INTERNAL,TRANSFORM,LEAF,5,0
addRowToTable,NULL,INTERNAL,INTERNAL,TRANSFORM,LEAF,5,0
adUnlockAccount1,NULL,INTERNAL,INTERNAL,TRANSFORM,LEAF,5,0
buildNewRankUserJobs,NULL,INTERNAL,INTERNAL,TRANSFORM,LEAF,5,0
buildOldRankUserJobs,NULL,INTERNAL,INTERNAL,TRANSFORM,LEAF,5,0
Check_Result,NULL,INTERNAL,INTERNAL,TRANSFORM,LEAF,5,0
attachmentCount,NULL,INTERNAL,INTERNAL,TRANSFORM,LEAF,5,0
createReport,NULL,INTERNAL,INTERNAL,OUTPUT,LEAF,5,0
createResultTable,NULL,INTERNAL,INTERNAL,OUTPUT,LEAF,5,0
convertPasswordToPlaintext1,NULL,INTERNAL,INTERNAL,TRANSFORM,LEAF,5,0
clearOldAdGroupList,NULL,INTERNAL,INTERNAL,TRANSFORM,LEAF,5,0
CloseTaskUpdateError,NULL,INTERNAL,INTERNAL,OUTPUT,LEAF,5,0
CheckPSversion,NULL,INTERNAL,INTERNAL,TRANSFORM,LEAF,5,0
getEvidenceAuthToken,NULL,INTERNAL,INTERNAL,INPUT,LEAF,5,0
getFileName,NULL,INTERNAL,INTERNAL,INPUT,LEAF,5,0
GetHostName,NULL,INTERNAL,INTERNAL,INPUT,LEAF,5,0
ftpListFolder1,NULL,INTERNAL,INTERNAL,TRANSFORM,LEAF,5,0
ftpDeleteFile1,NULL,INTERNAL,INTERNAL,TRANSFORM,LEAF,5,0
functionCalculator2,NULL,INTERNAL,INTERNAL,TRANSFORM,LEAF,5,0
getColumns1,NULL,INTERNAL,INTERNAL,INPUT,LEAF,5,0
folderList2,NULL,INTERNAL,INTERNAL,TRANSFORM,LEAF,5,0
existingjiraAttachments,NULL,INTERNAL,INTERNAL,TRANSFORM,LEAF,5,0
existingJiraComments,NULL,INTERNAL,INTERNAL,TRANSFORM,LEAF,5,0
filterAiPlatform,NULL,INTERNAL,INTERNAL,TRANSFORM,LEAF,5,0
existingJiraCommentsJSON,NULL,INTERNAL,INTERNAL,TRANSFORM,LEAF,5,0
existingJiraCommentsJSONSession,NULL,INTERNAL,INTERNAL,TRANSFORM,LEAF,5,0
displayUserJobs,NULL,INTERNAL,INTERNAL,TRANSFORM,LEAF,5,0
currTicketNum,NULL,INTERNAL,INTERNAL,TRANSFORM,LEAF,5,0
currVmRowNum,NULL,INTERNAL,INTERNAL,TRANSFORM,LEAF,5,0
displayValue20,NULL,INTERNAL,INTERNAL,TRANSFORM,LEAF,5,0
displayValue21,NULL,INTERNAL,INTERNAL,TRANSFORM,LEAF,5,0
displayValue22,NULL,INTERNAL,INTERNAL,TRANSFORM,LEAF,5,0
setIncidentTicketID1,NULL,INTERNAL,INTERNAL,TRANSFORM,LEAF,5,0
setCellValue6,NULL,INTERNAL,INTERNAL,TRANSFORM,LEAF,5,0
setAiResults,NULL,INTERNAL,INTERNAL,TRANSFORM,LEAF,5,0
setAuthToken,NULL,INTERNAL,INTERNAL,TRANSFORM,LEAF,5,0
SetServerName,NULL,INTERNAL,INTERNAL,TRANSFORM,LEAF,5,0
SolarwindServerLocation,NULL,INTERNAL,INTERNAL,TRANSFORM,LEAF,5,0
Status,NULL,INTERNAL,INTERNAL,TRANSFORM,LEAF,5,0
TESTMemoryTable1,NULL,INTERNAL,INTERNAL,TRANSFORM,LEAF,5,0
ticketCount,NULL,INTERNAL,INTERNAL,TRANSFORM,LEAF,5,0
TokenNetBackupJSON,NULL,INTERNAL,INTERNAL,TRANSFORM,LEAF,5,0
userGroup42,NULL,INTERNAL,INTERNAL,TRANSFORM,LEAF,5,0
urlCheck1,NULL,INTERNAL,INTERNAL,TRANSFORM,LEAF,5,0
vmPowerOn1,NULL,INTERNAL,INTERNAL,TRANSFORM,LEAF,5,0
workflowCount,NULL,INTERNAL,INTERNAL,TRANSFORM,LEAF,5,0
wait60,NULL,INTERNAL,INTERNAL,WAIT,LEAF,5,0
WaitForRestart,NULL,INTERNAL,INTERNAL,WAIT,LEAF,4,0
waitForBranchesToComplete,NULL,INTERNAL,INTERNAL,WAIT,LEAF,4,0
waitSeconds15,NULL,INTERNAL,INTERNAL,WAIT,LEAF,4,0
WaitToGetServices,NULL,INTERNAL,INTERNAL,INPUT,LEAF,4,0
workerDateDifference,NULL,INTERNAL,INTERNAL,TRANSFORM,LEAF,4,0
writeCSV1,NULL,INTERNAL,INTERNAL,TRANSFORM,LEAF,4,0
xmlDataCount,NULL,INTERNAL,INTERNAL,TRANSFORM,LEAF,4,0
xmlDeleteNodebyXpath1,NULL,INTERNAL,INTERNAL,TRANSFORM,LEAF,4,0
xmlElementstoTable1,NULL,INTERNAL,INTERNAL,TRANSFORM,LEAF,4,0
userJobs,NULL,INTERNAL,INTERNAL,TRANSFORM,LEAF,4,0
userGroupList,NULL,INTERNAL,INTERNAL,TRANSFORM,LEAF,4,0
userGroupMemberCount,NULL,INTERNAL,INTERNAL,TRANSFORM,LEAF,4,0
UserJobsSession,NULL,INTERNAL,INTERNAL,TRANSFORM,LEAF,4,0
userList,NULL,INTERNAL,INTERNAL,TRANSFORM,LEAF,4,0
userCount,NULL,INTERNAL,INTERNAL,TRANSFORM,LEAF,4,0
updateVcenterCredVars,NULL,INTERNAL,INTERNAL,OUTPUT,LEAF,4,0
userGroup28,NULL,INTERNAL,INTERNAL,TRANSFORM,LEAF,4,0
userGroup35,NULL,INTERNAL,INTERNAL,TRANSFORM,LEAF,4,0
userGroup24,NULL,INTERNAL,INTERNAL,TRANSFORM,LEAF,4,0
updateLastRun,NULL,INTERNAL,INTERNAL,OUTPUT,LEAF,4,0
updateGlobalTimestampAndStop,NULL,INTERNAL,INTERNAL,OUTPUT,LEAF,4,0
ticketDescription,NULL,INTERNAL,INTERNAL,TRANSFORM,LEAF,4,0
tsqlStatement3,NULL,INTERNAL,INTERNAL,TRANSFORM,LEAF,4,0
uDrive,NULL,INTERNAL,INTERNAL,TRANSFORM,LEAF,4,0
terminateWorkflow6,NULL,INTERNAL,INTERNAL,TRANSFORM,LEAF,4,0
terminateBranch1,NULL,INTERNAL,INTERNAL,TRANSFORM,LEAF,4,0
systemUptime1,NULL,INTERNAL,INTERNAL,TRANSFORM,LEAF,4,0
taskInfo,37,ServiceNow,BUSINESS,TRANSFORM,LEAF,4,0
startXMLSession2,NULL,INTERNAL,INTERNAL,TRANSFORM,LEAF,4,0
startJsonSession2,NULL,INTERNAL,INTERNAL,TRANSFORM,LEAF,4,0
StartJSON,NULL,INTERNAL,INTERNAL,TRANSFORM,LEAF,4,0
ss_assigned_ip,NULL,INTERNAL,INTERNAL,TRANSFORM,LEAF,4,0
ss_gateway,NULL,INTERNAL,INTERNAL,TRANSFORM,LEAF,4,0
ss_subnet,NULL,INTERNAL,INTERNAL,TRANSFORM,LEAF,4,0
ss_vlan,NULL,INTERNAL,INTERNAL,TRANSFORM,LEAF,4,0
snUpdateRecord3,22,INTERNAL,OTHER,OUTPUT,LEAF,4,1
snUploadAttachmentStandalone1,NULL,INTERNAL,INTERNAL,TRANSFORM,LEAF,4,0
snUpdateRecord2,NULL,INTERNAL,INTERNAL,OUTPUT,LEAF,4,0
snUpdateRecord1,37,ServiceNow,BUSINESS,OUTPUT,LEAF,4,0
setSelectedGroup,NULL,INTERNAL,INTERNAL,TRANSFORM,LEAF,4,0
setScannedFolderPerms,NULL,INTERNAL,INTERNAL,TRANSFORM,LEAF,4,0
setProfileFolderPerms,NULL,INTERNAL,INTERNAL,TRANSFORM,LEAF,4,0
setProfileFolderPermsPS,NULL,INTERNAL,INTERNAL,TRANSFORM,LEAF,4,0
setServiceStartUpType1,NULL,INTERNAL,INTERNAL,TRANSFORM,LEAF,4,0
SetStatusFailedServices,NULL,INTERNAL,INTERNAL,TRANSFORM,LEAF,4,0
SetStatusNoUpdates,NULL,INTERNAL,INTERNAL,OUTPUT,LEAF,4,0
singleSSHCommand1,NULL,INTERNAL,INTERNAL,TRANSFORM,LEAF,4,0
serviceStop1,NULL,INTERNAL,INTERNAL,TRANSFORM,LEAF,4,0
serviceList1,NULL,INTERNAL,INTERNAL,TRANSFORM,LEAF,4,0
setBranchCompleted1,NULL,INTERNAL,INTERNAL,TRANSFORM,LEAF,4,0
setBranchCompleted2,NULL,INTERNAL,INTERNAL,TRANSFORM,LEAF,4,0
setDescription,NULL,INTERNAL,INTERNAL,TRANSFORM,LEAF,4,0
setFilterDate,NULL,INTERNAL,INTERNAL,TRANSFORM,LEAF,4,0
setHomeFolderPermsPS,NULL,INTERNAL,INTERNAL,TRANSFORM,LEAF,4,0
setFieldSubErrors,NULL,INTERNAL,INTERNAL,TRANSFORM,LEAF,4,0
setMyScannedFilesFolderPerms,NULL,INTERNAL,INTERNAL,TRANSFORM,LEAF,4,0
SetNotesFailedServices,NULL,INTERNAL,INTERNAL,TRANSFORM,LEAF,4,0
domainVMExist,NULL,INTERNAL,INTERNAL,TRANSFORM,LEAF,4,0
displayResults,NULL,INTERNAL,INTERNAL,TRANSFORM,LEAF,4,0
displaySelectedGroup,NULL,INTERNAL,INTERNAL,TRANSFORM,LEAF,4,0
displayNoGroupSelected,NULL,INTERNAL,INTERNAL,TRANSFORM,LEAF,4,0
device_type,NULL,INTERNAL,INTERNAL,TRANSFORM,LEAF,4,0
currWfRowNum,NULL,INTERNAL,INTERNAL,TRANSFORM,LEAF,4,0
DataStore,NULL,INTERNAL,INTERNAL,TRANSFORM,LEAF,4,0
DateCreation,NULL,INTERNAL,INTERNAL,TRANSFORM,LEAF,4,0
currStatus,NULL,INTERNAL,INTERNAL,TRANSFORM,LEAF,4,0
currUserGroupRowNum,NULL,INTERNAL,INTERNAL,TRANSFORM,LEAF,4,0
currUserJobRowNum,NULL,INTERNAL,INTERNAL,TRANSFORM,LEAF,4,0
currName,NULL,INTERNAL,INTERNAL,TRANSFORM,LEAF,4,0
currNewGroupRowNum,NULL,INTERNAL,INTERNAL,TRANSFORM,LEAF,4,0
currOs,NULL,INTERNAL,INTERNAL,TRANSFORM,LEAF,4,0
currServerName,NULL,INTERNAL,INTERNAL,TRANSFORM,LEAF,4,0
currSiteRowNum,NULL,INTERNAL,INTERNAL,TRANSFORM,LEAF,4,0
currIncomingVar,NULL,INTERNAL,INTERNAL,TRANSFORM,LEAF,4,0
currIsRequired,NULL,INTERNAL,INTERNAL,TRANSFORM,LEAF,4,0
currFieldsRowNum,NULL,INTERNAL,INTERNAL,TRANSFORM,LEAF,4,0
currFieldType,NULL,INTERNAL,INTERNAL,TRANSFORM,LEAF,4,0
currFileRowNum,NULL,INTERNAL,INTERNAL,TRANSFORM,LEAF,4,0
displayXMLSession2,NULL,INTERNAL,INTERNAL,TRANSFORM,LEAF,4,0
ESXName,NULL,INTERNAL,INTERNAL,TRANSFORM,LEAF,4,0
fileListing,NULL,INTERNAL,INTERNAL,TRANSFORM,LEAF,4,0
fileMove1,NULL,INTERNAL,INTERNAL,TRANSFORM,LEAF,4,0
fileSize1,NULL,INTERNAL,INTERNAL,TRANSFORM,LEAF,4,0
Extension,NULL,INTERNAL,INTERNAL,TRANSFORM,LEAF,4,0
fileComplete,NULL,INTERNAL,INTERNAL,TRANSFORM,LEAF,4,0
fieldsCount,NULL,INTERNAL,INTERNAL,TRANSFORM,LEAF,4,0
folderCreate2,NULL,INTERNAL,INTERNAL,OUTPUT,LEAF,4,0
getAddressFromRow,NULL,INTERNAL,INTERNAL,INPUT,LEAF,4,0
getIncidentTicketID1,NULL,INTERNAL,INTERNAL,INPUT,LEAF,4,0
GetListofServers,NULL,INTERNAL,INTERNAL,INPUT,LEAF,4,0
CheckRunningServices,NULL,INTERNAL,INTERNAL,TRANSFORM,LEAF,4,0
CloseTaskError,NULL,INTERNAL,INTERNAL,TRANSFORM,LEAF,4,0
closeIncident1,NULL,INTERNAL,INTERNAL,TRANSFORM,LEAF,4,0
containsSingleQuote,NULL,INTERNAL,INTERNAL,TRANSFORM,LEAF,4,0
ConvertTableToText,NULL,INTERNAL,INTERNAL,TRANSFORM,LEAF,4,0
confirmInstall,NULL,INTERNAL,INTERNAL,TRANSFORM,LEAF,4,0
conditionalWait1,NULL,INTERNAL,INTERNAL,WAIT,LEAF,4,0
createSummaryTable,NULL,INTERNAL,INTERNAL,OUTPUT,LEAF,4,0
createvCenterMemoryTable,NULL,INTERNAL,INTERNAL,OUTPUT,LEAF,4,0
currAction,NULL,INTERNAL,INTERNAL,TRANSFORM,LEAF,4,0
CountFailedServices,NULL,INTERNAL,INTERNAL,TRANSFORM,LEAF,4,0
countAddressRows,NULL,INTERNAL,INTERNAL,TRANSFORM,LEAF,4,0
createOutputTable,NULL,INTERNAL,INTERNAL,OUTPUT,LEAF,4,0
CHECK_SERVER_STATUS,NULL,INTERNAL,INTERNAL,TRANSFORM,LEAF,4,0
buildFailAddSqlInsert,NULL,INTERNAL,INTERNAL,TRANSFORM,LEAF,4,0
buildFailRemoveSqlInsert,NULL,INTERNAL,INTERNAL,TRANSFORM,LEAF,4,0
buildFieldsInfo,NULL,INTERNAL,INTERNAL,TRANSFORM,LEAF,4,0
buildSqlPrefix,NULL,INTERNAL,INTERNAL,TRANSFORM,LEAF,4,0
buildSuccessRemoveSqlInsert,NULL,INTERNAL,INTERNAL,TRANSFORM,LEAF,4,0
adSetProperty1,NULL,INTERNAL,INTERNAL,TRANSFORM,LEAF,4,0
adPassExpDaysLeft1,NULL,INTERNAL,INTERNAL,TRANSFORM,LEAF,4,0
adPasswordReset1,NULL,INTERNAL,INTERNAL,TRANSFORM,LEAF,4,0
adldapQuery1,NULL,INTERNAL,INTERNAL,INPUT,LEAF,4,0
addUserJobsActionAdd,NULL,INTERNAL,INTERNAL,TRANSFORM,LEAF,4,0
addUserJobsGroupAdd,NULL,INTERNAL,INTERNAL,TRANSFORM,LEAF,4,0
addUserJobsRowAdd,NULL,INTERNAL,INTERNAL,TRANSFORM,LEAF,4,0
addUserToGroup,NULL,INTERNAL,INTERNAL,TRANSFORM,LEAF,4,0
app_name,NULL,INTERNAL,INTERNAL,TRANSFORM,LEAF,4,0
ApprovalStatus,NULL,INTERNAL,INTERNAL,TRANSFORM,LEAF,4,0
addMemoryTableColumn1,NULL,INTERNAL,INTERNAL,TRANSFORM,LEAF,4,0
addBadgeToGroup,NULL,INTERNAL,INTERNAL,INPUT,LEAF,4,0
goToDisplaySelectedGroup,NULL,INTERNAL,INTERNAL,TRANSFORM,LEAF,4,0
getWorkflowXml,NULL,INTERNAL,INTERNAL,INPUT,LEAF,4,0
ifElseBranchActivity59,NULL,INTERNAL,INTERNAL,DECISION,CONTAINER,4,0
ifElseBranchActivity56,NULL,INTERNAL,INTERNAL,DECISION,CONTAINER,4,0
ifElseBranchActivity57,NULL,INTERNAL,INTERNAL,DECISION,CONTAINER,4,0
ifElseBranchActivity60,NULL,INTERNAL,INTERNAL,DECISION,CONTAINER,4,0
ifElseBranchActivity61,NULL,INTERNAL,INTERNAL,DECISION,CONTAINER,4,0
ifElseBranchActivity62,NULL,INTERNAL,INTERNAL,DECISION,CONTAINER,4,0
ifElseBranchActivity42,NULL,INTERNAL,INTERNAL,DECISION,CONTAINER,4,0
ifElseActivity19,NULL,INTERNAL,INTERNAL,DECISION,CONTAINER,4,0
ifElseActivity20,NULL,INTERNAL,INTERNAL,DECISION,CONTAINER,4,0
ifElseBranchActivity65,NULL,INTERNAL,INTERNAL,DECISION,CONTAINER,4,0
loopThroughAddresses,NULL,INTERNAL,INTERNAL,TRANSFORM,LEAF,4,0
matchContractUser,NULL,INTERNAL,INTERNAL,TRANSFORM,LEAF,4,0
memoryTableComparison1,NULL,INTERNAL,INTERNAL,TRANSFORM,LEAF,4,0
msWfFailResult,NULL,INTERNAL,INTERNAL,TRANSFORM,LEAF,4,0
NetPolicyName,NULL,INTERNAL,INTERNAL,TRANSFORM,LEAF,4,0
NetGetPolicies,NULL,INTERNAL,INTERNAL,INPUT,LEAF,4,0
newIncident1,NULL,INTERNAL,INTERNAL,TRANSFORM,LEAF,4,0
multiMemorySet17,NULL,INTERNAL,INTERNAL,TRANSFORM,LEAF,4,0
multiMemorySet19,NULL,INTERNAL,INTERNAL,TRANSFORM,LEAF,4,0
isEmpty1,NULL,INTERNAL,INTERNAL,TRANSFORM,LEAF,4,0
jiraTicketStatus,NULL,INTERNAL,INTERNAL,TRANSFORM,LEAF,4,0
jsoNtoTableAdvanced1,NULL,INTERNAL,INTERNAL,TRANSFORM,LEAF,4,0
lengthSelectedUserGroup,NULL,INTERNAL,INTERNAL,TRANSFORM,LEAF,4,0
powerShell2,NULL,INTERNAL,INTERNAL,TRANSFORM,LEAF,4,0
ol_dl_app_admin_team,NULL,INTERNAL,INTERNAL,TRANSFORM,LEAF,4,0
preprod_build,NULL,INTERNAL,INTERNAL,TRANSFORM,LEAF,4,0
op_sys_windows,NULL,INTERNAL,INTERNAL,TRANSFORM,LEAF,4,0
qryExistingIncidents,NULL,INTERNAL,INTERNAL,TRANSFORM,LEAF,4,0
readAddressesXls,NULL,INTERNAL,INTERNAL,TRANSFORM,LEAF,4,0
removeBadgeFromGroup,NULL,INTERNAL,INTERNAL,TRANSFORM,LEAF,4,0
resultSetFilter2,NULL,INTERNAL,INTERNAL,TRANSFORM,LEAF,4,0
serverList,NULL,INTERNAL,INTERNAL,TRANSFORM,LEAF,4,0
serverListCount,NULL,INTERNAL,INTERNAL,TRANSFORM,LEAF,4,0
serverLocation,NULL,INTERNAL,INTERNAL,TRANSFORM,LEAF,4,0
ServerName2,NULL,INTERNAL,INTERNAL,TRANSFORM,LEAF,4,0
SelectSolarwindsServer,NULL,INTERNAL,INTERNAL,TRANSFORM,LEAF,4,0
sendCiscoCommand1,NULL,INTERNAL,INTERNAL,OUTPUT,LEAF,4,0
returnValue68,NULL,INTERNAL,INTERNAL,TRANSFORM,LEAF,4,0
returnValue69,NULL,INTERNAL,INTERNAL,TRANSFORM,LEAF,4,0
returnValue73,NULL,INTERNAL,INTERNAL,TRANSFORM,LEAF,4,0
returnValue75,NULL,INTERNAL,INTERNAL,TRANSFORM,LEAF,4,0
returnValue77,NULL,INTERNAL,INTERNAL,TRANSFORM,LEAF,4,0
returnValue66,NULL,INTERNAL,INTERNAL,TRANSFORM,LEAF,4,0
runInsertCmd,NULL,INTERNAL,INTERNAL,TRANSFORM,LEAF,4,0
runWorkflow10,NULL,INTERNAL,INTERNAL,TRANSFORM,LEAF,4,0
ritmCount,NULL,INTERNAL,INTERNAL,TRANSFORM,LEAF,4,0
ritmInfo,37,ServiceNow,BUSINESS,TRANSFORM,LEAF,4,0
RITMnumber,NULL,INTERNAL,INTERNAL,TRANSFORM,LEAF,4,0
RoamingProfileFolder,NULL,INTERNAL,INTERNAL,TRANSFORM,LEAF,4,0
roundedNeededWorkers,NULL,INTERNAL,INTERNAL,TRANSFORM,LEAF,3,0
RowsNumber,NULL,INTERNAL,INTERNAL,TRANSFORM,LEAF,3,0
runStoreToolResutEvent,NULL,INTERNAL,INTERNAL,TRANSFORM,LEAF,3,0
runPScheck,NULL,INTERNAL,INTERNAL,TRANSFORM,LEAF,3,0
sccmCompTime,NULL,INTERNAL,INTERNAL,TRANSFORM,LEAF,3,0
sccmFailTime,NULL,INTERNAL,INTERNAL,TRANSFORM,LEAF,3,0
returnValue83,NULL,INTERNAL,INTERNAL,TRANSFORM,LEAF,3,0
RFCOnlineGroup,NULL,INTERNAL,INTERNAL,TRANSFORM,LEAF,3,0
returnValue81,NULL,INTERNAL,INTERNAL,TRANSFORM,LEAF,3,0
reuestQueryCount,NULL,INTERNAL,INTERNAL,INPUT,LEAF,3,0
sendEmail4,NULL,INTERNAL,INTERNAL,OUTPUT,LEAF,3,0
segment,NULL,INTERNAL,INTERNAL,TRANSFORM,LEAF,3,0
serverOS,NULL,INTERNAL,INTERNAL,TRANSFORM,LEAF,3,0
serverTicketNum,NULL,INTERNAL,INTERNAL,TRANSFORM,LEAF,3,0
serverShutdown1,NULL,INTERNAL,INTERNAL,TRANSFORM,LEAF,3,0
ServersTablesRFC,NULL,INTERNAL,INTERNAL,TRANSFORM,LEAF,3,0
serviceDeskPlusAssociateProblem1,NULL,INTERNAL,INTERNAL,TRANSFORM,LEAF,3,0
serviceDeskPlusDeleteRequest1,NULL,INTERNAL,INTERNAL,TRANSFORM,LEAF,3,0
serviceDeskPlusGetAssociatedProblem1,NULL,INTERNAL,INTERNAL,INPUT,LEAF,3,0
serverFailedConns,NULL,INTERNAL,INTERNAL,TRANSFORM,LEAF,3,0
ServerAlreadyPoweredDown,NULL,INTERNAL,INTERNAL,TRANSFORM,LEAF,3,0
ServerAlreadyPoweredUp,NULL,INTERNAL,INTERNAL,TRANSFORM,LEAF,3,0
serverCategory,NULL,INTERNAL,INTERNAL,TRANSFORM,LEAF,3,0
returnValue119,NULL,INTERNAL,INTERNAL,TRANSFORM,LEAF,3,0
returnValue117,NULL,INTERNAL,INTERNAL,TRANSFORM,LEAF,3,0
renameMemoryTableColumn2,NULL,INTERNAL,INTERNAL,TRANSFORM,LEAF,3,0
renameMemoryTableColumn3,NULL,INTERNAL,INTERNAL,TRANSFORM,LEAF,3,0
renameMemoryTableColumn4,NULL,INTERNAL,INTERNAL,TRANSFORM,LEAF,3,0
replaceStringAdvanced1,NULL,INTERNAL,INTERNAL,TRANSFORM,LEAF,3,0
requestedforpersonName,NULL,INTERNAL,INTERNAL,TRANSFORM,LEAF,3,0
replaceString5,NULL,INTERNAL,INTERNAL,TRANSFORM,LEAF,3,0
replaceString6,NULL,INTERNAL,INTERNAL,TRANSFORM,LEAF,3,0
requestInfo,37,ServiceNow,BUSINESS,TRANSFORM,LEAF,3,0
RestartingVM,NULL,INTERNAL,INTERNAL,TRANSFORM,LEAF,3,0
registryWriteKeyValue1,NULL,INTERNAL,INTERNAL,TRANSFORM,LEAF,3,0
removeLeadingBraces,NULL,INTERNAL,INTERNAL,TRANSFORM,LEAF,3,0
removeQuotes,NULL,INTERNAL,INTERNAL,TRANSFORM,LEAF,3,0
removeRowLeadBracket,NULL,INTERNAL,INTERNAL,TRANSFORM,LEAF,3,0
removeRowTrailBracket,NULL,INTERNAL,INTERNAL,TRANSFORM,LEAF,3,0
removeSectionTrailingBrace,NULL,INTERNAL,INTERNAL,TRANSFORM,LEAF,3,0
removeSingleQuotes,NULL,INTERNAL,INTERNAL,TRANSFORM,LEAF,3,0
removeTrailingBraces,NULL,INTERNAL,INTERNAL,TRANSFORM,LEAF,3,0
removeTrailingComma,NULL,INTERNAL,INTERNAL,TRANSFORM,LEAF,3,0
readContinuousFile1,NULL,INTERNAL,INTERNAL,TRANSFORM,LEAF,3,0
removeWhiteSpace,NULL,INTERNAL,INTERNAL,TRANSFORM,LEAF,3,0
Rank,NULL,INTERNAL,INTERNAL,TRANSFORM,LEAF,3,0
readPDF1,NULL,INTERNAL,INTERNAL,TRANSFORM,LEAF,3,0
readFile2,NULL,INTERNAL,INTERNAL,TRANSFORM,LEAF,3,0
num_processors,NULL,INTERNAL,INTERNAL,TRANSFORM,LEAF,3,0
OperatingSystem,NULL,INTERNAL,INTERNAL,TRANSFORM,LEAF,3,0
Pager,NULL,INTERNAL,INTERNAL,TRANSFORM,LEAF,3,0
nondomainVMExist,NULL,INTERNAL,INTERNAL,TRANSFORM,LEAF,3,0
NoUpdatesLogs,NULL,INTERNAL,INTERNAL,OUTPUT,LEAF,3,0
newWorkerCount,NULL,INTERNAL,INTERNAL,TRANSFORM,LEAF,3,0
primary_application_administrator,NULL,INTERNAL,INTERNAL,TRANSFORM,LEAF,3,0
priorInstallCount,NULL,INTERNAL,INTERNAL,TRANSFORM,LEAF,3,0
prepareUserResults,NULL,INTERNAL,INTERNAL,TRANSFORM,LEAF,3,0
PowerOffSuccess,NULL,INTERNAL,INTERNAL,TRANSFORM,LEAF,3,0
QueryMAC,NULL,INTERNAL,INTERNAL,INPUT,LEAF,3,0
psVersionCtrl,NULL,INTERNAL,INTERNAL,TRANSFORM,LEAF,3,0
PS_RemovefromSCCMColl,NULL,INTERNAL,INTERNAL,TRANSFORM,LEAF,3,0
PS_SCCMColl_Refresh,NULL,INTERNAL,INTERNAL,TRANSFORM,LEAF,3,0
psADObjectExists,NULL,INTERNAL,INTERNAL,TRANSFORM,LEAF,3,0
PS_AddtoSCCM,NULL,INTERNAL,INTERNAL,TRANSFORM,LEAF,3,0
PS_getUserDisplayName,NULL,INTERNAL,INTERNAL,INPUT,LEAF,3,0
PS_getUserEmail,NULL,INTERNAL,INTERNAL,INPUT,LEAF,3,0
ping2,NULL,INTERNAL,INTERNAL,TRANSFORM,LEAF,3,0
passwordGenerator1,NULL,INTERNAL,INTERNAL,TRANSFORM,LEAF,3,0
PowerOnandBootCD,NULL,INTERNAL,INTERNAL,TRANSFORM,LEAF,3,0
PowerOnSuccess,NULL,INTERNAL,INTERNAL,TRANSFORM,LEAF,3,0
lengthDisplayName,NULL,INTERNAL,INTERNAL,TRANSFORM,LEAF,3,0
lengthExistingSelectedUserGroup,NULL,INTERNAL,INTERNAL,TRANSFORM,LEAF,3,0
length2,NULL,INTERNAL,INTERNAL,TRANSFORM,LEAF,3,0
Job_Title,NULL,INTERNAL,INTERNAL,TRANSFORM,LEAF,3,0
jsonSessionCurrUserData,NULL,INTERNAL,INTERNAL,TRANSFORM,LEAF,3,0
insertsCount,NULL,INTERNAL,INTERNAL,TRANSFORM,LEAF,3,0
memory_required,NULL,INTERNAL,INTERNAL,TRANSFORM,LEAF,3,0
MemoryTableServersOutPut,NULL,INTERNAL,INTERNAL,TRANSFORM,LEAF,3,0
missingFolderName,NULL,INTERNAL,INTERNAL,TRANSFORM,LEAF,3,0
Mobile,NULL,INTERNAL,INTERNAL,TRANSFORM,LEAF,3,0
multiMemorySet7,NULL,INTERNAL,INTERNAL,TRANSFORM,LEAF,3,0
multiMemorySet8,NULL,INTERNAL,INTERNAL,TRANSFORM,LEAF,3,0
multiMemorySet9,NULL,INTERNAL,INTERNAL,TRANSFORM,LEAF,3,0
newIncident2,NULL,INTERNAL,INTERNAL,TRANSFORM,LEAF,3,0
NetJsonTokenTable,NULL,INTERNAL,INTERNAL,TRANSFORM,LEAF,3,0
NetMasterServer,NULL,INTERNAL,INTERNAL,TRANSFORM,LEAF,3,0
neededWorkers,NULL,INTERNAL,INTERNAL,TRANSFORM,LEAF,3,0
MemberOfCollection,NULL,INTERNAL,INTERNAL,TRANSFORM,LEAF,3,0
ManagerDN,NULL,INTERNAL,INTERNAL,TRANSFORM,LEAF,3,0
manager,NULL,INTERNAL,INTERNAL,TRANSFORM,LEAF,3,0
mainDateDifference1,NULL,INTERNAL,INTERNAL,TRANSFORM,LEAF,3,0
memoryTableUnion5,NULL,INTERNAL,INTERNAL,TRANSFORM,LEAF,3,0
modDate,NULL,INTERNAL,INTERNAL,TRANSFORM,LEAF,3,0
modDate1,NULL,INTERNAL,INTERNAL,TRANSFORM,LEAF,3,0
modDate2,NULL,INTERNAL,INTERNAL,TRANSFORM,LEAF,3,0
ifElseBranchActivity66,NULL,INTERNAL,INTERNAL,DECISION,CONTAINER,3,0
ifElseBranchActivity67,NULL,INTERNAL,INTERNAL,DECISION,CONTAINER,3,0
IISLogFileName,NULL,INTERNAL,INTERNAL,TRANSFORM,LEAF,3,0
iisSiteInfo,NULL,INTERNAL,INTERNAL,TRANSFORM,LEAF,3,0
initUserFlag,NULL,INTERNAL,INTERNAL,TRANSFORM,LEAF,3,0
initUserFlag2,NULL,INTERNAL,INTERNAL,TRANSFORM,LEAF,3,0
initWorkerInstance,NULL,INTERNAL,INTERNAL,TRANSFORM,LEAF,3,0
insertDbRow,NULL,INTERNAL,INTERNAL,TRANSFORM,LEAF,3,0
iisReset1,NULL,INTERNAL,INTERNAL,TRANSFORM,LEAF,3,0
indexOf1,NULL,INTERNAL,INTERNAL,TRANSFORM,LEAF,3,0
initDatasetStart,NULL,INTERNAL,INTERNAL,TRANSFORM,LEAF,3,0
initAddUserToGroup,NULL,INTERNAL,INTERNAL,TRANSFORM,LEAF,3,0
initLoopCounter,NULL,INTERNAL,INTERNAL,TRANSFORM,LEAF,3,0
ifElseActivity21,NULL,INTERNAL,INTERNAL,DECISION,CONTAINER,3,0
IDHost,NULL,INTERNAL,INTERNAL,TRANSFORM,LEAF,3,0
ifElseActivity28,NULL,INTERNAL,INTERNAL,DECISION,CONTAINER,3,0
ifElseBranchActivity43,NULL,INTERNAL,INTERNAL,DECISION,CONTAINER,3,0
ifElseBranchActivity44,NULL,INTERNAL,INTERNAL,DECISION,CONTAINER,3,0
ifElseBranchActivity45,NULL,INTERNAL,INTERNAL,DECISION,CONTAINER,3,0
ifElseBranchActivity46,NULL,INTERNAL,INTERNAL,DECISION,CONTAINER,3,0
ifElseBranchActivity47,NULL,INTERNAL,INTERNAL,DECISION,CONTAINER,3,0
ifElseBranchActivity48,NULL,INTERNAL,INTERNAL,DECISION,CONTAINER,3,0
ifElseBranchActivity49,NULL,INTERNAL,INTERNAL,DECISION,CONTAINER,3,0
ifElseBranchActivity50,NULL,INTERNAL,INTERNAL,DECISION,CONTAINER,3,0
ifElseBranchActivity51,NULL,INTERNAL,INTERNAL,DECISION,CONTAINER,3,0
ifElseBranchActivity52,NULL,INTERNAL,INTERNAL,DECISION,CONTAINER,3,0
ifElseBranchActivity53,NULL,INTERNAL,INTERNAL,DECISION,CONTAINER,3,0
ifElseBranchActivity54,NULL,INTERNAL,INTERNAL,DECISION,CONTAINER,3,0
ifElseBranchActivity55,NULL,INTERNAL,INTERNAL,DECISION,CONTAINER,3,0
ifElseBranchActivity63,NULL,INTERNAL,INTERNAL,DECISION,CONTAINER,3,0
ifElseBranchActivity64,NULL,INTERNAL,INTERNAL,DECISION,CONTAINER,3,0
ifElseBranchActivity72,NULL,INTERNAL,INTERNAL,DECISION,CONTAINER,3,0
GetWorkFlowDetails,NULL,INTERNAL,INTERNAL,INPUT,LEAF,3,0
getWindowEventLogs3,NULL,INTERNAL,INTERNAL,INPUT,LEAF,3,0
getWO,NULL,INTERNAL,INTERNAL,INPUT,LEAF,3,0
getWorkerData,NULL,INTERNAL,INTERNAL,INPUT,LEAF,3,0
GetXMLParameters,NULL,INTERNAL,INTERNAL,INPUT,LEAF,3,0
GetWorkFlowTasks,NULL,INTERNAL,INTERNAL,INPUT,LEAF,3,0
getVMBuildInfo,NULL,INTERNAL,INTERNAL,INPUT,LEAF,3,0
getUserInfoBeforeChanges,NULL,INTERNAL,INTERNAL,INPUT,LEAF,3,0
getUserListCount,NULL,INTERNAL,INTERNAL,INPUT,LEAF,3,0
getSrcFileNameData,NULL,INTERNAL,INTERNAL,INPUT,LEAF,3,0
GetServersRFConline,NULL,INTERNAL,INTERNAL,INPUT,LEAF,3,0
getTodaysDate,NULL,INTERNAL,INTERNAL,INPUT,LEAF,3,0
getResultCount,NULL,INTERNAL,INTERNAL,INPUT,LEAF,3,0
getRootFolder1,NULL,INTERNAL,INTERNAL,INPUT,LEAF,3,0
getSectionDataRowCount,NULL,INTERNAL,INTERNAL,INPUT,LEAF,3,0
getSectionDataRows,NULL,INTERNAL,INTERNAL,INPUT,LEAF,3,0
getSectionRowsCount,NULL,INTERNAL,INTERNAL,INPUT,LEAF,3,0
goToDataComplete,NULL,INTERNAL,INTERNAL,TRANSFORM,LEAF,3,0
GoToCounterAgain,NULL,INTERNAL,INTERNAL,TRANSFORM,LEAF,3,0
goToIterationDone,NULL,INTERNAL,INTERNAL,TRANSFORM,LEAF,3,0
goToCheckChildren,NULL,INTERNAL,INTERNAL,TRANSFORM,LEAF,3,0
goToWorkflowCounter,NULL,INTERNAL,INTERNAL,TRANSFORM,LEAF,3,0
goToPrepareUserResults,NULL,INTERNAL,INTERNAL,TRANSFORM,LEAF,3,0
httpBodyContainsNoSubs,NULL,INTERNAL,INTERNAL,TRANSFORM,LEAF,3,0
ackAlertLM,NULL,INTERNAL,INTERNAL,TRANSFORM,LEAF,3,0
adAddtoGroup1,NULL,INTERNAL,INTERNAL,TRANSFORM,LEAF,3,0
adCreateNewUser,NULL,INTERNAL,INTERNAL,OUTPUT,LEAF,3,0
activityCategories,NULL,INTERNAL,INTERNAL,TRANSFORM,LEAF,3,0
addMemoryTableColumn2,NULL,INTERNAL,INTERNAL,TRANSFORM,LEAF,3,0
addMemoryTableRow3,NULL,INTERNAL,INTERNAL,TRANSFORM,LEAF,3,0
addSiteRow,NULL,INTERNAL,INTERNAL,TRANSFORM,LEAF,3,0
addDateStringToFileName,NULL,INTERNAL,INTERNAL,TRANSFORM,LEAF,3,0
adDeleteAccount1,NULL,INTERNAL,INTERNAL,TRANSFORM,LEAF,3,0
adCreateAccount1,NULL,INTERNAL,INTERNAL,OUTPUT,LEAF,3,0
adDisableAccount1,NULL,INTERNAL,INTERNAL,TRANSFORM,LEAF,3,0
adDisableNewAccount,NULL,INTERNAL,INTERNAL,TRANSFORM,LEAF,3,0
appendWOtoSubj,NULL,INTERNAL,INTERNAL,TRANSFORM,LEAF,3,0
applicationPoolList1,NULL,INTERNAL,INTERNAL,TRANSFORM,LEAF,3,0
applicationPoolStatus1,NULL,INTERNAL,INTERNAL,TRANSFORM,LEAF,3,0
adIsAccountDisabled1,NULL,INTERNAL,INTERNAL,TRANSFORM,LEAF,3,0
adIsAccountLocked1,NULL,INTERNAL,INTERNAL,TRANSFORM,LEAF,3,0
adGroupExists1,NULL,INTERNAL,INTERNAL,TRANSFORM,LEAF,3,0
adSetNewUserProperties,NULL,INTERNAL,INTERNAL,TRANSFORM,LEAF,3,0
adUpdateUser,NULL,INTERNAL,INTERNAL,OUTPUT,LEAF,3,0
advancedCommunicate1,NULL,INTERNAL,INTERNAL,TRANSFORM,LEAF,3,0
buildPersonnelUserDbTable,NULL,INTERNAL,INTERNAL,TRANSFORM,LEAF,3,0
buildUserDetailQuery,NULL,INTERNAL,INTERNAL,INPUT,LEAF,3,0
CatVarVMNameError,NULL,INTERNAL,INTERNAL,TRANSFORM,LEAF,3,0
check_process_count,NULL,INTERNAL,INTERNAL,TRANSFORM,LEAF,3,0
checkChildren,NULL,INTERNAL,INTERNAL,TRANSFORM,LEAF,3,0
checkDbForLoggerTable,NULL,INTERNAL,INTERNAL,TRANSFORM,LEAF,3,0
checkDestForCurrSrcFile,NULL,INTERNAL,INTERNAL,TRANSFORM,LEAF,3,0
checkForExcludedSw,NULL,INTERNAL,INTERNAL,TRANSFORM,LEAF,3,0
checkForPriorInstall,NULL,INTERNAL,INTERNAL,TRANSFORM,LEAF,3,0
BuildSuccess_snUpdate,11,ServiceNow,BUSINESS,OUTPUT,LEAF,3,0
checkForSubIDinDb,NULL,INTERNAL,INTERNAL,TRANSFORM,LEAF,3,0
avayaSetCallFwd1,NULL,INTERNAL,INTERNAL,TRANSFORM,LEAF,3,0
auto_cluster_placement,NULL,INTERNAL,INTERNAL,TRANSFORM,LEAF,3,0
badge,NULL,INTERNAL,INTERNAL,TRANSFORM,LEAF,3,0
BadgeNumber,NULL,INTERNAL,INTERNAL,TRANSFORM,LEAF,3,0
azureToken,NULL,INTERNAL,INTERNAL,TRANSFORM,LEAF,3,0
azureVMInfo,NULL,INTERNAL,INTERNAL,TRANSFORM,LEAF,3,0
createPaddingTable,NULL,INTERNAL,INTERNAL,OUTPUT,LEAF,3,0
createCurrDataLog,NULL,INTERNAL,INTERNAL,OUTPUT,LEAF,3,0
CreateADObjectInOU,NULL,INTERNAL,INTERNAL,OUTPUT,LEAF,3,0
createLoggerTable,NULL,INTERNAL,INTERNAL,OUTPUT,LEAF,3,0
corrigoTicketDocs,NULL,INTERNAL,INTERNAL,TRANSFORM,LEAF,3,0
CorrigoTicketAttachmentsJson,NULL,INTERNAL,INTERNAL,TRANSFORM,LEAF,3,0
corrigoTicketCount,NULL,INTERNAL,INTERNAL,TRANSFORM,LEAF,3,0
corrigoUploadAttachment1,NULL,INTERNAL,INTERNAL,TRANSFORM,LEAF,3,0
counter1,NULL,INTERNAL,INTERNAL,TRANSFORM,LEAF,3,0
CPUPerCore,NULL,INTERNAL,INTERNAL,TRANSFORM,LEAF,3,0
CountSondaMainWF,NULL,INTERNAL,INTERNAL,TRANSFORM,LEAF,3,0
currAccountListRowNum,NULL,INTERNAL,INTERNAL,TRANSFORM,LEAF,3,0
curPairNum,NULL,INTERNAL,INTERNAL,TRANSFORM,LEAF,3,0
createUpdateDataLog,NULL,INTERNAL,INTERNAL,OUTPUT,LEAF,3,0
CreateVM,NULL,INTERNAL,INTERNAL,OUTPUT,LEAF,3,0
createServerListTable,NULL,INTERNAL,INTERNAL,OUTPUT,LEAF,3,0
currAttachFileName,NULL,INTERNAL,INTERNAL,TRANSFORM,LEAF,3,0
currAttachRowNum,NULL,INTERNAL,INTERNAL,TRANSFORM,LEAF,3,0
currCorrigoAttachments,NULL,INTERNAL,INTERNAL,TRANSFORM,LEAF,3,0
currCsvRowNum,NULL,INTERNAL,INTERNAL,TRANSFORM,LEAF,3,0
confirmInstallCount,NULL,INTERNAL,INTERNAL,TRANSFORM,LEAF,3,0
contains3,NULL,INTERNAL,INTERNAL,TRANSFORM,LEAF,3,0
continue3,NULL,INTERNAL,INTERNAL,TRANSFORM,LEAF,3,0
containsError,NULL,INTERNAL,INTERNAL,TRANSFORM,LEAF,3,0
convertToHTMLTable3,NULL,INTERNAL,INTERNAL,TRANSFORM,LEAF,3,0
convertToPlainText2,NULL,INTERNAL,INTERNAL,TRANSFORM,LEAF,3,0
copyMissingDeltaFile,NULL,INTERNAL,INTERNAL,TRANSFORM,LEAF,3,0
corrigoAddComment1,NULL,INTERNAL,INTERNAL,TRANSFORM,LEAF,3,0
corrigoCreateTicket1,NULL,INTERNAL,INTERNAL,OUTPUT,LEAF,3,0
CloseCASuccess,NULL,INTERNAL,INTERNAL,TRANSFORM,LEAF,3,0
clusterName,NULL,INTERNAL,INTERNAL,TRANSFORM,LEAF,3,0
ClearErrorState,NULL,INTERNAL,INTERNAL,TRANSFORM,LEAF,3,0
cleanUserDetails,NULL,INTERNAL,INTERNAL,TRANSFORM,LEAF,3,0
cherwellGetRecord1,39,Cherwell,OTHER,INPUT,LEAF,3,0
CheckRDP,NULL,INTERNAL,INTERNAL,TRANSFORM,LEAF,3,0
checkIfUserInGroup,NULL,INTERNAL,INTERNAL,TRANSFORM,LEAF,3,0
CheckSecurityUpdates,NULL,INTERNAL,INTERNAL,OUTPUT,LEAF,3,0
getJiraTickets,NULL,INTERNAL,INTERNAL,INPUT,LEAF,3,0
GetMAC,NULL,INTERNAL,INTERNAL,INPUT,LEAF,3,0
getLastRun,NULL,INTERNAL,INTERNAL,INPUT,LEAF,3,0
getLdapUsersToImport,NULL,INTERNAL,INTERNAL,INPUT,LEAF,3,0
getMessageActionsForUser,NULL,INTERNAL,INTERNAL,INPUT,LEAF,3,0
getNameValuePairsFromDataRow,NULL,INTERNAL,INTERNAL,INPUT,LEAF,3,0
GetOSType,NULL,INTERNAL,INTERNAL,INPUT,LEAF,3,0
getPairsCount,NULL,INTERNAL,INTERNAL,INPUT,LEAF,3,0
getFsSubscriptionData,NULL,INTERNAL,INTERNAL,INPUT,LEAF,3,0
getFilePath,NULL,INTERNAL,INTERNAL,INPUT,LEAF,3,0
getDataRowCount,NULL,INTERNAL,INTERNAL,INPUT,LEAF,3,0
GetDateCreate,NULL,INTERNAL,INTERNAL,INPUT,LEAF,3,0
getCurNameValPairs,NULL,INTERNAL,INTERNAL,INPUT,LEAF,3,0
getCurrentRow,NULL,INTERNAL,INTERNAL,INPUT,LEAF,3,0
folderApp2Exe,NULL,INTERNAL,INTERNAL,TRANSFORM,LEAF,3,0
getCorrigoTickets,NULL,INTERNAL,INTERNAL,INPUT,LEAF,3,0
getCorrigoToken,NULL,INTERNAL,INTERNAL,INPUT,LEAF,3,0
folderListRemote1,NULL,INTERNAL,INTERNAL,TRANSFORM,LEAF,3,0
FolderPath,NULL,INTERNAL,INTERNAL,TRANSFORM,LEAF,3,0
fsAccountData,NULL,INTERNAL,INTERNAL,TRANSFORM,LEAF,3,0
fsAccountRecordInfo,NULL,INTERNAL,INTERNAL,TRANSFORM,LEAF,3,0
fsDataSession,NULL,INTERNAL,INTERNAL,TRANSFORM,LEAF,3,0
fsHttpData,NULL,INTERNAL,INTERNAL,TRANSFORM,LEAF,3,0
fsHttpDataSession,NULL,INTERNAL,INTERNAL,TRANSFORM,LEAF,3,0
filterUserInput,NULL,INTERNAL,INTERNAL,TRANSFORM,LEAF,3,0
filterScore,NULL,INTERNAL,INTERNAL,TRANSFORM,LEAF,3,0
filterSummary,NULL,INTERNAL,INTERNAL,TRANSFORM,LEAF,3,0
exitLoopAfterCount,NULL,INTERNAL,INTERNAL,TRANSFORM,LEAF,3,0
FaxNumber,NULL,INTERNAL,INTERNAL,TRANSFORM,LEAF,3,0
fileChecksumComparison1,NULL,INTERNAL,INTERNAL,TRANSFORM,LEAF,3,0
fileDeleteRemote1,NULL,INTERNAL,INTERNAL,TRANSFORM,LEAF,3,0
expirationDate,NULL,INTERNAL,INTERNAL,TRANSFORM,LEAF,3,0
existingJiraCommentsCount,NULL,INTERNAL,INTERNAL,TRANSFORM,LEAF,3,0
existingSubIdCount,NULL,INTERNAL,INTERNAL,TRANSFORM,LEAF,3,0
existingUserGroupCount,NULL,INTERNAL,INTERNAL,TRANSFORM,LEAF,3,0
exitWhile6,NULL,INTERNAL,INTERNAL,DECISION,CONTAINER,3,0
exitWhile7,NULL,INTERNAL,INTERNAL,DECISION,CONTAINER,3,0
fileMoveRemote1,NULL,INTERNAL,INTERNAL,TRANSFORM,LEAF,3,0
fileListingCount,NULL,INTERNAL,INTERNAL,TRANSFORM,LEAF,3,0
FilterforFiles,NULL,INTERNAL,INTERNAL,TRANSFORM,LEAF,3,0
existingJiraCommentsText,NULL,INTERNAL,INTERNAL,TRANSFORM,LEAF,3,0
executor1,NULL,INTERNAL,INTERNAL,TRANSFORM,LEAF,3,0
excelWrite4,NULL,INTERNAL,INTERNAL,TRANSFORM,LEAF,3,0
excludedSoftwareCount,NULL,INTERNAL,INTERNAL,TRANSFORM,LEAF,3,0
excludedSwCount,NULL,INTERNAL,INTERNAL,TRANSFORM,LEAF,3,0
excelWrite10,NULL,INTERNAL,INTERNAL,TRANSFORM,LEAF,3,0
excelWrite6,NULL,INTERNAL,INTERNAL,TRANSFORM,LEAF,3,0
excelWrite7,NULL,INTERNAL,INTERNAL,TRANSFORM,LEAF,3,0
excelWrite8,NULL,INTERNAL,INTERNAL,TRANSFORM,LEAF,3,0
excelWrite9,NULL,INTERNAL,INTERNAL,TRANSFORM,LEAF,3,0
displayXMLSession3,NULL,INTERNAL,INTERNAL,TRANSFORM,LEAF,3,0
displayXMLSession1,NULL,INTERNAL,INTERNAL,TRANSFORM,LEAF,3,0
EmptyBackupReq,NULL,INTERNAL,INTERNAL,TRANSFORM,LEAF,3,0
EmptyBusOwner,NULL,INTERNAL,INTERNAL,TRANSFORM,LEAF,3,0
EmptyCPU,NULL,INTERNAL,INTERNAL,TRANSFORM,LEAF,3,0
EmptyDC,NULL,INTERNAL,INTERNAL,TRANSFORM,LEAF,3,0
EmptyDomain,NULL,INTERNAL,INTERNAL,TRANSFORM,LEAF,3,0
EmptyIIS,NULL,INTERNAL,INTERNAL,TRANSFORM,LEAF,3,0
EmptyMemory,NULL,INTERNAL,INTERNAL,TRANSFORM,LEAF,3,0
EmptyName,NULL,INTERNAL,INTERNAL,TRANSFORM,LEAF,3,0
EmptyNotes,NULL,INTERNAL,INTERNAL,TRANSFORM,LEAF,3,0
EmptyOSVersion,NULL,INTERNAL,INTERNAL,TRANSFORM,LEAF,3,0
EmptyRole,NULL,INTERNAL,INTERNAL,TRANSFORM,LEAF,3,0
EmptySegment,NULL,INTERNAL,INTERNAL,TRANSFORM,LEAF,3,0
EmptySQLVersion,NULL,INTERNAL,INTERNAL,TRANSFORM,LEAF,3,0
EmptyStorage,NULL,INTERNAL,INTERNAL,TRANSFORM,LEAF,3,0
EmptyTier,NULL,INTERNAL,INTERNAL,TRANSFORM,LEAF,3,0
EmtpySME,NULL,INTERNAL,INTERNAL,TRANSFORM,LEAF,3,0
emailToApprover,NULL,INTERNAL,INTERNAL,TRANSFORM,LEAF,3,0
enablePrivilegedCommands1,NULL,INTERNAL,INTERNAL,TRANSFORM,LEAF,3,0
currEvent,NULL,INTERNAL,INTERNAL,TRANSFORM,LEAF,3,0
currExcludededSwRowNum,NULL,INTERNAL,INTERNAL,TRANSFORM,LEAF,3,0
currInsertRow,NULL,INTERNAL,INTERNAL,TRANSFORM,LEAF,3,0
currInsertRowNum,NULL,INTERNAL,INTERNAL,TRANSFORM,LEAF,3,0
currFilePath,NULL,INTERNAL,INTERNAL,TRANSFORM,LEAF,3,0
currentAttachmentRow,NULL,INTERNAL,INTERNAL,TRANSFORM,LEAF,3,0
currDateTime,NULL,INTERNAL,INTERNAL,TRANSFORM,LEAF,3,0
currentExistingJiraCommentRow,NULL,INTERNAL,INTERNAL,TRANSFORM,LEAF,3,0
currentDataRow,NULL,INTERNAL,INTERNAL,TRANSFORM,LEAF,3,0
currentDataRowNum,NULL,INTERNAL,INTERNAL,TRANSFORM,LEAF,3,0
currentSectionDataRowNum,NULL,INTERNAL,INTERNAL,TRANSFORM,LEAF,3,0
currentSectionRow,NULL,INTERNAL,INTERNAL,TRANSFORM,LEAF,3,0
currentTicketRow,NULL,INTERNAL,INTERNAL,TRANSFORM,LEAF,3,0
currentTime,NULL,INTERNAL,INTERNAL,TRANSFORM,LEAF,3,0
currSoftwareInstallRowNum,NULL,INTERNAL,INTERNAL,TRANSFORM,LEAF,3,0
currSoftwareName,NULL,INTERNAL,INTERNAL,TRANSFORM,LEAF,3,0
currScore,NULL,INTERNAL,INTERNAL,TRANSFORM,LEAF,3,0
currUserDataJson,NULL,INTERNAL,INTERNAL,TRANSFORM,LEAF,3,0
currUserFieldLog,NULL,INTERNAL,INTERNAL,TRANSFORM,LEAF,3,0
currUserFieldUpdatedLog,NULL,INTERNAL,INTERNAL,OUTPUT,LEAF,3,0
currUser,NULL,INTERNAL,INTERNAL,TRANSFORM,LEAF,3,0
currVmName,NULL,INTERNAL,INTERNAL,TRANSFORM,LEAF,3,0
currStatusCode,NULL,INTERNAL,INTERNAL,TRANSFORM,LEAF,3,0
currSubsAccountRecords,NULL,INTERNAL,INTERNAL,TRANSFORM,LEAF,3,0
currSubsAccountRowNum,NULL,INTERNAL,INTERNAL,TRANSFORM,LEAF,3,0
currSummary,NULL,INTERNAL,INTERNAL,TRANSFORM,LEAF,3,0
currSwCliOption,NULL,INTERNAL,INTERNAL,TRANSFORM,LEAF,3,0
currSwExecutable,NULL,INTERNAL,INTERNAL,TRANSFORM,LEAF,3,0
currSwInstallPath,NULL,INTERNAL,INTERNAL,TRANSFORM,LEAF,3,0
currSwName,NULL,INTERNAL,INTERNAL,TRANSFORM,LEAF,3,0
deleteFile2,NULL,INTERNAL,INTERNAL,TRANSFORM,LEAF,3,0
datasetStart,NULL,INTERNAL,INTERNAL,TRANSFORM,LEAF,3,0
DeleteRemoteIISLogs1,NULL,INTERNAL,INTERNAL,TRANSFORM,LEAF,3,0
DeleteSnapShot,NULL,INTERNAL,INTERNAL,TRANSFORM,LEAF,3,0
Department_Description,NULL,INTERNAL,INTERNAL,TRANSFORM,LEAF,3,0
destinationFileCount,NULL,INTERNAL,INTERNAL,TRANSFORM,LEAF,3,0
destinationFileList,NULL,INTERNAL,INTERNAL,TRANSFORM,LEAF,3,0
destinationList,NULL,INTERNAL,INTERNAL,TRANSFORM,LEAF,3,0
destSrcFileNameCount,NULL,INTERNAL,INTERNAL,TRANSFORM,LEAF,3,0
DatabaseFalse,NULL,INTERNAL,INTERNAL,TRANSFORM,LEAF,3,0
DatabaseTrue,NULL,INTERNAL,INTERNAL,TRANSFORM,LEAF,3,0
DataComplete,NULL,INTERNAL,INTERNAL,TRANSFORM,LEAF,3,0
dataCount,NULL,INTERNAL,INTERNAL,TRANSFORM,LEAF,3,0
displayContext,NULL,INTERNAL,INTERNAL,TRANSFORM,LEAF,3,0
displayLogEntry,NULL,INTERNAL,INTERNAL,TRANSFORM,LEAF,3,0
displayQuery,NULL,INTERNAL,INTERNAL,INPUT,LEAF,3,0
DeleteMemoryTableRow,NULL,INTERNAL,INTERNAL,TRANSFORM,LEAF,3,0
displayValue23,NULL,INTERNAL,INTERNAL,TRANSFORM,LEAF,3,0
displayValue24,NULL,INTERNAL,INTERNAL,TRANSFORM,LEAF,3,0
displayValuePSuser,NULL,INTERNAL,INTERNAL,TRANSFORM,LEAF,3,0
SetNotesSuccess,NULL,INTERNAL,INTERNAL,TRANSFORM,LEAF,3,0
setlocalInstallPath,NULL,INTERNAL,INTERNAL,TRANSFORM,LEAF,3,0
setMessageActionsForUser,NULL,INTERNAL,INTERNAL,TRANSFORM,LEAF,3,0
setName,NULL,INTERNAL,INTERNAL,TRANSFORM,LEAF,3,0
setExelocalInstallPath,NULL,INTERNAL,INTERNAL,TRANSFORM,LEAF,3,0
setLoopCounter1,NULL,INTERNAL,INTERNAL,TRANSFORM,LEAF,3,0
setLoopCounter2,NULL,INTERNAL,INTERNAL,TRANSFORM,LEAF,3,0
setLoopCounterToMax,NULL,INTERNAL,INTERNAL,TRANSFORM,LEAF,3,0
setCreds,NULL,INTERNAL,INTERNAL,TRANSFORM,LEAF,3,0
setDataLocations,NULL,INTERNAL,INTERNAL,TRANSFORM,LEAF,3,0
SetDataRFC,NULL,INTERNAL,INTERNAL,TRANSFORM,LEAF,3,0
setCallerIdAsciiDisplay,NULL,INTERNAL,INTERNAL,TRANSFORM,LEAF,3,0
setCallerIdDisplay,NULL,INTERNAL,INTERNAL,TRANSFORM,LEAF,3,0
setCallerLabel,NULL,INTERNAL,INTERNAL,TRANSFORM,LEAF,3,0
serviceDeskPlusViewRequest1,NULL,INTERNAL,INTERNAL,TRANSFORM,LEAF,3,0
serviceDeskPlusGetRequestSummary1,NULL,INTERNAL,INTERNAL,INPUT,LEAF,3,0
serviceDeskPlusViewAllRequests1,NULL,INTERNAL,INTERNAL,TRANSFORM,LEAF,3,0
serviceDeskPlusGetResolution1,NULL,INTERNAL,INTERNAL,INPUT,LEAF,3,0
serviceName,NULL,INTERNAL,INTERNAL,TRANSFORM,LEAF,3,0
setAlertSeverity,NULL,INTERNAL,INTERNAL,TRANSFORM,LEAF,3,0
slnpmAcknowledgeAlert1,28,SolarWinds NPM,OTHER,TRANSFORM,LEAF,3,0
setWfName,NULL,INTERNAL,INTERNAL,TRANSFORM,LEAF,3,0
snCreateCase,11,ServiceNow,BUSINESS,OUTPUT,LEAF,3,0
setVCenter,NULL,INTERNAL,INTERNAL,TRANSFORM,LEAF,3,0
SetStatusSuccess,NULL,INTERNAL,INTERNAL,TRANSFORM,LEAF,3,0
setSmTpProxyAddressForUser,NULL,INTERNAL,INTERNAL,TRANSFORM,LEAF,3,0
setNumberOfTasksPerWorker,NULL,INTERNAL,INTERNAL,TRANSFORM,LEAF,3,0
setPattern,NULL,INTERNAL,INTERNAL,TRANSFORM,LEAF,3,0
setRootDestination,NULL,INTERNAL,INTERNAL,TRANSFORM,LEAF,3,0
softwareCount,NULL,INTERNAL,INTERNAL,TRANSFORM,LEAF,3,0
softwareToInstall,NULL,INTERNAL,INTERNAL,TRANSFORM,LEAF,3,0
snUpdate_Failure,NULL,INTERNAL,INTERNAL,OUTPUT,LEAF,3,0
snDownloadAttachmentStandalone1,NULL,INTERNAL,INTERNAL,TRANSFORM,LEAF,3,0
snCreateRecord2,22,INTERNAL,OTHER,OUTPUT,LEAF,3,1
snGetRecord1,22,INTERNAL,OTHER,INPUT,LEAF,3,1
splitPair,NULL,INTERNAL,INTERNAL,TRANSFORM,LEAF,3,0
splitSectionRows,NULL,INTERNAL,INTERNAL,TRANSFORM,LEAF,3,0
splitGroupList,NULL,INTERNAL,INTERNAL,TRANSFORM,LEAF,3,0
sourceFileCount,NULL,INTERNAL,INTERNAL,TRANSFORM,LEAF,3,0
sourceFileList,NULL,INTERNAL,INTERNAL,TRANSFORM,LEAF,3,0
sourceList,NULL,INTERNAL,INTERNAL,TRANSFORM,LEAF,3,0
split2,NULL,INTERNAL,INTERNAL,TRANSFORM,LEAF,3,0
srcFileNameNoExt,NULL,INTERNAL,INTERNAL,TRANSFORM,LEAF,3,0
sqlInsertStatements,NULL,INTERNAL,INTERNAL,TRANSFORM,LEAF,3,0
sqlRowValues,NULL,INTERNAL,INTERNAL,TRANSFORM,LEAF,3,0
startJsonSession3,NULL,INTERNAL,INTERNAL,TRANSFORM,LEAF,3,0
ssRespADObjExist,NULL,INTERNAL,INTERNAL,TRANSFORM,LEAF,3,0
ssRespInvalidForm,NULL,INTERNAL,INTERNAL,TRANSFORM,LEAF,3,0
ssRespVMExist,NULL,INTERNAL,INTERNAL,TRANSFORM,LEAF,3,0
subsAccountInfo,NULL,INTERNAL,INTERNAL,TRANSFORM,LEAF,3,0
subsAccountInfoCount,NULL,INTERNAL,INTERNAL,TRANSFORM,LEAF,3,0
subsAccountRecords,NULL,INTERNAL,INTERNAL,TRANSFORM,LEAF,3,0
subsDataSession,NULL,INTERNAL,INTERNAL,TRANSFORM,LEAF,3,0
StopMonitorAlertsGold,13,INTERNAL,OTHER,TRANSFORM,LEAF,3,1
StopMonitorAlertsQuilicura,13,INTERNAL,OTHER,TRANSFORM,LEAF,3,1
StopMonitorAlertsTeatinos,13,INTERNAL,OTHER,TRANSFORM,LEAF,3,1
taskListResults,NULL,INTERNAL,INTERNAL,TRANSFORM,LEAF,3,0
SYSTEM,NULL,INTERNAL,INTERNAL,TRANSFORM,LEAF,3,0
tableReplaceCellValues1,NULL,INTERNAL,INTERNAL,TRANSFORM,LEAF,3,0
startEvents,NULL,INTERNAL,INTERNAL,TRANSFORM,LEAF,3,0
StartWFDetails,NULL,INTERNAL,INTERNAL,TRANSFORM,LEAF,3,0
SuperSafe,NULL,INTERNAL,INTERNAL,TRANSFORM,LEAF,3,0
Surname,NULL,INTERNAL,INTERNAL,TRANSFORM,LEAF,3,0
TESTFolderExists,NULL,INTERNAL,INTERNAL,TRANSFORM,LEAF,3,0
TESTcopyFileMsg,NULL,INTERNAL,INTERNAL,TRANSFORM,LEAF,3,0
tempCounter2,NULL,INTERNAL,INTERNAL,TRANSFORM,LEAF,3,0
ugBuildDataTable,NULL,INTERNAL,INTERNAL,TRANSFORM,LEAF,3,0
ugConfigureSqlStatementsandRun,NULL,INTERNAL,INTERNAL,TRANSFORM,LEAF,3,0
toolParamsJsonTable,NULL,INTERNAL,INTERNAL,TRANSFORM,LEAF,3,0
testingData,NULL,INTERNAL,INTERNAL,TRANSFORM,LEAF,3,0
TESTsetVars,NULL,INTERNAL,INTERNAL,TRANSFORM,LEAF,3,0
todaysDate,NULL,INTERNAL,INTERNAL,TRANSFORM,LEAF,3,0
updateLastPollDate,NULL,INTERNAL,INTERNAL,OUTPUT,LEAF,3,0
UpdateReport,NULL,INTERNAL,INTERNAL,OUTPUT,LEAF,3,0
ugValidateDataVars,NULL,INTERNAL,INTERNAL,TRANSFORM,LEAF,3,0
updateDBComplete,NULL,INTERNAL,INTERNAL,OUTPUT,LEAF,3,0
updateDBSCCMFail,NULL,INTERNAL,INTERNAL,OUTPUT,LEAF,3,0
userGroup26,NULL,INTERNAL,INTERNAL,TRANSFORM,LEAF,3,0
userGroup27,NULL,INTERNAL,INTERNAL,TRANSFORM,LEAF,3,0
userGroup30,NULL,INTERNAL,INTERNAL,TRANSFORM,LEAF,3,0
userGroup31,NULL,INTERNAL,INTERNAL,TRANSFORM,LEAF,3,0
userGroup32,NULL,INTERNAL,INTERNAL,TRANSFORM,LEAF,3,0
userGroup39,NULL,INTERNAL,INTERNAL,TRANSFORM,LEAF,3,0
userGroup29,NULL,INTERNAL,INTERNAL,TRANSFORM,LEAF,3,0
userGroup34,NULL,INTERNAL,INTERNAL,TRANSFORM,LEAF,3,0
userGroup43,NULL,INTERNAL,INTERNAL,TRANSFORM,LEAF,3,0
userGroup40,NULL,INTERNAL,INTERNAL,TRANSFORM,LEAF,3,0
userGroup41,NULL,INTERNAL,INTERNAL,TRANSFORM,LEAF,3,0
userGroup45,NULL,INTERNAL,INTERNAL,TRANSFORM,LEAF,3,0
userGroup23,NULL,INTERNAL,INTERNAL,TRANSFORM,LEAF,3,0
userDeatails,NULL,INTERNAL,INTERNAL,TRANSFORM,LEAF,3,0
UpdateStatusDenied,NULL,INTERNAL,INTERNAL,OUTPUT,LEAF,3,0
updateTableError,NULL,INTERNAL,INTERNAL,OUTPUT,LEAF,3,0
userInput,NULL,INTERNAL,INTERNAL,TRANSFORM,LEAF,3,0
valueErrorLength,NULL,INTERNAL,INTERNAL,TRANSFORM,LEAF,3,0
vmPowerOn1Failure,NULL,INTERNAL,INTERNAL,TRANSFORM,LEAF,3,0
vmPowerOff1Failure,NULL,INTERNAL,INTERNAL,TRANSFORM,LEAF,3,0
vmListSnapshot1,NULL,INTERNAL,INTERNAL,TRANSFORM,LEAF,3,0
vmInfo1,NULL,INTERNAL,INTERNAL,TRANSFORM,LEAF,3,0
VMSetVLAN,NULL,INTERNAL,INTERNAL,TRANSFORM,LEAF,3,0
vmSnapshotInfo1,NULL,INTERNAL,INTERNAL,TRANSFORM,LEAF,3,0
vmExistsORPowerStateError,NULL,INTERNAL,INTERNAL,TRANSFORM,LEAF,3,0
vmHostList1,NULL,INTERNAL,INTERNAL,TRANSFORM,LEAF,3,0
vmDelete1,NULL,INTERNAL,INTERNAL,TRANSFORM,LEAF,3,0
vmDeleteSnapshot1,NULL,INTERNAL,INTERNAL,TRANSFORM,LEAF,3,0
vCenterVerificationFalse,NULL,INTERNAL,INTERNAL,TRANSFORM,LEAF,3,0
vCenterVerificationTrue,NULL,INTERNAL,INTERNAL,TRANSFORM,LEAF,3,0
VDItype,NULL,INTERNAL,INTERNAL,TRANSFORM,LEAF,3,0
zipDecompress1,NULL,INTERNAL,INTERNAL,TRANSFORM,LEAF,3,0
xmLtoTable1,NULL,INTERNAL,INTERNAL,TRANSFORM,LEAF,3,0
writeLogFile,NULL,INTERNAL,INTERNAL,TRANSFORM,LEAF,3,0
workerInstance,NULL,INTERNAL,INTERNAL,TRANSFORM,LEAF,3,0
Work_Number,NULL,INTERNAL,INTERNAL,TRANSFORM,LEAF,3,0
whileSequenceActivity6,NULL,INTERNAL,INTERNAL,DECISION,CONTAINER,3,0
whileSequenceLoop,NULL,INTERNAL,INTERNAL,DECISION,CONTAINER,3,0
WFTaskComments,NULL,INTERNAL,INTERNAL,TRANSFORM,LEAF,3,0
wfXmlDataNodeCount,NULL,INTERNAL,INTERNAL,TRANSFORM,LEAF,3,0
wfActivityInfo,NULL,INTERNAL,INTERNAL,TRANSFORM,LEAF,3,0
WFDetailsTable,NULL,INTERNAL,INTERNAL,TRANSFORM,LEAF,3,0
wfVariabled,NULL,INTERNAL,INTERNAL,TRANSFORM,LEAF,3,0
wfName,NULL,INTERNAL,INTERNAL,TRANSFORM,LEAF,3,0
WaitParallelWFs,NULL,INTERNAL,INTERNAL,WAIT,CONTAINER,3,0
wakeOnLan1,NULL,INTERNAL,INTERNAL,TRANSFORM,LEAF,3,0
WaitforSCCMtoAdd,NULL,INTERNAL,INTERNAL,WAIT,LEAF,3,0
WaitActiveBackup,NULL,INTERNAL,INTERNAL,WAIT,LEAF,2,0
WaitAfterUpdateRestart,NULL,INTERNAL,INTERNAL,OUTPUT,LEAF,2,0
waitForChildren,NULL,INTERNAL,INTERNAL,WAIT,LEAF,2,0
webServiceResponse1,15,Web Service,OTHER,TRANSFORM,LEAF,2,0
webSiteCount,NULL,INTERNAL,INTERNAL,TRANSFORM,LEAF,2,0
WaitStartAfterUpdate,NULL,INTERNAL,INTERNAL,OUTPUT,LEAF,2,0
WaitForStartUpdate,NULL,INTERNAL,INTERNAL,OUTPUT,LEAF,2,0
WaitForUpdateFinish,NULL,INTERNAL,INTERNAL,OUTPUT,LEAF,2,0
wait5Minutes,NULL,INTERNAL,INTERNAL,WAIT,LEAF,2,0
wfDataRowCount,NULL,INTERNAL,INTERNAL,TRANSFORM,LEAF,2,0
whileActivity3,NULL,INTERNAL,INTERNAL,DECISION,CONTAINER,2,0
wfHttpUrls,NULL,INTERNAL,INTERNAL,TRANSFORM,LEAF,2,0
wfList,NULL,INTERNAL,INTERNAL,TRANSFORM,LEAF,2,0
wfChgUrls,NULL,INTERNAL,INTERNAL,TRANSFORM,LEAF,2,0
wfData,NULL,INTERNAL,INTERNAL,TRANSFORM,LEAF,2,0
wfURLsCount,NULL,INTERNAL,INTERNAL,TRANSFORM,LEAF,2,0
WhileJobs,NULL,INTERNAL,INTERNAL,DECISION,CONTAINER,2,0
whileLoginAudit,NULL,INTERNAL,INTERNAL,DECISION,CONTAINER,2,0
whileNewWorkflowsAudit,NULL,INTERNAL,INTERNAL,DECISION,CONTAINER,2,0
WhileServers,NULL,INTERNAL,INTERNAL,DECISION,CONTAINER,2,0
whileSequenceActivity10,NULL,INTERNAL,INTERNAL,DECISION,CONTAINER,2,0
whileTaskIndex,NULL,INTERNAL,INTERNAL,DECISION,CONTAINER,2,0
whileSequenceActivity7,NULL,INTERNAL,INTERNAL,DECISION,CONTAINER,2,0
whileSequenceActivity8,NULL,INTERNAL,INTERNAL,DECISION,CONTAINER,2,0
whileSequenceActivity9,NULL,INTERNAL,INTERNAL,DECISION,CONTAINER,2,0
whileWorkflowsAudit,NULL,INTERNAL,INTERNAL,DECISION,CONTAINER,2,0
WinRMLogOK,NULL,INTERNAL,INTERNAL,TRANSFORM,LEAF,2,0
within_14_days,NULL,INTERNAL,INTERNAL,TRANSFORM,LEAF,2,0
WorkflowsAudit,NULL,INTERNAL,INTERNAL,TRANSFORM,LEAF,2,0
woStatus,NULL,INTERNAL,INTERNAL,TRANSFORM,LEAF,2,0
woStatusCheck,NULL,INTERNAL,INTERNAL,TRANSFORM,LEAF,2,0
woStatusCount,NULL,INTERNAL,INTERNAL,TRANSFORM,LEAF,2,0
workflowName,NULL,INTERNAL,INTERNAL,TRANSFORM,LEAF,2,0
workflowSizesQuery,NULL,INTERNAL,INTERNAL,INPUT,LEAF,2,0
xmlAddNode1,NULL,INTERNAL,INTERNAL,TRANSFORM,LEAF,2,0
xmlTableData,NULL,INTERNAL,INTERNAL,TRANSFORM,LEAF,2,0
xmlTableDataWithAttrib,NULL,INTERNAL,INTERNAL,TRANSFORM,LEAF,2,0
xmlParseCount,NULL,INTERNAL,INTERNAL,TRANSFORM,LEAF,2,0
XmlRowCount,NULL,INTERNAL,INTERNAL,TRANSFORM,LEAF,2,0
xmlDataWithAttribCount,NULL,INTERNAL,INTERNAL,TRANSFORM,LEAF,2,0
vCenterUserPassDecrypt,NULL,INTERNAL,INTERNAL,TRANSFORM,LEAF,2,0
vmAndTicket,NULL,INTERNAL,INTERNAL,TRANSFORM,LEAF,2,0
vmBackupTemplateName,NULL,INTERNAL,INTERNAL,TRANSFORM,LEAF,2,0
vmBuildCount,NULL,INTERNAL,INTERNAL,TRANSFORM,LEAF,2,0
vmClone1,NULL,INTERNAL,INTERNAL,TRANSFORM,LEAF,2,0
vmCount,NULL,INTERNAL,INTERNAL,TRANSFORM,LEAF,2,0
vmCreate1,NULL,INTERNAL,INTERNAL,OUTPUT,LEAF,2,0
vmCreateFromTemplate1,NULL,INTERNAL,INTERNAL,OUTPUT,LEAF,2,0
vmCreateSnapshot1,NULL,INTERNAL,INTERNAL,OUTPUT,LEAF,2,0
vCenterWhile,NULL,INTERNAL,INTERNAL,DECISION,CONTAINER,2,0
vmEventDBCount,NULL,INTERNAL,INTERNAL,TRANSFORM,LEAF,2,0
VERBOSE_entries,NULL,INTERNAL,INTERNAL,TRANSFORM,LEAF,2,0
VMPowerError,NULL,INTERNAL,INTERNAL,TRANSFORM,LEAF,2,0
VMSnapShotCreation,NULL,INTERNAL,INTERNAL,TRANSFORM,LEAF,2,0
VMsNumber,NULL,INTERNAL,INTERNAL,TRANSFORM,LEAF,2,0
VMsServersWhile,NULL,INTERNAL,INTERNAL,DECISION,CONTAINER,2,0
VMStopError,NULL,INTERNAL,INTERNAL,TRANSFORM,LEAF,2,0
VMsetCPUMEM,NULL,INTERNAL,INTERNAL,TRANSFORM,LEAF,2,0
wait30,NULL,INTERNAL,INTERNAL,WAIT,LEAF,2,0
vmTemplateName,NULL,INTERNAL,INTERNAL,TRANSFORM,LEAF,2,0
vmware_cluster,NULL,INTERNAL,INTERNAL,TRANSFORM,LEAF,2,0
vmMarkTemplate1,NULL,INTERNAL,INTERNAL,TRANSFORM,LEAF,2,0
vmPowerCLI2,NULL,INTERNAL,INTERNAL,TRANSFORM,LEAF,2,0
vmReboot1,NULL,INTERNAL,INTERNAL,TRANSFORM,LEAF,2,0
valuesCount,NULL,INTERNAL,INTERNAL,TRANSFORM,LEAF,2,0
userJobsAddOldCounter,NULL,INTERNAL,INTERNAL,TRANSFORM,LEAF,2,0
userJobsCounter,NULL,INTERNAL,INTERNAL,TRANSFORM,LEAF,2,0
vCenterInsertData,NULL,INTERNAL,INTERNAL,TRANSFORM,LEAF,2,0
vCenterDatastoreFailure,NULL,INTERNAL,INTERNAL,TRANSFORM,LEAF,2,0
vcenterResult,NULL,INTERNAL,INTERNAL,TRANSFORM,LEAF,2,0
vcenterResultName,NULL,INTERNAL,INTERNAL,TRANSFORM,LEAF,2,0
vcenterResultStatus,NULL,INTERNAL,INTERNAL,TRANSFORM,LEAF,2,0
vCenterSetVLAN,NULL,INTERNAL,INTERNAL,TRANSFORM,LEAF,2,0
verb_AUTO_REPAIR,NULL,INTERNAL,INTERNAL,TRANSFORM,LEAF,2,0
userInfoJson,NULL,INTERNAL,INTERNAL,TRANSFORM,LEAF,2,0
userGroup58,NULL,INTERNAL,INTERNAL,TRANSFORM,LEAF,2,0
UserName2,NULL,INTERNAL,INTERNAL,TRANSFORM,LEAF,2,0
userGroup60,NULL,INTERNAL,INTERNAL,TRANSFORM,LEAF,2,0
userGroup61,NULL,INTERNAL,INTERNAL,TRANSFORM,LEAF,2,0
userGroup62,NULL,INTERNAL,INTERNAL,TRANSFORM,LEAF,2,0
userGroup63,NULL,INTERNAL,INTERNAL,TRANSFORM,LEAF,2,0
userGroup64,NULL,INTERNAL,INTERNAL,TRANSFORM,LEAF,2,0
userGroup65,NULL,INTERNAL,INTERNAL,TRANSFORM,LEAF,2,0
updateSubRow,NULL,INTERNAL,INTERNAL,OUTPUT,LEAF,2,0
UpdateStatusApproved,NULL,INTERNAL,INTERNAL,OUTPUT,LEAF,2,0
updateToolResult,NULL,INTERNAL,INTERNAL,OUTPUT,LEAF,2,0
updateUserVars,NULL,INTERNAL,INTERNAL,OUTPUT,LEAF,2,0
updateReportCounter1,NULL,INTERNAL,INTERNAL,OUTPUT,LEAF,2,0
updateReportRowCounter2,NULL,INTERNAL,INTERNAL,OUTPUT,LEAF,2,0
updateSendGptQueryNoQuotes,NULL,INTERNAL,INTERNAL,INPUT,LEAF,2,0
updateSqlBinding,NULL,INTERNAL,INTERNAL,OUTPUT,LEAF,2,0
userdataFolderTable,NULL,INTERNAL,INTERNAL,TRANSFORM,LEAF,2,0
updateWO_Building,NULL,INTERNAL,INTERNAL,OUTPUT,LEAF,2,0
updateWOStatus,NULL,INTERNAL,INTERNAL,OUTPUT,LEAF,2,0
uploadCertFile,NULL,INTERNAL,INTERNAL,TRANSFORM,LEAF,2,0
uploadFile,NULL,INTERNAL,INTERNAL,TRANSFORM,LEAF,2,0
updatePrompt,NULL,INTERNAL,INTERNAL,OUTPUT,LEAF,2,0
userFolderPath,NULL,INTERNAL,INTERNAL,TRANSFORM,LEAF,2,0
userGroup46,NULL,INTERNAL,INTERNAL,TRANSFORM,LEAF,2,0
userGroup47,NULL,INTERNAL,INTERNAL,TRANSFORM,LEAF,2,0
userGroup48,NULL,INTERNAL,INTERNAL,TRANSFORM,LEAF,2,0
userGroup49,NULL,INTERNAL,INTERNAL,TRANSFORM,LEAF,2,0
userGroup44,NULL,INTERNAL,INTERNAL,TRANSFORM,LEAF,2,0
userGroup50,NULL,INTERNAL,INTERNAL,TRANSFORM,LEAF,2,0
userGroup51,NULL,INTERNAL,INTERNAL,TRANSFORM,LEAF,2,0
userGroup52,NULL,INTERNAL,INTERNAL,TRANSFORM,LEAF,2,0
userGroup53,NULL,INTERNAL,INTERNAL,TRANSFORM,LEAF,2,0
userGroup54,NULL,INTERNAL,INTERNAL,TRANSFORM,LEAF,2,0
userGroup55,NULL,INTERNAL,INTERNAL,TRANSFORM,LEAF,2,0
userGroup56,NULL,INTERNAL,INTERNAL,TRANSFORM,LEAF,2,0
userGroup38,NULL,INTERNAL,INTERNAL,TRANSFORM,LEAF,2,0
userGroup36,NULL,INTERNAL,INTERNAL,TRANSFORM,LEAF,2,0
userGroup33,NULL,INTERNAL,INTERNAL,TRANSFORM,LEAF,2,0
userGroup25,NULL,INTERNAL,INTERNAL,TRANSFORM,LEAF,2,0
UnionTableToAddWFs,NULL,INTERNAL,INTERNAL,TRANSFORM,LEAF,2,0
updatecurrSiteLogFileDir,NULL,INTERNAL,INTERNAL,OUTPUT,LEAF,2,0
UpdateCASuccessPatch,NULL,INTERNAL,INTERNAL,OUTPUT,LEAF,2,0
UpdateCATaskWIP,NULL,INTERNAL,INTERNAL,OUTPUT,LEAF,2,0
updateChildGroupCounter,NULL,INTERNAL,INTERNAL,OUTPUT,LEAF,2,0
unlockExecutor_TWO,NULL,INTERNAL,INTERNAL,TRANSFORM,LEAF,2,0
unlockExecutor1,NULL,INTERNAL,INTERNAL,TRANSFORM,LEAF,2,0
UnionTableAuditLogin,NULL,INTERNAL,INTERNAL,TRANSFORM,LEAF,2,0
UnionTableToAddNewWFs,NULL,INTERNAL,INTERNAL,TRANSFORM,LEAF,2,0
ugParseEventInfo,NULL,INTERNAL,INTERNAL,TRANSFORM,LEAF,2,0
ugCheckEmptyValues,NULL,INTERNAL,INTERNAL,TRANSFORM,LEAF,2,0
ugCheckSubIdInDb,NULL,INTERNAL,INTERNAL,TRANSFORM,LEAF,2,0
ugCollectCertErrors,NULL,INTERNAL,INTERNAL,TRANSFORM,LEAF,2,0
ugUpdateCertBinding,NULL,INTERNAL,INTERNAL,OUTPUT,LEAF,2,0
ugIterateSubsBuildList,NULL,INTERNAL,INTERNAL,TRANSFORM,LEAF,2,0
ugIterateSubscriptions,NULL,INTERNAL,INTERNAL,TRANSFORM,LEAF,2,0
ugIterateSubTable,NULL,INTERNAL,INTERNAL,TRANSFORM,LEAF,2,0
ugParseAccounts,NULL,INTERNAL,INTERNAL,TRANSFORM,LEAF,2,0
ugParseAccountSubs,NULL,INTERNAL,INTERNAL,TRANSFORM,LEAF,2,0
ugProcessBadCertResponse,NULL,INTERNAL,INTERNAL,TRANSFORM,LEAF,2,0
ugProcessCertCollection,NULL,INTERNAL,INTERNAL,TRANSFORM,LEAF,2,0
updateJiraStatus,NULL,INTERNAL,INTERNAL,OUTPUT,LEAF,2,0
updateFailedConnsCounter,NULL,INTERNAL,INTERNAL,OUTPUT,LEAF,2,0
updateGptResult,NULL,INTERNAL,INTERNAL,OUTPUT,LEAF,2,0
updateGroupQueryResults,NULL,INTERNAL,INTERNAL,INPUT,LEAF,2,0
updateDbStatusBuilding,NULL,INTERNAL,INTERNAL,OUTPUT,LEAF,2,0
UpdateInfoList,NULL,INTERNAL,INTERNAL,OUTPUT,LEAF,2,0
updateInsertStatement,NULL,INTERNAL,INTERNAL,OUTPUT,LEAF,2,0
topLevelDomainIds,NULL,INTERNAL,INTERNAL,TRANSFORM,LEAF,2,0
trim1,NULL,INTERNAL,INTERNAL,TRANSFORM,LEAF,2,0
ticketAttachCount,NULL,INTERNAL,INTERNAL,TRANSFORM,LEAF,2,0
ticketDescriptionHTML,NULL,INTERNAL,INTERNAL,TRANSFORM,LEAF,2,0
ticketNumber,NULL,INTERNAL,INTERNAL,TRANSFORM,LEAF,2,0
threadJson,NULL,INTERNAL,INTERNAL,TRANSFORM,LEAF,2,0
ticketSummary,NULL,INTERNAL,INTERNAL,TRANSFORM,LEAF,2,0
ticketTitle,NULL,INTERNAL,INTERNAL,TRANSFORM,LEAF,2,0
tldUsersCount,NULL,INTERNAL,INTERNAL,TRANSFORM,LEAF,2,0
trimmedAlertMetric,NULL,INTERNAL,INTERNAL,TRANSFORM,LEAF,2,0
trimRank,NULL,INTERNAL,INTERNAL,TRANSFORM,LEAF,2,0
ugAddCertBinding,NULL,INTERNAL,INTERNAL,TRANSFORM,LEAF,2,0
tsqlQuery2,NULL,INTERNAL,INTERNAL,INPUT,LEAF,2,0
tsqlVC_DataCenter,NULL,INTERNAL,INTERNAL,TRANSFORM,LEAF,2,0
tsqlVC_Network,NULL,INTERNAL,INTERNAL,TRANSFORM,LEAF,2,0
TemplateName,NULL,INTERNAL,INTERNAL,TRANSFORM,LEAF,2,0
terminate4,NULL,INTERNAL,INTERNAL,TRANSFORM,LEAF,2,0
tempWfUrl,NULL,INTERNAL,INTERNAL,TRANSFORM,LEAF,2,0
terminateWorkflow10,NULL,INTERNAL,INTERNAL,TRANSFORM,LEAF,2,0
terminateWorkflow11,NULL,INTERNAL,INTERNAL,TRANSFORM,LEAF,2,0
targetFolderCount,NULL,INTERNAL,INTERNAL,INPUT,LEAF,2,0
terminateSSHSession1,NULL,INTERNAL,INTERNAL,TRANSFORM,LEAF,2,0
summarizeResults,NULL,INTERNAL,INTERNAL,TRANSFORM,LEAF,2,0
summaryCounter,NULL,INTERNAL,INTERNAL,TRANSFORM,LEAF,2,0
summaryTableJson,NULL,INTERNAL,INTERNAL,TRANSFORM,LEAF,2,0
TableToAddNewWFs,NULL,INTERNAL,INTERNAL,TRANSFORM,LEAF,2,0
TableAddAuditLogin,NULL,INTERNAL,INTERNAL,TRANSFORM,LEAF,2,0
swResultsCount,NULL,INTERNAL,INTERNAL,TRANSFORM,LEAF,2,0
syncSubToFS,NULL,INTERNAL,INTERNAL,TRANSFORM,LEAF,2,0
TableToAddWFs,NULL,INTERNAL,INTERNAL,TRANSFORM,LEAF,2,0
tableToEventBody1,NULL,INTERNAL,INTERNAL,TRANSFORM,LEAF,2,0
subsCount,NULL,INTERNAL,INTERNAL,TRANSFORM,LEAF,2,0
submitResultsToResolve,NULL,INTERNAL,INTERNAL,TRANSFORM,LEAF,2,0
submitRow,NULL,INTERNAL,INTERNAL,TRANSFORM,LEAF,2,0
submitSql,NULL,INTERNAL,INTERNAL,TRANSFORM,LEAF,2,0
startDate,NULL,INTERNAL,INTERNAL,TRANSFORM,LEAF,2,0
startDateSeconds,NULL,INTERNAL,INTERNAL,TRANSFORM,LEAF,2,0
sqlRowCount,NULL,INTERNAL,INTERNAL,TRANSFORM,LEAF,2,0
startJsonCustomEvent,NULL,INTERNAL,INTERNAL,TRANSFORM,LEAF,2,0
startJsonCustomLabel,NULL,INTERNAL,INTERNAL,TRANSFORM,LEAF,2,0
startJsonexistingJiraComments,NULL,INTERNAL,INTERNAL,TRANSFORM,LEAF,2,0
StartPatchingUpdateLog,NULL,INTERNAL,INTERNAL,OUTPUT,LEAF,2,0
startSSHSession1,NULL,INTERNAL,INTERNAL,TRANSFORM,LEAF,2,0
startTime,NULL,INTERNAL,INTERNAL,TRANSFORM,LEAF,2,0
sqlTermDate,NULL,INTERNAL,INTERNAL,TRANSFORM,LEAF,2,0
splitVmAndTicket,NULL,INTERNAL,INTERNAL,TRANSFORM,LEAF,2,0
splitWfData,NULL,INTERNAL,INTERNAL,TRANSFORM,LEAF,2,0
SSHRestartServer,NULL,INTERNAL,INTERNAL,TRANSFORM,LEAF,2,0
splitDate,NULL,INTERNAL,INTERNAL,TRANSFORM,LEAF,2,0
sortedChildGroupsIn,NULL,INTERNAL,INTERNAL,TRANSFORM,LEAF,2,0
sortedChildGroupsInCount,NULL,INTERNAL,INTERNAL,TRANSFORM,LEAF,2,0
splitBindings,NULL,INTERNAL,INTERNAL,TRANSFORM,LEAF,2,0
splitBindingsCount,NULL,INTERNAL,INTERNAL,TRANSFORM,LEAF,2,0
splitChangeData,NULL,INTERNAL,INTERNAL,TRANSFORM,LEAF,2,0
splitPingNameIp,NULL,INTERNAL,INTERNAL,TRANSFORM,LEAF,2,0
splitReviewResume,NULL,INTERNAL,INTERNAL,TRANSFORM,LEAF,2,0
splitUrl,NULL,INTERNAL,INTERNAL,TRANSFORM,LEAF,2,0
splitUserContact,NULL,INTERNAL,INTERNAL,TRANSFORM,LEAF,2,0
splitUserInfo,NULL,INTERNAL,INTERNAL,TRANSFORM,LEAF,2,0
splitUsername,NULL,INTERNAL,INTERNAL,TRANSFORM,LEAF,2,0
splitValues,NULL,INTERNAL,INTERNAL,TRANSFORM,LEAF,2,0
snGetComments,34,ServiceNow,BUSINESS,INPUT,LEAF,2,0
snGetIncident,34,ServiceNow,BUSINESS,INPUT,LEAF,2,0
snGetRecord2,22,INTERNAL,OTHER,INPUT,LEAF,2,1
snGetRecord3,22,INTERNAL,OTHER,INPUT,LEAF,2,1
snCreateRecord1,37,ServiceNow,BUSINESS,OUTPUT,LEAF,2,0
snmpDbMapping,NULL,INTERNAL,INTERNAL,TRANSFORM,LEAF,2,0
sortedIncidents,NULL,INTERNAL,INTERNAL,TRANSFORM,LEAF,2,0
SoftwareInstalled,NULL,INTERNAL,INTERNAL,TRANSFORM,LEAF,2,0
SoftwareNotInstalled,NULL,INTERNAL,INTERNAL,TRANSFORM,LEAF,2,0
snTicketInfo,11,ServiceNow,BUSINESS,TRANSFORM,LEAF,2,0
snGetRecord1,11,ServiceNow,BUSINESS,INPUT,LEAF,2,0
snUpdateRecord6,NULL,INTERNAL,INTERNAL,OUTPUT,LEAF,2,0
setPrevTaskListResults,NULL,INTERNAL,INTERNAL,TRANSFORM,LEAF,2,0
setReviewContext,NULL,INTERNAL,INTERNAL,TRANSFORM,LEAF,2,0
setRelayAddress,NULL,INTERNAL,INTERNAL,TRANSFORM,LEAF,2,0
setRemoveActionDemotion,NULL,INTERNAL,INTERNAL,TRANSFORM,LEAF,2,0
setRemoveActionOld,NULL,INTERNAL,INTERNAL,TRANSFORM,LEAF,2,0
setReportLocation,NULL,INTERNAL,INTERNAL,TRANSFORM,LEAF,2,0
SetScheduleType,NULL,INTERNAL,INTERNAL,TRANSFORM,LEAF,2,0
setRunPayload,NULL,INTERNAL,INTERNAL,TRANSFORM,LEAF,2,0
setSendGptQueryERROR,NULL,INTERNAL,INTERNAL,INPUT,LEAF,2,0
setScore,NULL,INTERNAL,INTERNAL,TRANSFORM,LEAF,2,0
setPingResults,NULL,INTERNAL,INTERNAL,TRANSFORM,LEAF,2,0
setPingResultsNotFound,NULL,INTERNAL,INTERNAL,TRANSFORM,LEAF,2,0
SetNotesFailedReboot,NULL,INTERNAL,INTERNAL,TRANSFORM,LEAF,2,0
setOwnerUsername,NULL,INTERNAL,INTERNAL,TRANSFORM,LEAF,2,0
SetPolicyName,NULL,INTERNAL,INTERNAL,TRANSFORM,LEAF,2,0
SetPolicyType,NULL,INTERNAL,INTERNAL,TRANSFORM,LEAF,2,0
setPsReadyFlag,NULL,INTERNAL,INTERNAL,TRANSFORM,LEAF,2,0
setPsReadyFlagAfterUpgrade,NULL,INTERNAL,INTERNAL,TRANSFORM,LEAF,2,0
setSmtpProxyFailed,NULL,INTERNAL,INTERNAL,TRANSFORM,LEAF,2,0
setSmtpProxySuccess,NULL,INTERNAL,INTERNAL,TRANSFORM,LEAF,2,0
setServiceStatusRunning,NULL,INTERNAL,INTERNAL,TRANSFORM,LEAF,2,0
setServiceLogonCredentials1,NULL,INTERNAL,INTERNAL,TRANSFORM,LEAF,2,0
setSqlFailed,NULL,INTERNAL,INTERNAL,TRANSFORM,LEAF,2,0
setSqlInsertPrefix,NULL,INTERNAL,INTERNAL,TRANSFORM,LEAF,2,0
SetStatusFailedTimeLimit,NULL,INTERNAL,INTERNAL,TRANSFORM,LEAF,2,0
SetStatusFailedToCheckRemainingUpdates,NULL,INTERNAL,INTERNAL,OUTPUT,LEAF,2,0
SetStatusLinux,NULL,INTERNAL,INTERNAL,TRANSFORM,LEAF,2,0
SetStatusModuleFailed,NULL,INTERNAL,INTERNAL,TRANSFORM,LEAF,2,0
SetStatusNoPSVer,NULL,INTERNAL,INTERNAL,TRANSFORM,LEAF,2,0
setStatusDisabled,NULL,INTERNAL,INTERNAL,TRANSFORM,LEAF,2,0
setSitePort,NULL,INTERNAL,INTERNAL,TRANSFORM,LEAF,2,0
SetStatusFailedReboot,NULL,INTERNAL,INTERNAL,TRANSFORM,LEAF,2,0
setSqlSuccess,NULL,INTERNAL,INTERNAL,TRANSFORM,LEAF,2,0
SetState,NULL,INTERNAL,INTERNAL,TRANSFORM,LEAF,2,0
SetStatusActiveBackup,NULL,INTERNAL,INTERNAL,TRANSFORM,LEAF,2,0
SetStatusSuccessUpdate,NULL,INTERNAL,INTERNAL,OUTPUT,LEAF,2,0
SetStatusSuspendJobFailed,NULL,INTERNAL,INTERNAL,TRANSFORM,LEAF,2,0
SetStatusPSLowVer,NULL,INTERNAL,INTERNAL,TRANSFORM,LEAF,2,0
SetStatusRDPPingFailed,NULL,INTERNAL,INTERNAL,TRANSFORM,LEAF,2,0
SetStatusRemaingUpdatesFailed,NULL,INTERNAL,INTERNAL,OUTPUT,LEAF,2,0
SetStatusSnapFailed,NULL,INTERNAL,INTERNAL,TRANSFORM,LEAF,2,0
SetStatusUpdateIssue,NULL,INTERNAL,INTERNAL,OUTPUT,LEAF,2,0
SetStatusWindows,NULL,INTERNAL,INTERNAL,TRANSFORM,LEAF,2,0
SetStatusWinRMFailed,NULL,INTERNAL,INTERNAL,TRANSFORM,LEAF,2,0
setSummary,NULL,INTERNAL,INTERNAL,TRANSFORM,LEAF,2,0
setTaskListResults,NULL,INTERNAL,INTERNAL,TRANSFORM,LEAF,2,0
setSummaryFileName,NULL,INTERNAL,INTERNAL,TRANSFORM,LEAF,2,0
setTestData,NULL,INTERNAL,INTERNAL,TRANSFORM,LEAF,2,0
setTextValidResponseFalse,NULL,INTERNAL,INTERNAL,TRANSFORM,LEAF,2,0
setTextValidResponseTrue,NULL,INTERNAL,INTERNAL,TRANSFORM,LEAF,2,0
setTicketDesc,NULL,INTERNAL,INTERNAL,TRANSFORM,LEAF,2,0
setUUIDOWnerUsername,NULL,INTERNAL,INTERNAL,TRANSFORM,LEAF,2,0
setVmailResultsString,NULL,INTERNAL,INTERNAL,TRANSFORM,LEAF,2,0
setVMDaysOff1,NULL,INTERNAL,INTERNAL,TRANSFORM,LEAF,2,0
setVMDaysOff2,NULL,INTERNAL,INTERNAL,TRANSFORM,LEAF,2,0
setVMHost1,NULL,INTERNAL,INTERNAL,TRANSFORM,LEAF,2,0
setVMHost2,NULL,INTERNAL,INTERNAL,TRANSFORM,LEAF,2,0
setVmInfo,NULL,INTERNAL,INTERNAL,TRANSFORM,LEAF,2,0
setvCenterFolderLocation1,NULL,INTERNAL,INTERNAL,TRANSFORM,LEAF,2,0
setvCenterFolderLocation2,NULL,INTERNAL,INTERNAL,TRANSFORM,LEAF,2,0
setVCenterInfo,NULL,INTERNAL,INTERNAL,TRANSFORM,LEAF,2,0
setvmName1,NULL,INTERNAL,INTERNAL,TRANSFORM,LEAF,2,0
setVMName2,NULL,INTERNAL,INTERNAL,TRANSFORM,LEAF,2,0
setVMNotes1,NULL,INTERNAL,INTERNAL,TRANSFORM,LEAF,2,0
setVMNotes2,NULL,INTERNAL,INTERNAL,TRANSFORM,LEAF,2,0
setUserInfoContext,NULL,INTERNAL,INTERNAL,TRANSFORM,LEAF,2,0
setUserJobsOldAction,NULL,INTERNAL,INTERNAL,TRANSFORM,LEAF,2,0
setUserJobsOldAdGroup,NULL,INTERNAL,INTERNAL,TRANSFORM,LEAF,2,0
setUploadCmd,NULL,INTERNAL,INTERNAL,TRANSFORM,LEAF,2,0
setUser,NULL,INTERNAL,INTERNAL,TRANSFORM,LEAF,2,0
setUserContact,NULL,INTERNAL,INTERNAL,TRANSFORM,LEAF,2,0
setUserVmailPin,NULL,INTERNAL,INTERNAL,TRANSFORM,LEAF,2,0
setUserVmailPinStatusCode,NULL,INTERNAL,INTERNAL,TRANSFORM,LEAF,2,0
setTicketNumber,NULL,INTERNAL,INTERNAL,TRANSFORM,LEAF,2,0
snCreateRecord1,NULL,INTERNAL,INTERNAL,OUTPUT,LEAF,2,0
SetWFsMeM,NULL,INTERNAL,INTERNAL,TRANSFORM,LEAF,2,0
SetWFVar,NULL,INTERNAL,INTERNAL,TRANSFORM,LEAF,2,0
smaxCommentExistsInJira,NULL,INTERNAL,INTERNAL,TRANSFORM,LEAF,2,0
smaxTicketList,NULL,INTERNAL,INTERNAL,TRANSFORM,LEAF,2,0
smtpProxyStatusCode,NULL,INTERNAL,INTERNAL,TRANSFORM,LEAF,2,0
slnpmAddNote1,28,SolarWinds NPM,OTHER,TRANSFORM,LEAF,2,0
slnpmGetAlert1,28,SolarWinds NPM,OTHER,INPUT,LEAF,2,0
Site,NULL,INTERNAL,INTERNAL,TRANSFORM,LEAF,2,0
siteCount,NULL,INTERNAL,INTERNAL,TRANSFORM,LEAF,2,0
siteLogInfoData,NULL,INTERNAL,INTERNAL,TRANSFORM,LEAF,2,0
SetWorkflowVar,NULL,INTERNAL,INTERNAL,TRANSFORM,LEAF,2,0
setWorkflowVariables,NULL,INTERNAL,INTERNAL,TRANSFORM,LEAF,2,0
SkipTask,NULL,INTERNAL,INTERNAL,TRANSFORM,LEAF,2,0
setZipFileName,NULL,INTERNAL,INTERNAL,TRANSFORM,LEAF,2,0
setApprovalStatus,NULL,INTERNAL,INTERNAL,TRANSFORM,LEAF,2,0
setAlertData,NULL,INTERNAL,INTERNAL,TRANSFORM,LEAF,2,0
setActivityListToolResult,NULL,INTERNAL,INTERNAL,TRANSFORM,LEAF,2,0
serviceListCount,NULL,INTERNAL,INTERNAL,TRANSFORM,LEAF,2,0
SetAuditLoginMeM,NULL,INTERNAL,INTERNAL,TRANSFORM,LEAF,2,0
SetAuditLoginVar,NULL,INTERNAL,INTERNAL,TRANSFORM,LEAF,2,0
setBindingErrorNotes,NULL,INTERNAL,INTERNAL,TRANSFORM,LEAF,2,0
setBindingErrorStatus,NULL,INTERNAL,INTERNAL,TRANSFORM,LEAF,2,0
setBindingStatusIgnore,NULL,INTERNAL,INTERNAL,TRANSFORM,LEAF,2,0
setBindingSuccessStatus,NULL,INTERNAL,INTERNAL,TRANSFORM,LEAF,2,0
ServicesSanityCheck,NULL,INTERNAL,INTERNAL,TRANSFORM,LEAF,2,0
serviceStatusGroup,NULL,INTERNAL,INTERNAL,TRANSFORM,LEAF,2,0
serviceStatusResults,NULL,INTERNAL,INTERNAL,TRANSFORM,LEAF,2,0
setActivityData,NULL,INTERNAL,INTERNAL,TRANSFORM,LEAF,2,0
setCellValue7,NULL,INTERNAL,INTERNAL,TRANSFORM,LEAF,2,0
setCertBindingLastModified,NULL,INTERNAL,INTERNAL,TRANSFORM,LEAF,2,0
setCertDateAdded,NULL,INTERNAL,INTERNAL,TRANSFORM,LEAF,2,0
setCertFileName,NULL,INTERNAL,INTERNAL,TRANSFORM,LEAF,2,0
setCertNameVar,NULL,INTERNAL,INTERNAL,TRANSFORM,LEAF,2,0
setClosedClassification,NULL,INTERNAL,INTERNAL,TRANSFORM,LEAF,2,0
setClosedIncident,NULL,INTERNAL,INTERNAL,TRANSFORM,LEAF,2,0
setClosedName,NULL,INTERNAL,INTERNAL,TRANSFORM,LEAF,2,0
setCorrigoTicketDesc,NULL,INTERNAL,INTERNAL,TRANSFORM,LEAF,2,0
SetCorrigoWorkorder,NULL,INTERNAL,INTERNAL,TRANSFORM,LEAF,2,0
setCurrQualOutput,NULL,INTERNAL,INTERNAL,TRANSFORM,LEAF,2,0
setDbEnvEnt2,NULL,INTERNAL,INTERNAL,TRANSFORM,LEAF,2,0
setDbEnvPrd,NULL,INTERNAL,INTERNAL,TRANSFORM,LEAF,2,0
setDbUrl,NULL,INTERNAL,INTERNAL,TRANSFORM,LEAF,2,0
setEmailSubj,NULL,INTERNAL,INTERNAL,TRANSFORM,LEAF,2,0
setDevIp,NULL,INTERNAL,INTERNAL,TRANSFORM,LEAF,2,0
setMAC,NULL,INTERNAL,INTERNAL,TRANSFORM,LEAF,2,0
SetJobSubType,NULL,INTERNAL,INTERNAL,TRANSFORM,LEAF,2,0
SetJobType,NULL,INTERNAL,INTERNAL,TRANSFORM,LEAF,2,0
setJsonData,NULL,INTERNAL,INTERNAL,TRANSFORM,LEAF,2,0
setJsonValidResponseFalse,NULL,INTERNAL,INTERNAL,TRANSFORM,LEAF,2,0
setJsonValidResponseTrue,NULL,INTERNAL,INTERNAL,TRANSFORM,LEAF,2,0
setIncidentTicketID2,NULL,INTERNAL,INTERNAL,TRANSFORM,LEAF,2,0
setGetMsgActionsFailed,NULL,INTERNAL,INTERNAL,INPUT,LEAF,2,0
setInfo,NULL,INTERNAL,INTERNAL,TRANSFORM,LEAF,2,0
setDefaultPin,NULL,INTERNAL,INTERNAL,TRANSFORM,LEAF,2,0
setErrorMsg,NULL,INTERNAL,INTERNAL,TRANSFORM,LEAF,2,0
setExecutorFlagFound,NULL,INTERNAL,INTERNAL,TRANSFORM,LEAF,2,0
setExecutorFlagNotFound,NULL,INTERNAL,INTERNAL,TRANSFORM,LEAF,2,0
setFolderPermissions1,NULL,INTERNAL,INTERNAL,TRANSFORM,LEAF,2,0
setMessageActionsSuccess,NULL,INTERNAL,INTERNAL,TRANSFORM,LEAF,2,0
setMaxSqlInsert,NULL,INTERNAL,INTERNAL,TRANSFORM,LEAF,2,0
setExecutorRemote,NULL,INTERNAL,INTERNAL,TRANSFORM,LEAF,2,0
setMessageActionsFailed,NULL,INTERNAL,INTERNAL,TRANSFORM,LEAF,2,0
setModifiedDate,NULL,INTERNAL,INTERNAL,TRANSFORM,LEAF,2,0
setNewAzureVmName,NULL,INTERNAL,INTERNAL,TRANSFORM,LEAF,2,0
setNewScanPathFolderPerms,NULL,INTERNAL,INTERNAL,TRANSFORM,LEAF,2,0
setNewSqlRow,NULL,INTERNAL,INTERNAL,TRANSFORM,LEAF,2,0
SetNotesSuccessUpdate,NULL,INTERNAL,INTERNAL,OUTPUT,LEAF,2,0
SetNotesSuspendJobFailed,NULL,INTERNAL,INTERNAL,TRANSFORM,LEAF,2,0
SetNotesUpdateIssue,NULL,INTERNAL,INTERNAL,OUTPUT,LEAF,2,0
SetNotesWindows,NULL,INTERNAL,INTERNAL,TRANSFORM,LEAF,2,0
SetNotesWinRMFailed,NULL,INTERNAL,INTERNAL,TRANSFORM,LEAF,2,0
SetNotesNoPSVer,NULL,INTERNAL,INTERNAL,TRANSFORM,LEAF,2,0
SetNotesNoUpdates,NULL,INTERNAL,INTERNAL,OUTPUT,LEAF,2,0
SetNotesPSVerLow,NULL,INTERNAL,INTERNAL,TRANSFORM,LEAF,2,0
SetNotesRDPPingFailed,NULL,INTERNAL,INTERNAL,TRANSFORM,LEAF,2,0
SetNotesRemaingUpdatesFailed,NULL,INTERNAL,INTERNAL,OUTPUT,LEAF,2,0
SetNotesSnapFailed,NULL,INTERNAL,INTERNAL,TRANSFORM,LEAF,2,0
SetNotesFailedTimeLimit,NULL,INTERNAL,INTERNAL,TRANSFORM,LEAF,2,0
SetNotesFailedToCheckRemainingUpdates,NULL,INTERNAL,INTERNAL,OUTPUT,LEAF,2,0
SetNotesLinux,NULL,INTERNAL,INTERNAL,TRANSFORM,LEAF,2,0
SetNotesModuleFailed,NULL,INTERNAL,INTERNAL,TRANSFORM,LEAF,2,0
setMyScannedFilesPath,NULL,INTERNAL,INTERNAL,TRANSFORM,LEAF,2,0
SetNotesActiveBackup,NULL,INTERNAL,INTERNAL,TRANSFORM,LEAF,2,0
SetNewWFsMeM,NULL,INTERNAL,INTERNAL,TRANSFORM,LEAF,2,0
SetNewWFsVar,NULL,INTERNAL,INTERNAL,TRANSFORM,LEAF,2,0
displayUrl,NULL,INTERNAL,INTERNAL,TRANSFORM,LEAF,2,0
displayValue19,NULL,INTERNAL,INTERNAL,TRANSFORM,LEAF,2,0
displaySummary,NULL,INTERNAL,INTERNAL,TRANSFORM,LEAF,2,0
displayTxt,NULL,INTERNAL,INTERNAL,TRANSFORM,LEAF,2,0
displaySqlStatement,NULL,INTERNAL,INTERNAL,TRANSFORM,LEAF,2,0
displaySubjectVM,NULL,INTERNAL,INTERNAL,TRANSFORM,LEAF,2,0
DisplayTaskNumber,NULL,INTERNAL,INTERNAL,TRANSFORM,LEAF,2,0
displayKey,NULL,INTERNAL,INTERNAL,TRANSFORM,LEAF,2,0
displayIDoc1,NULL,INTERNAL,INTERNAL,TRANSFORM,LEAF,2,0
displayDocx,NULL,INTERNAL,INTERNAL,TRANSFORM,LEAF,2,0
displayNonce,NULL,INTERNAL,INTERNAL,TRANSFORM,LEAF,2,0
displayPDF,NULL,INTERNAL,INTERNAL,TRANSFORM,LEAF,2,0
displayMultiValue3,NULL,INTERNAL,INTERNAL,TRANSFORM,LEAF,2,0
displayCorrigoticketWorkorder,NULL,INTERNAL,INTERNAL,TRANSFORM,LEAF,2,0
disableAccount,NULL,INTERNAL,INTERNAL,TRANSFORM,LEAF,2,0
displayApprovalStatus,NULL,INTERNAL,INTERNAL,TRANSFORM,LEAF,2,0
DisplayAuditTable,NULL,INTERNAL,INTERNAL,TRANSFORM,LEAF,2,0
displayBaseString,NULL,INTERNAL,INTERNAL,TRANSFORM,LEAF,2,0
DisableNetPolicy,NULL,INTERNAL,INTERNAL,TRANSFORM,LEAF,2,0
displayAllUrls,NULL,INTERNAL,INTERNAL,TRANSFORM,LEAF,2,0
devName,NULL,INTERNAL,INTERNAL,TRANSFORM,LEAF,2,0
devNameWithPrefix,NULL,INTERNAL,INTERNAL,TRANSFORM,LEAF,2,0
dirContainsSystemDrive,NULL,INTERNAL,INTERNAL,TRANSFORM,LEAF,2,0
dataIn,NULL,INTERNAL,INTERNAL,TRANSFORM,LEAF,2,0
dataLocations,NULL,INTERNAL,INTERNAL,TRANSFORM,LEAF,2,0
datacenter,NULL,INTERNAL,INTERNAL,TRANSFORM,LEAF,2,0
datacenterCount,NULL,INTERNAL,INTERNAL,TRANSFORM,LEAF,2,0
customEventTable,NULL,INTERNAL,INTERNAL,TRANSFORM,LEAF,2,0
customLabelTable,NULL,INTERNAL,INTERNAL,TRANSFORM,LEAF,2,0
customValueTable,NULL,INTERNAL,INTERNAL,TRANSFORM,LEAF,2,0
currWfName,NULL,INTERNAL,INTERNAL,TRANSFORM,LEAF,2,0
DatabaseCluster,NULL,INTERNAL,INTERNAL,TRANSFORM,LEAF,2,0
currWFUrlNum,NULL,INTERNAL,INTERNAL,TRANSFORM,LEAF,2,0
currWebSiteRowNum,NULL,INTERNAL,INTERNAL,TRANSFORM,LEAF,2,0
currWfDataRowNum,NULL,INTERNAL,INTERNAL,TRANSFORM,LEAF,2,0
currXmlActivity,NULL,INTERNAL,INTERNAL,TRANSFORM,LEAF,2,0
currXmlNode,NULL,INTERNAL,INTERNAL,TRANSFORM,LEAF,2,0
currXmlPath,NULL,INTERNAL,INTERNAL,TRANSFORM,LEAF,2,0
deleteMemoryTableRows4,NULL,INTERNAL,INTERNAL,TRANSFORM,LEAF,2,0
deleteMemoryTableRows5,NULL,INTERNAL,INTERNAL,TRANSFORM,LEAF,2,0
DatastoreMostSpace,NULL,INTERNAL,INTERNAL,TRANSFORM,LEAF,2,0
deleteExtraLocalCols,NULL,INTERNAL,INTERNAL,TRANSFORM,LEAF,2,0
dbCounter,NULL,INTERNAL,INTERNAL,TRANSFORM,LEAF,2,0
DeleteCSVvCenter,NULL,INTERNAL,INTERNAL,TRANSFORM,LEAF,2,0
deleteDbTable,NULL,INTERNAL,INTERNAL,TRANSFORM,LEAF,2,0
dayOfWeek,NULL,INTERNAL,INTERNAL,TRANSFORM,LEAF,2,0
dbBindingRow,NULL,INTERNAL,INTERNAL,TRANSFORM,LEAF,2,0
dbBindingRowCount,NULL,INTERNAL,INTERNAL,TRANSFORM,LEAF,2,0
dbCheckForIgnore,NULL,INTERNAL,INTERNAL,TRANSFORM,LEAF,2,0
currType,NULL,INTERNAL,INTERNAL,TRANSFORM,LEAF,2,0
currTask,NULL,INTERNAL,INTERNAL,TRANSFORM,LEAF,2,0
currSwInstallStatus,NULL,INTERNAL,INTERNAL,TRANSFORM,LEAF,2,0
currServerLogRowNum,NULL,INTERNAL,INTERNAL,TRANSFORM,LEAF,2,0
currSubRow,NULL,INTERNAL,INTERNAL,TRANSFORM,LEAF,2,0
currSwInstallName,NULL,INTERNAL,INTERNAL,TRANSFORM,LEAF,2,0
currSource,NULL,INTERNAL,INTERNAL,TRANSFORM,LEAF,2,0
currVcenterCreds,NULL,INTERNAL,INTERNAL,TRANSFORM,LEAF,2,0
currVarName,NULL,INTERNAL,INTERNAL,TRANSFORM,LEAF,2,0
currVcenterLocation,NULL,INTERNAL,INTERNAL,TRANSFORM,LEAF,2,0
currVcenterName,NULL,INTERNAL,INTERNAL,TRANSFORM,LEAF,2,0
currUserContact,NULL,INTERNAL,INTERNAL,TRANSFORM,LEAF,2,0
currTitle,NULL,INTERNAL,INTERNAL,TRANSFORM,LEAF,2,0
currUrl,NULL,INTERNAL,INTERNAL,TRANSFORM,LEAF,2,0
currUserName,NULL,INTERNAL,INTERNAL,TRANSFORM,LEAF,2,0
currServer,NULL,INTERNAL,INTERNAL,TRANSFORM,LEAF,2,0
currSite,NULL,INTERNAL,INTERNAL,TRANSFORM,LEAF,2,0
currSiteLogFileDir,NULL,INTERNAL,INTERNAL,TRANSFORM,LEAF,2,0
currSiteLogFileInfo,NULL,INTERNAL,INTERNAL,TRANSFORM,LEAF,2,0
currSiteName,NULL,INTERNAL,INTERNAL,TRANSFORM,LEAF,2,0
currSitePort,NULL,INTERNAL,INTERNAL,TRANSFORM,LEAF,2,0
currSiteProtocol,NULL,INTERNAL,INTERNAL,TRANSFORM,LEAF,2,0
currSnapShotRowNum,NULL,INTERNAL,INTERNAL,TRANSFORM,LEAF,2,0
currSnapshotCreationDate,NULL,INTERNAL,INTERNAL,TRANSFORM,LEAF,2,0
currServerOs,NULL,INTERNAL,INTERNAL,TRANSFORM,LEAF,2,0
currResultRowNum,NULL,INTERNAL,INTERNAL,TRANSFORM,LEAF,2,0
currNotes,NULL,INTERNAL,INTERNAL,TRANSFORM,LEAF,2,0
currNasFileRowNum,NULL,INTERNAL,INTERNAL,TRANSFORM,LEAF,2,0
currMessagesData,NULL,INTERNAL,INTERNAL,TRANSFORM,LEAF,2,0
currModifiedDate,NULL,INTERNAL,INTERNAL,TRANSFORM,LEAF,2,0
currModuleName,NULL,INTERNAL,INTERNAL,TRANSFORM,LEAF,2,0
currRecordsRowNum,NULL,INTERNAL,INTERNAL,TRANSFORM,LEAF,2,0
currRenewalDate,NULL,INTERNAL,INTERNAL,TRANSFORM,LEAF,2,0
currPlanCode,NULL,INTERNAL,INTERNAL,TRANSFORM,LEAF,2,0
currPort,NULL,INTERNAL,INTERNAL,TRANSFORM,LEAF,2,0
currPreviousRenewalDate,NULL,INTERNAL,INTERNAL,TRANSFORM,LEAF,2,0
currNextRenewalDate,NULL,INTERNAL,INTERNAL,TRANSFORM,LEAF,2,0
currOldGroupRowNum,NULL,INTERNAL,INTERNAL,TRANSFORM,LEAF,2,0
currProduct,NULL,INTERNAL,INTERNAL,TRANSFORM,LEAF,2,0
currentRowNum,NULL,INTERNAL,INTERNAL,TRANSFORM,LEAF,2,0
currentWorkflow,NULL,INTERNAL,INTERNAL,TRANSFORM,LEAF,2,0
currentServerRow,NULL,INTERNAL,INTERNAL,TRANSFORM,LEAF,2,0
currentSqlRowNum,NULL,INTERNAL,INTERNAL,TRANSFORM,LEAF,2,0
currentDate,NULL,INTERNAL,INTERNAL,TRANSFORM,LEAF,2,0
currentParseRow,NULL,INTERNAL,INTERNAL,TRANSFORM,LEAF,2,0
currentRow,NULL,INTERNAL,INTERNAL,TRANSFORM,LEAF,2,0
currCrRowNum,NULL,INTERNAL,INTERNAL,TRANSFORM,LEAF,2,0
currActivitySettings,NULL,INTERNAL,INTERNAL,TRANSFORM,LEAF,2,0
currDataRow,NULL,INTERNAL,INTERNAL,TRANSFORM,LEAF,2,0
currDomainRowNum,NULL,INTERNAL,INTERNAL,TRANSFORM,LEAF,2,0
currentAccountRow,NULL,INTERNAL,INTERNAL,TRANSFORM,LEAF,2,0
currentActivityName,NULL,INTERNAL,INTERNAL,TRANSFORM,LEAF,2,0
currDate,NULL,INTERNAL,INTERNAL,TRANSFORM,LEAF,2,0
currentCommentNumber,NULL,INTERNAL,INTERNAL,TRANSFORM,LEAF,2,0
currHost,NULL,INTERNAL,INTERNAL,TRANSFORM,LEAF,2,0
currHostLocation,NULL,INTERNAL,INTERNAL,TRANSFORM,LEAF,2,0
currHostModules,NULL,INTERNAL,INTERNAL,TRANSFORM,LEAF,2,0
currHostname,NULL,INTERNAL,INTERNAL,TRANSFORM,LEAF,2,0
currIisSiteList,NULL,INTERNAL,INTERNAL,TRANSFORM,LEAF,2,0
currJiraAtachFileName,NULL,INTERNAL,INTERNAL,TRANSFORM,LEAF,2,0
currJiraAttachRowNum,NULL,INTERNAL,INTERNAL,TRANSFORM,LEAF,2,0
currJiraCommentHtml,NULL,INTERNAL,INTERNAL,TRANSFORM,LEAF,2,0
currJsonRowNum,NULL,INTERNAL,INTERNAL,TRANSFORM,LEAF,2,0
currIp,NULL,INTERNAL,INTERNAL,TRANSFORM,LEAF,2,0
currIpAddress,NULL,INTERNAL,INTERNAL,TRANSFORM,LEAF,2,0
currMappingRowNum,NULL,INTERNAL,INTERNAL,TRANSFORM,LEAF,2,0
currExecutorName,NULL,INTERNAL,INTERNAL,TRANSFORM,LEAF,2,0
currFailedConns,NULL,INTERNAL,INTERNAL,TRANSFORM,LEAF,2,0
currentWorkflowLoopNum,NULL,INTERNAL,INTERNAL,TRANSFORM,LEAF,2,0
currentWorkflowNum,NULL,INTERNAL,INTERNAL,TRANSFORM,LEAF,2,0
currentXml,NULL,INTERNAL,INTERNAL,TRANSFORM,LEAF,2,0
currentXmlAttribFlag,NULL,INTERNAL,INTERNAL,TRANSFORM,LEAF,2,0
currentXmlRow,NULL,INTERNAL,INTERNAL,TRANSFORM,LEAF,2,0
currentXpathQuery,NULL,INTERNAL,INTERNAL,INPUT,LEAF,2,0
currFileData,NULL,INTERNAL,INTERNAL,TRANSFORM,LEAF,2,0
EnablePSremote,NULL,INTERNAL,INTERNAL,TRANSFORM,LEAF,2,0
EmailToCustomerValidation,NULL,INTERNAL,INTERNAL,TRANSFORM,LEAF,2,0
empNum,NULL,INTERNAL,INTERNAL,TRANSFORM,LEAF,2,0
empOffice,NULL,INTERNAL,INTERNAL,TRANSFORM,LEAF,2,0
Email,NULL,INTERNAL,INTERNAL,TRANSFORM,LEAF,2,0
emailAddress,NULL,INTERNAL,INTERNAL,TRANSFORM,LEAF,2,0
displayWO,NULL,INTERNAL,INTERNAL,TRANSFORM,LEAF,2,0
displayWoQueryPayload,NULL,INTERNAL,INTERNAL,INPUT,LEAF,2,0
drives_requested,NULL,INTERNAL,INTERNAL,TRANSFORM,LEAF,2,0
DRProtectedFalse,NULL,INTERNAL,INTERNAL,TRANSFORM,LEAF,2,0
DRProtectedTrue,NULL,INTERNAL,INTERNAL,TRANSFORM,LEAF,2,0
dmzUser,NULL,INTERNAL,INTERNAL,TRANSFORM,LEAF,2,0
Domain,NULL,INTERNAL,INTERNAL,TRANSFORM,LEAF,2,0
eComGroupQuery,NULL,INTERNAL,INTERNAL,INPUT,LEAF,2,0
excelWriteWithColoredHeaders1,NULL,INTERNAL,INTERNAL,TRANSFORM,LEAF,2,0
excelWriteWithDropdown1,NULL,INTERNAL,INTERNAL,TRANSFORM,LEAF,2,0
eventsData,NULL,INTERNAL,INTERNAL,TRANSFORM,LEAF,2,0
evidenceComGroupCount,NULL,INTERNAL,INTERNAL,TRANSFORM,LEAF,2,0
excelAttachmentList,NULL,INTERNAL,INTERNAL,TRANSFORM,LEAF,2,0
excelAttachmentPath,NULL,INTERNAL,INTERNAL,TRANSFORM,LEAF,2,0
ExecutorAssignment,NULL,INTERNAL,INTERNAL,TRANSFORM,LEAF,2,0
evalXmlExpression,NULL,INTERNAL,INTERNAL,TRANSFORM,LEAF,2,0
ESTasks,11,ServiceNow,BUSINESS,TRANSFORM,LEAF,2,0
ESTasksCount,NULL,INTERNAL,INTERNAL,TRANSFORM,LEAF,2,0
EstDate,NULL,INTERNAL,INTERNAL,TRANSFORM,LEAF,2,0
escapeDoubleQuote,NULL,INTERNAL,INTERNAL,TRANSFORM,LEAF,2,0
EnableNetPolicy,NULL,INTERNAL,INTERNAL,TRANSFORM,LEAF,2,0
EngineModules,NULL,INTERNAL,INTERNAL,TRANSFORM,LEAF,2,0
EscapeBackslash,NULL,INTERNAL,INTERNAL,TRANSFORM,LEAF,2,0
domainsCount,NULL,INTERNAL,INTERNAL,TRANSFORM,LEAF,2,0
domainUser,NULL,INTERNAL,INTERNAL,TRANSFORM,LEAF,2,0
endDateSeconds,NULL,INTERNAL,INTERNAL,TRANSFORM,LEAF,2,0
endTime,NULL,INTERNAL,INTERNAL,TRANSFORM,LEAF,2,0
EraseDBTableSolarWinds,NULL,INTERNAL,INTERNAL,TRANSFORM,LEAF,2,0
EraseDBTableVcenter,NULL,INTERNAL,INTERNAL,TRANSFORM,LEAF,2,0
filterJIraStatus,NULL,INTERNAL,INTERNAL,TRANSFORM,LEAF,2,0
FilterAuditTable,NULL,INTERNAL,INTERNAL,TRANSFORM,LEAF,2,0
filterCurrTask,NULL,INTERNAL,INTERNAL,TRANSFORM,LEAF,2,0
filterDevName,NULL,INTERNAL,INTERNAL,TRANSFORM,LEAF,2,0
filterDevNameCount,NULL,INTERNAL,INTERNAL,TRANSFORM,LEAF,2,0
filterDMZ,NULL,INTERNAL,INTERNAL,TRANSFORM,LEAF,2,0
filterDomainUser,NULL,INTERNAL,INTERNAL,TRANSFORM,LEAF,2,0
fileModifiedDate1,NULL,INTERNAL,INTERNAL,TRANSFORM,LEAF,2,0
fileNameRef,NULL,INTERNAL,INTERNAL,TRANSFORM,LEAF,2,0
fileRename1,NULL,INTERNAL,INTERNAL,TRANSFORM,LEAF,2,0
FileSize,NULL,INTERNAL,INTERNAL,TRANSFORM,LEAF,2,0
filterAlertMetric,NULL,INTERNAL,INTERNAL,TRANSFORM,LEAF,2,0
filterAlertText,NULL,INTERNAL,INTERNAL,TRANSFORM,LEAF,2,0
filterAlerttextCount,NULL,INTERNAL,INTERNAL,TRANSFORM,LEAF,2,0
FilterAllRunningAfter,NULL,INTERNAL,INTERNAL,TRANSFORM,LEAF,2,0
FilterAllRunningBefore,NULL,INTERNAL,INTERNAL,TRANSFORM,LEAF,2,0
fileWriteDevariablized1,NULL,INTERNAL,INTERNAL,TRANSFORM,LEAF,2,0
exitWhile8,NULL,INTERNAL,INTERNAL,DECISION,CONTAINER,2,0
exitWhile9,NULL,INTERNAL,INTERNAL,DECISION,CONTAINER,2,0
existingSMAXAttachments,NULL,INTERNAL,INTERNAL,TRANSFORM,LEAF,2,0
existingSMAXComments,NULL,INTERNAL,INTERNAL,TRANSFORM,LEAF,2,0
exitWhile10,NULL,INTERNAL,INTERNAL,DECISION,CONTAINER,2,0
extractLineFromText1,NULL,INTERNAL,INTERNAL,TRANSFORM,LEAF,2,0
extractName1,NULL,INTERNAL,INTERNAL,TRANSFORM,LEAF,2,0
extractName2,NULL,INTERNAL,INTERNAL,TRANSFORM,LEAF,2,0
fileDownload1,NULL,INTERNAL,INTERNAL,TRANSFORM,LEAF,2,0
fileInfo,NULL,INTERNAL,INTERNAL,TRANSFORM,LEAF,2,0
fileInfoCount,NULL,INTERNAL,INTERNAL,TRANSFORM,LEAF,2,0
FileCreationDate,NULL,INTERNAL,INTERNAL,TRANSFORM,LEAF,2,0
extendAccountExpirationDate,NULL,INTERNAL,INTERNAL,TRANSFORM,LEAF,2,0
fileAccessedDate1,NULL,INTERNAL,INTERNAL,TRANSFORM,LEAF,2,0
FailedServerPatches,NULL,INTERNAL,INTERNAL,TRANSFORM,LEAF,2,0
FilterFiles,NULL,INTERNAL,INTERNAL,TRANSFORM,LEAF,2,0
filterUserContact,NULL,INTERNAL,INTERNAL,TRANSFORM,LEAF,2,0
filteruserContactCount,NULL,INTERNAL,INTERNAL,TRANSFORM,LEAF,2,0
filterScoreCount,NULL,INTERNAL,INTERNAL,TRANSFORM,LEAF,2,0
filterSnmpMapping,NULL,INTERNAL,INTERNAL,TRANSFORM,LEAF,2,0
filterUserName,NULL,INTERNAL,INTERNAL,TRANSFORM,LEAF,2,0
filterUserNameCount,NULL,INTERNAL,INTERNAL,TRANSFORM,LEAF,2,0
findMissingTableEntries1,NULL,INTERNAL,INTERNAL,TRANSFORM,LEAF,2,0
findEngineServers,NULL,INTERNAL,INTERNAL,TRANSFORM,LEAF,2,0
FixedTable,NULL,INTERNAL,INTERNAL,TRANSFORM,LEAF,2,0
folderListCount,NULL,INTERNAL,INTERNAL,TRANSFORM,LEAF,2,0
folderListing,NULL,INTERNAL,INTERNAL,TRANSFORM,LEAF,2,0
folderSize1,NULL,INTERNAL,INTERNAL,TRANSFORM,LEAF,2,0
folderExistRemote1,NULL,INTERNAL,INTERNAL,TRANSFORM,LEAF,2,0
folderExistTempLogPath,NULL,INTERNAL,INTERNAL,TRANSFORM,LEAF,2,0
GenerateTaskEvent,NULL,INTERNAL,INTERNAL,TRANSFORM,LEAF,2,0
getAttachmentPath,NULL,INTERNAL,INTERNAL,INPUT,LEAF,2,0
ftpRenameFile1,NULL,INTERNAL,INTERNAL,TRANSFORM,LEAF,2,0
getActivityCount,NULL,INTERNAL,INTERNAL,INPUT,LEAF,2,0
getADComputerObjects,NULL,INTERNAL,INTERNAL,INPUT,LEAF,2,0
getAssetName,NULL,INTERNAL,INTERNAL,INPUT,LEAF,2,0
getCertFile,NULL,INTERNAL,INTERNAL,INPUT,LEAF,2,0
getChangeRequests,NULL,INTERNAL,INTERNAL,INPUT,LEAF,2,0
getChgRequestNum,NULL,INTERNAL,INTERNAL,INPUT,LEAF,2,0
getCellValue3,NULL,INTERNAL,INTERNAL,INPUT,LEAF,2,0
getCorrigoTicketComments,NULL,INTERNAL,INTERNAL,INPUT,LEAF,2,0
getCurrentDate,NULL,INTERNAL,INTERNAL,INPUT,LEAF,2,0
getColumnsCount1,NULL,INTERNAL,INTERNAL,INPUT,LEAF,2,0
getCommentText,NULL,INTERNAL,INTERNAL,INPUT,LEAF,2,0
getCurrUserRowNum,NULL,INTERNAL,INTERNAL,INPUT,LEAF,2,0
getDataCenters,NULL,INTERNAL,INTERNAL,INPUT,LEAF,2,0
getEngineExeName,NULL,INTERNAL,INTERNAL,INPUT,LEAF,2,0
getEngineHostname,NULL,INTERNAL,INTERNAL,INPUT,LEAF,2,0
getEngineStats,NULL,INTERNAL,INTERNAL,INPUT,LEAF,2,0
getFiles,NULL,INTERNAL,INTERNAL,INPUT,LEAF,2,0
getEvidenceComGroupList,NULL,INTERNAL,INTERNAL,INPUT,LEAF,2,0
getEvidenceComUserList,NULL,INTERNAL,INTERNAL,INPUT,LEAF,2,0
getExecutorName,NULL,INTERNAL,INTERNAL,INPUT,LEAF,2,0
getExistingCorrigoTickets,NULL,INTERNAL,INTERNAL,INPUT,LEAF,2,0
getExpressInfra,NULL,INTERNAL,INTERNAL,INPUT,LEAF,2,0
getHomeFolderPath,NULL,INTERNAL,INTERNAL,INPUT,LEAF,2,0
getIncidentOpenDuration1,NULL,INTERNAL,INTERNAL,INPUT,LEAF,2,0
getIncidentSeverity1,NULL,INTERNAL,INTERNAL,INPUT,LEAF,2,0
GetHourEndToSearch,NULL,INTERNAL,INTERNAL,INPUT,LEAF,2,0
GetHourStartToSearch,NULL,INTERNAL,INTERNAL,INPUT,LEAF,2,0
getPoweredOffDateTime,NULL,INTERNAL,INTERNAL,INPUT,LEAF,2,0
getPoweredOffVMs,NULL,INTERNAL,INTERNAL,INPUT,LEAF,2,0
getPrevTaskResults,NULL,INTERNAL,INTERNAL,INPUT,LEAF,2,0
getMessageActionsStatusCode,NULL,INTERNAL,INTERNAL,INPUT,LEAF,2,0
getMessages,NULL,INTERNAL,INTERNAL,INPUT,LEAF,2,0
getManagerInfoEmea,NULL,INTERNAL,INTERNAL,INPUT,LEAF,2,0
getManagerInfoNA,NULL,INTERNAL,INTERNAL,INPUT,LEAF,2,0
getIpInfo,NULL,INTERNAL,INTERNAL,INPUT,LEAF,2,0
getInitialServicesList,NULL,INTERNAL,INTERNAL,INPUT,LEAF,2,0
getInstalledSoftware3,NULL,INTERNAL,INTERNAL,INPUT,LEAF,2,0
getInterfacesStatus1,NULL,INTERNAL,INTERNAL,INPUT,LEAF,2,0
GetIP,NULL,INTERNAL,INTERNAL,INPUT,LEAF,2,0
getJiraAttachment,NULL,INTERNAL,INTERNAL,INPUT,LEAF,2,0
CheckServerAfterReboot,NULL,INTERNAL,INTERNAL,TRANSFORM,LEAF,2,0
CheckServerIsBusy,NULL,INTERNAL,INTERNAL,TRANSFORM,LEAF,2,0
CheckPing,NULL,INTERNAL,INTERNAL,TRANSFORM,LEAF,2,0
CheckSSHAccess,NULL,INTERNAL,INTERNAL,TRANSFORM,LEAF,2,0
CheckJobsStatus,NULL,INTERNAL,INTERNAL,TRANSFORM,LEAF,2,0
CheckLinuxOS,NULL,INTERNAL,INTERNAL,TRANSFORM,LEAF,2,0
CheckNetBackupMasterServer,NULL,INTERNAL,INTERNAL,TRANSFORM,LEAF,2,0
CheckRDPUpdate,NULL,INTERNAL,INTERNAL,OUTPUT,LEAF,2,0
CheckRebootFinish,NULL,INTERNAL,INTERNAL,TRANSFORM,LEAF,2,0
childData,NULL,INTERNAL,INTERNAL,TRANSFORM,LEAF,2,0
cleanDisabled,NULL,INTERNAL,INTERNAL,TRANSFORM,LEAF,2,0
childWfCounter,NULL,INTERNAL,INTERNAL,TRANSFORM,LEAF,2,0
CheckUpdateHistory,NULL,INTERNAL,INTERNAL,OUTPUT,LEAF,2,0
cherwellUpdateRecord1,39,Cherwell,OTHER,OUTPUT,LEAF,2,0
CheckWindowsOS,NULL,INTERNAL,INTERNAL,TRANSFORM,LEAF,2,0
CheckWinRM,NULL,INTERNAL,INTERNAL,TRANSFORM,LEAF,2,0
CheckWinRMAfterUpdate,NULL,INTERNAL,INTERNAL,OUTPUT,LEAF,2,0
CheckWinRMAgain,NULL,INTERNAL,INTERNAL,TRANSFORM,LEAF,2,0
CheckWinRMIsUP,NULL,INTERNAL,INTERNAL,TRANSFORM,LEAF,2,0
checkWoStatus,NULL,INTERNAL,INTERNAL,TRANSFORM,LEAF,2,0
CheckWUInstalled,NULL,INTERNAL,INTERNAL,TRANSFORM,LEAF,2,0
CheckWUModule,NULL,INTERNAL,INTERNAL,TRANSFORM,LEAF,2,0
cherwellCreateJournal1,39,Cherwell,OTHER,OUTPUT,LEAF,2,0
clearCertName,NULL,INTERNAL,INTERNAL,TRANSFORM,LEAF,2,0
cleanLabel,NULL,INTERNAL,INTERNAL,TRANSFORM,LEAF,2,0
cleanName,NULL,INTERNAL,INTERNAL,TRANSFORM,LEAF,2,0
cleanNotes,NULL,INTERNAL,INTERNAL,TRANSFORM,LEAF,2,0
cleanServerName,NULL,INTERNAL,INTERNAL,TRANSFORM,LEAF,2,0
clearExpressIncidents,NULL,INTERNAL,INTERNAL,TRANSFORM,LEAF,2,0
cleanSnmpDbMapping,NULL,INTERNAL,INTERNAL,TRANSFORM,LEAF,2,0
ClientNotification,NULL,INTERNAL,INTERNAL,TRANSFORM,LEAF,2,0
ClientNotificationError,NULL,INTERNAL,INTERNAL,TRANSFORM,LEAF,2,0
clearUserJobsCounter,NULL,INTERNAL,INTERNAL,TRANSFORM,LEAF,2,0
CloseTaskSuccess,NULL,INTERNAL,INTERNAL,TRANSFORM,LEAF,2,0
closedIncCounter,NULL,INTERNAL,INTERNAL,TRANSFORM,LEAF,2,0
CorrigoAssetName,NULL,INTERNAL,INTERNAL,TRANSFORM,LEAF,2,0
CorrigoCommentExistingtoCheck,NULL,INTERNAL,INTERNAL,TRANSFORM,LEAF,2,0
CopyPSWUPachage,NULL,INTERNAL,INTERNAL,TRANSFORM,LEAF,2,0
convertToFQDN,NULL,INTERNAL,INTERNAL,TRANSFORM,LEAF,2,0
containsViolation,NULL,INTERNAL,INTERNAL,TRANSFORM,LEAF,2,0
containsVmErrors,NULL,INTERNAL,INTERNAL,TRANSFORM,LEAF,2,0
containsQuotes,NULL,INTERNAL,INTERNAL,TRANSFORM,LEAF,2,0
containsEmptyValues,NULL,INTERNAL,INTERNAL,TRANSFORM,LEAF,2,0
convertTableToJSON1,NULL,INTERNAL,INTERNAL,TRANSFORM,LEAF,2,0
containsSqlPrefix,NULL,INTERNAL,INTERNAL,TRANSFORM,LEAF,2,0
containsSucccessThumbprint,NULL,INTERNAL,INTERNAL,TRANSFORM,LEAF,2,0
containsThumbprint,NULL,INTERNAL,INTERNAL,TRANSFORM,LEAF,2,0
convertPasswordToPlaintext2,NULL,INTERNAL,INTERNAL,TRANSFORM,LEAF,2,0
convertPasswordToPlaintext3,NULL,INTERNAL,INTERNAL,TRANSFORM,LEAF,2,0
convertPasswordToPlaintext4,NULL,INTERNAL,INTERNAL,TRANSFORM,LEAF,2,0
convertPasswordToPlaintext5,NULL,INTERNAL,INTERNAL,TRANSFORM,LEAF,2,0
convertPasswordToPlaintext6,NULL,INTERNAL,INTERNAL,TRANSFORM,LEAF,2,0
convertPasswordToPlaintext7,NULL,INTERNAL,INTERNAL,TRANSFORM,LEAF,2,0
convertPasswordToPlaintext8,NULL,INTERNAL,INTERNAL,TRANSFORM,LEAF,2,0
containsJson,NULL,INTERNAL,INTERNAL,TRANSFORM,LEAF,2,0
containsNA,NULL,INTERNAL,INTERNAL,TRANSFORM,LEAF,2,0
containsNorthAmerica,NULL,INTERNAL,INTERNAL,TRANSFORM,LEAF,2,0
containsNotFound,NULL,INTERNAL,INTERNAL,TRANSFORM,LEAF,2,0
containsApproved,NULL,INTERNAL,INTERNAL,TRANSFORM,LEAF,2,0
containsBackupReq,NULL,INTERNAL,INTERNAL,TRANSFORM,LEAF,2,0
containsEurope,NULL,INTERNAL,INTERNAL,TRANSFORM,LEAF,2,0
containsExecutor,NULL,INTERNAL,INTERNAL,TRANSFORM,LEAF,2,0
continueExecution,NULL,INTERNAL,INTERNAL,TRANSFORM,LEAF,2,0
closeWO,NULL,INTERNAL,INTERNAL,TRANSFORM,LEAF,2,0
closeWODenied,NULL,INTERNAL,INTERNAL,TRANSFORM,LEAF,2,0
configUserPin,NULL,INTERNAL,INTERNAL,TRANSFORM,LEAF,2,0
compareTables,NULL,INTERNAL,INTERNAL,TRANSFORM,LEAF,2,0
configMessageActions,NULL,INTERNAL,INTERNAL,TRANSFORM,LEAF,2,0
configSmtpProxy,NULL,INTERNAL,INTERNAL,TRANSFORM,LEAF,2,0
currBindings,NULL,INTERNAL,INTERNAL,TRANSFORM,LEAF,2,0
currCategory,NULL,INTERNAL,INTERNAL,TRANSFORM,LEAF,2,0
currCertBindingPort,NULL,INTERNAL,INTERNAL,TRANSFORM,LEAF,2,0
currDatacenterRowNum,NULL,INTERNAL,INTERNAL,TRANSFORM,LEAF,2,0
currAssignedCsms,NULL,INTERNAL,INTERNAL,TRANSFORM,LEAF,2,0
currActivityInfoRowNum,NULL,INTERNAL,INTERNAL,TRANSFORM,LEAF,2,0
currAdGroupName,NULL,INTERNAL,INTERNAL,TRANSFORM,LEAF,2,0
currChildGroupOrder,NULL,INTERNAL,INTERNAL,TRANSFORM,LEAF,2,0
currChildGroupRowNum,NULL,INTERNAL,INTERNAL,TRANSFORM,LEAF,2,0
createWO,NULL,INTERNAL,INTERNAL,OUTPUT,LEAF,2,0
createVmUser,NULL,INTERNAL,INTERNAL,OUTPUT,LEAF,2,0
createVmUserResult,NULL,INTERNAL,INTERNAL,OUTPUT,LEAF,2,0
createVmUserStatusCode,NULL,INTERNAL,INTERNAL,OUTPUT,LEAF,2,0
createRun,NULL,INTERNAL,INTERNAL,OUTPUT,LEAF,2,0
createThread,NULL,INTERNAL,INTERNAL,OUTPUT,LEAF,2,0
createServerList,NULL,INTERNAL,INTERNAL,OUTPUT,LEAF,2,0
curJsonRelationships,NULL,INTERNAL,INTERNAL,TRANSFORM,LEAF,2,0
currAccountArr,NULL,INTERNAL,INTERNAL,TRANSFORM,LEAF,2,0
currAccountDataRowNum,NULL,INTERNAL,INTERNAL,TRANSFORM,LEAF,2,0
currAccountName,NULL,INTERNAL,INTERNAL,TRANSFORM,LEAF,2,0
currActivityDesc,NULL,INTERNAL,INTERNAL,TRANSFORM,LEAF,2,0
createXmlParserData,NULL,INTERNAL,INTERNAL,OUTPUT,LEAF,2,0
corrigoTicketNum,NULL,INTERNAL,INTERNAL,TRANSFORM,LEAF,2,0
corrigoTicketStatus,NULL,INTERNAL,INTERNAL,TRANSFORM,LEAF,2,0
corrigoUpdateStatus1,NULL,INTERNAL,INTERNAL,OUTPUT,LEAF,2,0
CountVMsServers,NULL,INTERNAL,INTERNAL,TRANSFORM,LEAF,2,0
CountWorkflowsAudit,NULL,INTERNAL,INTERNAL,TRANSFORM,LEAF,2,0
cpuData,NULL,INTERNAL,INTERNAL,TRANSFORM,LEAF,2,0
CountServers,NULL,INTERNAL,INTERNAL,TRANSFORM,LEAF,2,0
CPUNUM,NULL,INTERNAL,INTERNAL,TRANSFORM,LEAF,2,0
CounterCheckActiveBackup,NULL,INTERNAL,INTERNAL,TRANSFORM,LEAF,2,0
CountJobArrays,NULL,INTERNAL,INTERNAL,TRANSFORM,LEAF,2,0
CountLoginAudit,NULL,INTERNAL,INTERNAL,TRANSFORM,LEAF,2,0
CountNewWorkflowsAudit,NULL,INTERNAL,INTERNAL,TRANSFORM,LEAF,2,0
CorrigoTaskName,NULL,INTERNAL,INTERNAL,TRANSFORM,LEAF,2,0
countAlerts,NULL,INTERNAL,INTERNAL,TRANSFORM,LEAF,2,0
createAssistantMessage,NULL,INTERNAL,INTERNAL,OUTPUT,LEAF,2,0
createMemoryTable7,NULL,INTERNAL,INTERNAL,OUTPUT,LEAF,2,0
createMemoryTable8,NULL,INTERNAL,INTERNAL,OUTPUT,LEAF,2,0
createNewUser,NULL,INTERNAL,INTERNAL,OUTPUT,LEAF,2,0
createOpenAIAssistant,NULL,INTERNAL,INTERNAL,OUTPUT,LEAF,2,0
CreateNetBackupJobsTable,NULL,INTERNAL,INTERNAL,OUTPUT,LEAF,2,0
CreateAuditTable,NULL,INTERNAL,INTERNAL,OUTPUT,LEAF,2,0
createAzureVmTable,NULL,INTERNAL,INTERNAL,OUTPUT,LEAF,2,0
createDbTable,NULL,INTERNAL,INTERNAL,OUTPUT,LEAF,2,0
CreateDBTableSolarWinds,NULL,INTERNAL,INTERNAL,OUTPUT,LEAF,2,0
CreateDBTableVcenter,NULL,INTERNAL,INTERNAL,OUTPUT,LEAF,2,0
CreateEventPerServer,NULL,INTERNAL,INTERNAL,OUTPUT,LEAF,2,0
AyehuVar,NULL,INTERNAL,INTERNAL,TRANSFORM,LEAF,2,0
azureNIC,NULL,INTERNAL,INTERNAL,TRANSFORM,LEAF,2,0
azureNICPublicIPInfo,NULL,INTERNAL,INTERNAL,TRANSFORM,LEAF,2,0
azureVMPublicIP,NULL,INTERNAL,INTERNAL,TRANSFORM,LEAF,2,0
azureVMPublicIP_HTTP_REQUEST,NULL,INTERNAL,INTERNAL,TRANSFORM,LEAF,2,0
azureVMPublicIP_JSON_SESSION,NULL,INTERNAL,INTERNAL,TRANSFORM,LEAF,2,0
backupFolderCount,NULL,INTERNAL,INTERNAL,TRANSFORM,LEAF,2,0
badCounter,NULL,INTERNAL,INTERNAL,TRANSFORM,LEAF,2,0
bblabPass,NULL,INTERNAL,INTERNAL,TRANSFORM,LEAF,2,0
bbntPass,NULL,INTERNAL,INTERNAL,TRANSFORM,LEAF,2,0
bbpdevPass,NULL,INTERNAL,INTERNAL,TRANSFORM,LEAF,2,0
buildCreatePayload,NULL,INTERNAL,INTERNAL,OUTPUT,LEAF,2,0
azureVmList,NULL,INTERNAL,INTERNAL,TRANSFORM,LEAF,2,0
buildChildGroupUri,NULL,INTERNAL,INTERNAL,TRANSFORM,LEAF,2,0
buildChildGroupUrl,NULL,INTERNAL,INTERNAL,TRANSFORM,LEAF,2,0
BCPServer,NULL,INTERNAL,INTERNAL,TRANSFORM,LEAF,2,0
avamartestPass,NULL,INTERNAL,INTERNAL,TRANSFORM,LEAF,2,0
avayaClearCallFwd1,NULL,INTERNAL,INTERNAL,TRANSFORM,LEAF,2,0
AyehuFail_WOtoInfra,NULL,INTERNAL,INTERNAL,TRANSFORM,LEAF,2,0
azureResourceGetInfoByName1,NULL,INTERNAL,INTERNAL,INPUT,LEAF,2,0
azureADUserCreate1,NULL,INTERNAL,INTERNAL,OUTPUT,LEAF,2,0
attachPath,NULL,INTERNAL,INTERNAL,TRANSFORM,LEAF,2,0
assistantJson,NULL,INTERNAL,INTERNAL,TRANSFORM,LEAF,2,0
attachCount,NULL,INTERNAL,INTERNAL,TRANSFORM,LEAF,2,0
checkForSubErrors,NULL,INTERNAL,INTERNAL,TRANSFORM,LEAF,2,0
CheckForFailedServers,NULL,INTERNAL,INTERNAL,TRANSFORM,LEAF,2,0
checkForPendingTerms,NULL,INTERNAL,INTERNAL,TRANSFORM,LEAF,2,0
checkEngineForExe,NULL,INTERNAL,INTERNAL,TRANSFORM,LEAF,2,0
CheckCPUSecond,NULL,INTERNAL,INTERNAL,TRANSFORM,LEAF,2,0
Check_Status,NULL,INTERNAL,INTERNAL,TRANSFORM,LEAF,2,0
certDetails,NULL,INTERNAL,INTERNAL,TRANSFORM,LEAF,2,0
changeDataRowCount,NULL,INTERNAL,INTERNAL,TRANSFORM,LEAF,2,0
ChangeRequestUrls,NULL,INTERNAL,INTERNAL,TRANSFORM,LEAF,2,0
changeSeverity1,NULL,INTERNAL,INTERNAL,TRANSFORM,LEAF,2,0
chatGptCounter,NULL,INTERNAL,INTERNAL,TRANSFORM,LEAF,2,0
buildUserDetailQueryTest,NULL,INTERNAL,INTERNAL,INPUT,LEAF,2,0
buildUserMainVariables,NULL,INTERNAL,INTERNAL,TRANSFORM,LEAF,2,0
buildSqlBindingInsert,NULL,INTERNAL,INTERNAL,TRANSFORM,LEAF,2,0
buildSqlBindingUpdate,NULL,INTERNAL,INTERNAL,OUTPUT,LEAF,2,0
buildWorkflowList,NULL,INTERNAL,INTERNAL,TRANSFORM,LEAF,2,0
BusinessOwnerEmail,NULL,INTERNAL,INTERNAL,TRANSFORM,LEAF,2,0
badFilter,NULL,INTERNAL,INTERNAL,TRANSFORM,LEAF,2,0
buildRandomString1,NULL,INTERNAL,INTERNAL,TRANSFORM,LEAF,2,0
buildSmtpAddress,NULL,INTERNAL,INTERNAL,TRANSFORM,LEAF,2,0
buildTestEvent,NULL,INTERNAL,INTERNAL,TRANSFORM,LEAF,2,0
buildSqlQuery,NULL,INTERNAL,INTERNAL,INPUT,LEAF,2,0
buildHcPayload,NULL,INTERNAL,INTERNAL,TRANSFORM,LEAF,2,0
buildPayload,NULL,INTERNAL,INTERNAL,TRANSFORM,LEAF,2,0
buildEvidenceComGroupUrl,NULL,INTERNAL,INTERNAL,TRANSFORM,LEAF,2,0
buildEvidenceGroupDbTable,NULL,INTERNAL,INTERNAL,TRANSFORM,LEAF,2,0
buildMessageActionsPayload,NULL,INTERNAL,INTERNAL,TRANSFORM,LEAF,2,0
buildMessageHandlerConstants,NULL,INTERNAL,INTERNAL,TRANSFORM,LEAF,2,0
buildMultiRowSqlInsert,NULL,INTERNAL,INTERNAL,TRANSFORM,LEAF,2,0
adUserLoggedInDate1,NULL,INTERNAL,INTERNAL,TRANSFORM,LEAF,2,0
addDateAdded,NULL,INTERNAL,INTERNAL,TRANSFORM,LEAF,2,0
adUsersSynchronization1,NULL,INTERNAL,INTERNAL,TRANSFORM,LEAF,2,0
adSetPasswordProperties1,NULL,INTERNAL,INTERNAL,TRANSFORM,LEAF,2,0
adSetProfileandHomeFolders,NULL,INTERNAL,INTERNAL,TRANSFORM,LEAF,2,0
adSetManagerProperty,NULL,INTERNAL,INTERNAL,TRANSFORM,LEAF,2,0
adSetNewUserManagerProperty,NULL,INTERNAL,INTERNAL,TRANSFORM,LEAF,2,0
adSetProperty2,NULL,INTERNAL,INTERNAL,TRANSFORM,LEAF,2,0
adUpdateManagerAttribute,NULL,INTERNAL,INTERNAL,OUTPUT,LEAF,2,0
adUpdateManagerProperty,NULL,INTERNAL,INTERNAL,OUTPUT,LEAF,2,0
adPermissionsRemoteFolder1,NULL,INTERNAL,INTERNAL,TRANSFORM,LEAF,2,0
adListGroup1,NULL,INTERNAL,INTERNAL,TRANSFORM,LEAF,2,0
adSearchManagerAttribute,NULL,INTERNAL,INTERNAL,TRANSFORM,LEAF,2,0
adGroupListCount,NULL,INTERNAL,INTERNAL,TRANSFORM,LEAF,2,0
ADgetError,NULL,INTERNAL,INTERNAL,INPUT,LEAF,2,0
adGetManagerInfo,NULL,INTERNAL,INTERNAL,INPUT,LEAF,2,0
addwfUserToDb,NULL,INTERNAL,INTERNAL,TRANSFORM,LEAF,2,0
adEnableAccount1,NULL,INTERNAL,INTERNAL,TRANSFORM,LEAF,2,0
addUserJobsRowRemove,NULL,INTERNAL,INTERNAL,TRANSFORM,LEAF,2,0
addUserToTableWithEngageTicket,NULL,INTERNAL,INTERNAL,INPUT,LEAF,2,0
applicationPoolRecycle1,NULL,INTERNAL,INTERNAL,TRANSFORM,LEAF,2,0
appendNewSqlValuesRow,NULL,INTERNAL,INTERNAL,TRANSFORM,LEAF,2,0
appSpecificClusters,NULL,INTERNAL,INTERNAL,TRANSFORM,LEAF,2,0
alertMetric,NULL,INTERNAL,INTERNAL,TRANSFORM,LEAF,2,0
alertMetricCount,NULL,INTERNAL,INTERNAL,TRANSFORM,LEAF,2,0
alertMetricWithPrefix,NULL,INTERNAL,INTERNAL,TRANSFORM,LEAF,2,0
alertText,NULL,INTERNAL,INTERNAL,TRANSFORM,LEAF,2,0
alertTextWithPrefix,NULL,INTERNAL,INTERNAL,TRANSFORM,LEAF,2,0
allDataCount,NULL,INTERNAL,INTERNAL,TRANSFORM,LEAF,2,0
allDataSubmitted,NULL,INTERNAL,INTERNAL,TRANSFORM,LEAF,2,0
AllServicesAfterTable,NULL,INTERNAL,INTERNAL,TRANSFORM,LEAF,2,0
AllServicesBefore,NULL,INTERNAL,INTERNAL,TRANSFORM,LEAF,2,0
AllServicesBeforeTable,NULL,INTERNAL,INTERNAL,TRANSFORM,LEAF,2,0
AllServicesListAfter,NULL,INTERNAL,INTERNAL,TRANSFORM,LEAF,2,0
AllServicesListAfterRAW,NULL,INTERNAL,INTERNAL,TRANSFORM,LEAF,2,0
AllServicesListBefore,NULL,INTERNAL,INTERNAL,TRANSFORM,LEAF,2,0
AllServicesListBeforeRAW,NULL,INTERNAL,INTERNAL,TRANSFORM,LEAF,2,0
adCreateGroupAdvanced1,NULL,INTERNAL,INTERNAL,OUTPUT,LEAF,2,0
addDate1,NULL,INTERNAL,INTERNAL,TRANSFORM,LEAF,2,0
AdditionalRowJobsTable,NULL,INTERNAL,INTERNAL,TRANSFORM,LEAF,2,0
addJiraComment,NULL,INTERNAL,INTERNAL,TRANSFORM,LEAF,2,0
addDaysOldColumn,NULL,INTERNAL,INTERNAL,TRANSFORM,LEAF,2,0
addtildeToValues,NULL,INTERNAL,INTERNAL,TRANSFORM,LEAF,2,0
addSummaryRow,NULL,INTERNAL,INTERNAL,TRANSFORM,LEAF,2,0
addSVCPhoenixAccount,NULL,INTERNAL,INTERNAL,TRANSFORM,LEAF,2,0
addNewAzureRow,NULL,INTERNAL,INTERNAL,TRANSFORM,LEAF,2,0
addNewBindingRow,NULL,INTERNAL,INTERNAL,TRANSFORM,LEAF,2,0
activityDataJsonSession,NULL,INTERNAL,INTERNAL,TRANSFORM,LEAF,2,0
accountRecordsCount,NULL,INTERNAL,INTERNAL,TRANSFORM,LEAF,2,0
accountsCount,NULL,INTERNAL,INTERNAL,TRANSFORM,LEAF,2,0
accountsLIstCount,NULL,INTERNAL,INTERNAL,TRANSFORM,LEAF,2,0
activityListJson,NULL,INTERNAL,INTERNAL,TRANSFORM,LEAF,2,0
AccessKey,NULL,INTERNAL,INTERNAL,TRANSFORM,LEAF,2,0
accountApprovalCount,NULL,INTERNAL,INTERNAL,TRANSFORM,LEAF,2,0
accountApprovalSpreadsheet,NULL,INTERNAL,INTERNAL,TRANSFORM,LEAF,2,0
accountDataCount,NULL,INTERNAL,INTERNAL,TRANSFORM,LEAF,2,0
accountDisplayName,NULL,INTERNAL,INTERNAL,TRANSFORM,LEAF,2,0
accountEmail,NULL,INTERNAL,INTERNAL,TRANSFORM,LEAF,2,0
accountList,NULL,INTERNAL,INTERNAL,TRANSFORM,LEAF,2,0
accountName,NULL,INTERNAL,INTERNAL,TRANSFORM,LEAF,2,0
adComputerLoggedInDate1,NULL,INTERNAL,INTERNAL,TRANSFORM,LEAF,2,0
activityInfoCount,NULL,INTERNAL,INTERNAL,TRANSFORM,LEAF,2,0
AddBeforeTableRow,NULL,INTERNAL,INTERNAL,TRANSFORM,LEAF,2,0
hcAuthString,NULL,INTERNAL,INTERNAL,TRANSFORM,LEAF,2,0
hcWebHookPassPlain,NULL,INTERNAL,INTERNAL,TRANSFORM,LEAF,2,0
httpSuccess,NULL,INTERNAL,INTERNAL,TRANSFORM,LEAF,2,0
hyperVPowerON1,NULL,INTERNAL,INTERNAL,TRANSFORM,LEAF,2,0
homeFolderExists,NULL,INTERNAL,INTERNAL,TRANSFORM,LEAF,2,0
homeFolderFound,NULL,INTERNAL,INTERNAL,TRANSFORM,LEAF,2,0
homeFolderNotFound,NULL,INTERNAL,INTERNAL,TRANSFORM,LEAF,2,0
hostCount,NULL,INTERNAL,INTERNAL,TRANSFORM,LEAF,2,0
GoToSecurityUpdatesInstall,NULL,INTERNAL,INTERNAL,OUTPUT,LEAF,2,0
goToFailedBuild,NULL,INTERNAL,INTERNAL,TRANSFORM,LEAF,2,0
goToSetReviewContext,NULL,INTERNAL,INTERNAL,TRANSFORM,LEAF,2,0
GuestOS,NULL,INTERNAL,INTERNAL,TRANSFORM,LEAF,2,0
groupOffset,NULL,INTERNAL,INTERNAL,TRANSFORM,LEAF,2,0
gotoCorrigoToken,NULL,INTERNAL,INTERNAL,TRANSFORM,LEAF,2,0
groupQueryResults,NULL,INTERNAL,INTERNAL,INPUT,LEAF,2,0
GoToCheckPSVer,NULL,INTERNAL,INTERNAL,TRANSFORM,LEAF,2,0
GoToCheckRebootFinish,NULL,INTERNAL,INTERNAL,TRANSFORM,LEAF,2,0
goToBuildEvidenceComGroupUrl,NULL,INTERNAL,INTERNAL,TRANSFORM,LEAF,2,0
goToChildWfCounter,NULL,INTERNAL,INTERNAL,TRANSFORM,LEAF,2,0
GoToCheckServerIsBusyUpdate,NULL,INTERNAL,INTERNAL,OUTPUT,LEAF,2,0
GoToCreateNetBackupJobsTable,NULL,INTERNAL,INTERNAL,OUTPUT,LEAF,2,0
goToCheckWoStatus,NULL,INTERNAL,INTERNAL,TRANSFORM,LEAF,2,0
getServerCount,NULL,INTERNAL,INTERNAL,INPUT,LEAF,2,0
getServiceStatus,NULL,INTERNAL,INTERNAL,INPUT,LEAF,2,0
getRowDataSet,NULL,INTERNAL,INTERNAL,INPUT,LEAF,2,0
GetName,NULL,INTERNAL,INTERNAL,INPUT,LEAF,2,0
GetRowsCheckJobStatus,NULL,INTERNAL,INTERNAL,INPUT,LEAF,2,0
getSccmStartTime,NULL,INTERNAL,INTERNAL,INPUT,LEAF,2,0
GetTenantName,NULL,INTERNAL,INTERNAL,INPUT,LEAF,2,0
getTicketAttachInfo,11,ServiceNow,BUSINESS,INPUT,LEAF,2,0
GetServicesBefore,NULL,INTERNAL,INTERNAL,INPUT,LEAF,2,0
getTaskListResults,NULL,INTERNAL,INTERNAL,INPUT,LEAF,2,0
getTaskName,NULL,INTERNAL,INTERNAL,INPUT,LEAF,2,0
getSubscriptionSubErrors,NULL,INTERNAL,INTERNAL,INPUT,LEAF,2,0
getSysDriveVar,NULL,INTERNAL,INTERNAL,INPUT,LEAF,2,0
getUNIXTimestamp1,NULL,INTERNAL,INTERNAL,INPUT,LEAF,2,0
GetServersCount,NULL,INTERNAL,INTERNAL,INPUT,LEAF,2,0
GetVM_State,NULL,INTERNAL,INTERNAL,INPUT,LEAF,2,0
GetVariables,NULL,INTERNAL,INTERNAL,INPUT,LEAF,2,0
getVMSnapShots,NULL,INTERNAL,INTERNAL,INPUT,LEAF,2,0
getVMSnapShotsCount,NULL,INTERNAL,INTERNAL,INPUT,LEAF,2,0
getVmTemplateNames,NULL,INTERNAL,INTERNAL,INPUT,LEAF,2,0
globalPass,NULL,INTERNAL,INTERNAL,TRANSFORM,LEAF,2,0
goTo2,NULL,INTERNAL,INTERNAL,TRANSFORM,LEAF,2,0
goodCounter,NULL,INTERNAL,INTERNAL,TRANSFORM,LEAF,2,0
getWorkflowIdWithPrefix,NULL,INTERNAL,INTERNAL,INPUT,LEAF,2,0
ifElseBranchActivity73,NULL,INTERNAL,INTERNAL,DECISION,CONTAINER,2,0
ifElseBranchActivity74,NULL,INTERNAL,INTERNAL,DECISION,CONTAINER,2,0
ifElseBranchActivity75,NULL,INTERNAL,INTERNAL,DECISION,CONTAINER,2,0
ifElseBranchActivity76,NULL,INTERNAL,INTERNAL,DECISION,CONTAINER,2,0
ifElseActivity29,NULL,INTERNAL,INTERNAL,DECISION,CONTAINER,2,0
ifElseActivity38,NULL,INTERNAL,INTERNAL,DECISION,CONTAINER,2,0
ifElseActivity39,NULL,INTERNAL,INTERNAL,DECISION,CONTAINER,2,0
ifElseActivity34,NULL,INTERNAL,INTERNAL,DECISION,CONTAINER,2,0
ifElseActivity35,NULL,INTERNAL,INTERNAL,DECISION,CONTAINER,2,0
ifElseActivity30,NULL,INTERNAL,INTERNAL,DECISION,CONTAINER,2,0
ifElseActivity31,NULL,INTERNAL,INTERNAL,DECISION,CONTAINER,2,0
ifElseActivity32,NULL,INTERNAL,INTERNAL,DECISION,CONTAINER,2,0
ifElseActivity40,NULL,INTERNAL,INTERNAL,DECISION,CONTAINER,2,0
ifElseActivity41,NULL,INTERNAL,INTERNAL,DECISION,CONTAINER,2,0
ifElseActivity42,NULL,INTERNAL,INTERNAL,DECISION,CONTAINER,2,0
ifElseActivity44,NULL,INTERNAL,INTERNAL,DECISION,CONTAINER,2,0
IDHostError,NULL,INTERNAL,INTERNAL,TRANSFORM,LEAF,2,0
ifElseActivity22,NULL,INTERNAL,INTERNAL,DECISION,CONTAINER,2,0
ifElseActivity23,NULL,INTERNAL,INTERNAL,DECISION,CONTAINER,2,0
ifElseActivity24,NULL,INTERNAL,INTERNAL,DECISION,CONTAINER,2,0
ifElseActivity25,NULL,INTERNAL,INTERNAL,DECISION,CONTAINER,2,0
ifElseActivity26,NULL,INTERNAL,INTERNAL,DECISION,CONTAINER,2,0
ifElseActivity27,NULL,INTERNAL,INTERNAL,DECISION,CONTAINER,2,0
httpGetFsAccounts,NULL,INTERNAL,INTERNAL,INPUT,LEAF,2,0
initOutputString,NULL,INTERNAL,INTERNAL,TRANSFORM,LEAF,2,0
initGroupOffset,NULL,INTERNAL,INTERNAL,TRANSFORM,LEAF,2,0
incrementFailedConnsCounter,NULL,INTERNAL,INTERNAL,TRANSFORM,LEAF,2,0
initChildGroupCounter,NULL,INTERNAL,INTERNAL,TRANSFORM,LEAF,2,0
ifElseBranchActivity70,NULL,INTERNAL,INTERNAL,DECISION,CONTAINER,2,0
ifElseBranchActivity71,NULL,INTERNAL,INTERNAL,DECISION,CONTAINER,2,0
incidentStatus1,NULL,INTERNAL,INTERNAL,TRANSFORM,LEAF,2,0
infrastractureCount,NULL,INTERNAL,INTERNAL,TRANSFORM,LEAF,2,0
initWfVars,NULL,INTERNAL,INTERNAL,TRANSFORM,LEAF,2,0
insertCertInfo,NULL,INTERNAL,INTERNAL,TRANSFORM,LEAF,2,0
initUserJobsAddOldCounter,NULL,INTERNAL,INTERNAL,TRANSFORM,LEAF,2,0
initNewRowCounter,NULL,INTERNAL,INTERNAL,TRANSFORM,LEAF,2,0
initSqlValues,NULL,INTERNAL,INTERNAL,TRANSFORM,LEAF,2,0
iisSiteInfoTable,NULL,INTERNAL,INTERNAL,TRANSFORM,LEAF,2,0
IISLogsOnHQNAS1,NULL,INTERNAL,INTERNAL,TRANSFORM,LEAF,2,0
ifElseBranchActivity84,NULL,INTERNAL,INTERNAL,DECISION,CONTAINER,2,0
ifElseBranchActivity85,NULL,INTERNAL,INTERNAL,DECISION,CONTAINER,2,0
ifElseBranchActivity86,NULL,INTERNAL,INTERNAL,DECISION,CONTAINER,2,0
ifElseBranchActivity87,NULL,INTERNAL,INTERNAL,DECISION,CONTAINER,2,0
ifElseBranchActivity68,NULL,INTERNAL,INTERNAL,DECISION,CONTAINER,2,0
ifElseBranchActivity69,NULL,INTERNAL,INTERNAL,DECISION,CONTAINER,2,0
ifElseBranchActivity80,NULL,INTERNAL,INTERNAL,DECISION,CONTAINER,2,0
messageActionsInfo,NULL,INTERNAL,INTERNAL,TRANSFORM,LEAF,2,0
messageActionsSession,NULL,INTERNAL,INTERNAL,TRANSFORM,LEAF,2,0
messageActionsStatusCode,NULL,INTERNAL,INTERNAL,TRANSFORM,LEAF,2,0
messageHandlerData,NULL,INTERNAL,INTERNAL,TRANSFORM,LEAF,2,0
messageHandlerUri,NULL,INTERNAL,INTERNAL,TRANSFORM,LEAF,2,0
messagesBodyData,NULL,INTERNAL,INTERNAL,TRANSFORM,LEAF,2,0
messagesDataDetails,NULL,INTERNAL,INTERNAL,TRANSFORM,LEAF,2,0
messagesJson,NULL,INTERNAL,INTERNAL,TRANSFORM,LEAF,2,0
mfsmaxAddComment1,NULL,INTERNAL,INTERNAL,TRANSFORM,LEAF,2,0
memoryTableUnion6,NULL,INTERNAL,INTERNAL,TRANSFORM,LEAF,2,0
msTeamsSendMessage1,38,MsTeams,COMMUNICATION,OUTPUT,LEAF,2,0
more_than_14_days,NULL,INTERNAL,INTERNAL,TRANSFORM,LEAF,2,0
managerDisplayName,NULL,INTERNAL,INTERNAL,TRANSFORM,LEAF,2,0
managerBadge,NULL,INTERNAL,INTERNAL,TRANSFORM,LEAF,2,0
Lower_Than_120_Days,NULL,INTERNAL,INTERNAL,TRANSFORM,LEAF,2,0
managerEmail,NULL,INTERNAL,INTERNAL,TRANSFORM,LEAF,2,0
mappingTable,NULL,INTERNAL,INTERNAL,TRANSFORM,LEAF,2,0
MasterEnable_False,NULL,INTERNAL,INTERNAL,TRANSFORM,LEAF,2,0
MasterEnable_True,NULL,INTERNAL,INTERNAL,TRANSFORM,LEAF,2,0
matchHref,NULL,INTERNAL,INTERNAL,TRANSFORM,LEAF,2,0
matchRegularExpression2,NULL,INTERNAL,INTERNAL,TRANSFORM,LEAF,2,0
memory2,NULL,INTERNAL,INTERNAL,TRANSFORM,LEAF,2,0
MemoryMB,NULL,INTERNAL,INTERNAL,TRANSFORM,LEAF,2,0
memoryRequired,NULL,INTERNAL,INTERNAL,TRANSFORM,LEAF,2,0
memorySet16,NULL,INTERNAL,INTERNAL,TRANSFORM,LEAF,2,0
memorySet17,NULL,INTERNAL,INTERNAL,TRANSFORM,LEAF,2,0
memorySet18,NULL,INTERNAL,INTERNAL,TRANSFORM,LEAF,2,0
myDataRowCount,NULL,INTERNAL,INTERNAL,TRANSFORM,LEAF,2,0
myDate,NULL,INTERNAL,INTERNAL,TRANSFORM,LEAF,2,0
nestedJsonToTable1,NULL,INTERNAL,INTERNAL,TRANSFORM,LEAF,2,0
netAppCreateBasicVolume1,9,INTERNAL,OTHER,OUTPUT,LEAF,2,1
NetGetHostJobs,NULL,INTERNAL,INTERNAL,INPUT,LEAF,2,0
NetBackupTokenGroup,NULL,INTERNAL,INTERNAL,TRANSFORM,LEAF,2,0
newIncident3,NULL,INTERNAL,INTERNAL,TRANSFORM,LEAF,2,0
newIncident4,NULL,INTERNAL,INTERNAL,TRANSFORM,LEAF,2,0
NetJobsDetails,NULL,INTERNAL,INTERNAL,TRANSFORM,LEAF,2,0
NetJobsTableJSON,NULL,INTERNAL,INTERNAL,TRANSFORM,LEAF,2,0
newJiraStatus,NULL,INTERNAL,INTERNAL,TRANSFORM,LEAF,2,0
multiMemorySet14,NULL,INTERNAL,INTERNAL,TRANSFORM,LEAF,2,0
multiMemorySet16,NULL,INTERNAL,INTERNAL,TRANSFORM,LEAF,2,0
multiMemorySet10,NULL,INTERNAL,INTERNAL,TRANSFORM,LEAF,2,0
microsoftGetanaccesstoken1,NULL,INTERNAL,INTERNAL,INPUT,LEAF,2,0
msWfResultFailed,NULL,INTERNAL,INTERNAL,TRANSFORM,LEAF,2,0
multiMemorySet18,NULL,INTERNAL,INTERNAL,TRANSFORM,LEAF,2,0
myScannedFilesFolderExists,NULL,INTERNAL,INTERNAL,TRANSFORM,LEAF,2,0
MyName,NULL,INTERNAL,INTERNAL,TRANSFORM,LEAF,2,0
Name,NULL,INTERNAL,INTERNAL,TRANSFORM,LEAF,2,0
NameExists,NULL,INTERNAL,INTERNAL,TRANSFORM,LEAF,2,0
myTimeNow,NULL,INTERNAL,INTERNAL,TRANSFORM,LEAF,2,0
nasLogFileCount,NULL,INTERNAL,INTERNAL,TRANSFORM,LEAF,2,0
InstallModuleWU,NULL,INTERNAL,INTERNAL,TRANSFORM,LEAF,2,0
installPSUpgrade,NULL,INTERNAL,INTERNAL,TRANSFORM,LEAF,2,0
InstallSecurityUpdates,NULL,INTERNAL,INTERNAL,OUTPUT,LEAF,2,0
insertRemainingRows,NULL,INTERNAL,INTERNAL,TRANSFORM,LEAF,2,0
insertLogEntry,NULL,INTERNAL,INTERNAL,TRANSFORM,LEAF,2,0
insertToolResult,NULL,INTERNAL,INTERNAL,TRANSFORM,LEAF,2,0
isEmptyCertFile,NULL,INTERNAL,INTERNAL,TRANSFORM,LEAF,2,0
InstallUpdatesLog,NULL,INTERNAL,INTERNAL,OUTPUT,LEAF,2,0
jiraAttachmentsCount,NULL,INTERNAL,INTERNAL,TRANSFORM,LEAF,2,0
jiraCommentExistsInCorrigo,NULL,INTERNAL,INTERNAL,TRANSFORM,LEAF,2,0
JiraCommentsExistingtocheck,NULL,INTERNAL,INTERNAL,TRANSFORM,LEAF,2,0
jiraGenericCommand3,27,Jira,BUSINESS,TRANSFORM,LEAF,2,0
jiraGenericCommand4,27,Jira,BUSINESS,TRANSFORM,LEAF,2,0
ITOwnerEmail,NULL,INTERNAL,INTERNAL,TRANSFORM,LEAF,2,0
jsonChildGroups,NULL,INTERNAL,INTERNAL,TRANSFORM,LEAF,2,0
jsonEncodeString1,NULL,INTERNAL,INTERNAL,TRANSFORM,LEAF,2,0
jsonGetKeyPaths1,NULL,INTERNAL,INTERNAL,INPUT,LEAF,2,0
jSonGroupByDomain,NULL,INTERNAL,INTERNAL,TRANSFORM,LEAF,2,0
jsonGroupsWithChildren,NULL,INTERNAL,INTERNAL,TRANSFORM,LEAF,2,0
jsonGroupsWithChildrenCount,NULL,INTERNAL,INTERNAL,TRANSFORM,LEAF,2,0
jsonIisSites,NULL,INTERNAL,INTERNAL,TRANSFORM,LEAF,2,0
jsonResults,NULL,INTERNAL,INTERNAL,TRANSFORM,LEAF,2,0
JobDetailsTable,NULL,INTERNAL,INTERNAL,TRANSFORM,LEAF,2,0
jobInfoCount,NULL,INTERNAL,INTERNAL,TRANSFORM,LEAF,2,0
JobsArrayKeyPaths,NULL,INTERNAL,INTERNAL,TRANSFORM,LEAF,2,0
jiradownloadfolder,NULL,INTERNAL,INTERNAL,TRANSFORM,LEAF,2,0
jiraGenericCommand1,27,Jira,BUSINESS,TRANSFORM,LEAF,2,0
ldapUserCount,NULL,INTERNAL,INTERNAL,TRANSFORM,LEAF,2,0
ldapUserData,NULL,INTERNAL,INTERNAL,TRANSFORM,LEAF,2,0
ldapUserJsonSession,NULL,INTERNAL,INTERNAL,TRANSFORM,LEAF,2,0
jsonToTable3,NULL,INTERNAL,INTERNAL,TRANSFORM,LEAF,2,0
jsonSiteLogInfo,NULL,INTERNAL,INTERNAL,TRANSFORM,LEAF,2,0
lengthFileData,NULL,INTERNAL,INTERNAL,TRANSFORM,LEAF,2,0
lastResponse1,NULL,INTERNAL,INTERNAL,TRANSFORM,LEAF,2,0
lcApprovalStatus,NULL,INTERNAL,INTERNAL,TRANSFORM,LEAF,2,0
lengthSendGptQuery,NULL,INTERNAL,INTERNAL,INPUT,LEAF,2,0
listBackupFolder,NULL,INTERNAL,INTERNAL,TRANSFORM,LEAF,2,0
lmAcknowledgeAlert1,NULL,INTERNAL,INTERNAL,TRANSFORM,LEAF,2,0
lengthRenewalDate,NULL,INTERNAL,INTERNAL,TRANSFORM,LEAF,2,0
Line,NULL,INTERNAL,INTERNAL,TRANSFORM,LEAF,2,0
lockExecutor_TWO,NULL,INTERNAL,INTERNAL,TRANSFORM,LEAF,2,0
lockExecutor1,NULL,INTERNAL,INTERNAL,TRANSFORM,LEAF,2,0
logfileDirLength,NULL,INTERNAL,INTERNAL,TRANSFORM,LEAF,2,0
LoginAudit,NULL,INTERNAL,INTERNAL,TRANSFORM,LEAF,2,0
pingDevice,NULL,INTERNAL,INTERNAL,TRANSFORM,LEAF,2,0
poweredOffVMCount,NULL,INTERNAL,INTERNAL,TRANSFORM,LEAF,2,0
PlainTextServersConclusion,NULL,INTERNAL,INTERNAL,TRANSFORM,LEAF,2,0
pingResults,NULL,INTERNAL,INTERNAL,TRANSFORM,LEAF,2,0
pingResultsCount,NULL,INTERNAL,INTERNAL,TRANSFORM,LEAF,2,0
pinResultFailed,NULL,INTERNAL,INTERNAL,TRANSFORM,LEAF,2,0
pinResultSuccess,NULL,INTERNAL,INTERNAL,TRANSFORM,LEAF,2,0
password_expired,NULL,INTERNAL,INTERNAL,TRANSFORM,LEAF,2,0
pingIpResult,NULL,INTERNAL,INTERNAL,TRANSFORM,LEAF,2,0
pdexchPass,NULL,INTERNAL,INTERNAL,TRANSFORM,LEAF,2,0
pdntPass,NULL,INTERNAL,INTERNAL,TRANSFORM,LEAF,2,0
PendingFailure,NULL,INTERNAL,INTERNAL,TRANSFORM,LEAF,2,0
PendingSuccess,NULL,INTERNAL,INTERNAL,TRANSFORM,LEAF,2,0
PendingTask,11,ServiceNow,BUSINESS,TRANSFORM,LEAF,2,0
pendingTermCount,NULL,INTERNAL,INTERNAL,TRANSFORM,LEAF,2,0
processNextUser,NULL,INTERNAL,INTERNAL,TRANSFORM,LEAF,2,0
psScriptsCompleted,NULL,INTERNAL,INTERNAL,TRANSFORM,LEAF,2,0
powerShell3,NULL,INTERNAL,INTERNAL,TRANSFORM,LEAF,2,0
powershellSecurestring1,NULL,INTERNAL,INTERNAL,TRANSFORM,LEAF,2,0
PowerState,NULL,INTERNAL,INTERNAL,TRANSFORM,LEAF,2,0
Preference,NULL,INTERNAL,INTERNAL,TRANSFORM,LEAF,2,0
previousRenewalDateSeconds,NULL,INTERNAL,INTERNAL,TRANSFORM,LEAF,2,0
processCounter1,NULL,INTERNAL,INTERNAL,TRANSFORM,LEAF,2,0
processingTime,NULL,INTERNAL,INTERNAL,TRANSFORM,LEAF,2,0
processKill1,NULL,INTERNAL,INTERNAL,TRANSFORM,LEAF,2,0
NewWorkflowsAudit,NULL,INTERNAL,INTERNAL,TRANSFORM,LEAF,2,0
nextRenewalDateSeconds,NULL,INTERNAL,INTERNAL,TRANSFORM,LEAF,2,0
NotExecute,NULL,INTERNAL,INTERNAL,TRANSFORM,LEAF,2,0
NoUpdatesNeedIt,NULL,INTERNAL,INTERNAL,OUTPUT,LEAF,2,0
noteLength,NULL,INTERNAL,INTERNAL,TRANSFORM,LEAF,2,0
NotRunning,NULL,INTERNAL,INTERNAL,TRANSFORM,LEAF,2,0
noDomainCount,NULL,INTERNAL,INTERNAL,TRANSFORM,LEAF,2,0
parallelActivity2,NULL,INTERNAL,INTERNAL,TRANSFORM,CONTAINER,2,0
NumOfComputers,NULL,INTERNAL,INTERNAL,TRANSFORM,LEAF,2,0
numProcessors,NULL,INTERNAL,INTERNAL,TRANSFORM,LEAF,2,0
osType,NULL,INTERNAL,INTERNAL,TRANSFORM,LEAF,2,0
ReadServersList,NULL,INTERNAL,INTERNAL,TRANSFORM,LEAF,2,0
prevTaskResultsJson,NULL,INTERNAL,INTERNAL,TRANSFORM,LEAF,2,0
Reason,NULL,INTERNAL,INTERNAL,TRANSFORM,LEAF,2,0
queryResultTable,NULL,INTERNAL,INTERNAL,INPUT,LEAF,2,0
queryResultTableCount,NULL,INTERNAL,INTERNAL,INPUT,LEAF,2,0
queryVMEventDB,NULL,INTERNAL,INTERNAL,INPUT,LEAF,2,0
registryWriteKey64,NULL,INTERNAL,INTERNAL,TRANSFORM,LEAF,2,0
registryWriteKeyRegular,NULL,INTERNAL,INTERNAL,TRANSFORM,LEAF,2,0
registryKeyCheck64,NULL,INTERNAL,INTERNAL,TRANSFORM,LEAF,2,0
registryKeyCheckRegular,NULL,INTERNAL,INTERNAL,TRANSFORM,LEAF,2,0
registryQuery1,NULL,INTERNAL,INTERNAL,INPUT,LEAF,2,0
rebootingServer,NULL,INTERNAL,INTERNAL,TRANSFORM,LEAF,2,0
registryCreateKeyPath1,NULL,INTERNAL,INTERNAL,OUTPUT,LEAF,2,0
removeWFnewLines,NULL,INTERNAL,INTERNAL,TRANSFORM,LEAF,2,0
removeConfidentialAccess,NULL,INTERNAL,INTERNAL,TRANSFORM,LEAF,2,0
removeUnneededColumns,NULL,INTERNAL,INTERNAL,TRANSFORM,LEAF,2,0
removeSmsCerts,NULL,INTERNAL,INTERNAL,TRANSFORM,LEAF,2,0
removeSpaces,NULL,INTERNAL,INTERNAL,TRANSFORM,LEAF,2,0
removeNewLinesFromValues,NULL,INTERNAL,INTERNAL,TRANSFORM,LEAF,2,0
removeNonDigitsFromPort,NULL,INTERNAL,INTERNAL,TRANSFORM,LEAF,2,0
registryWriteKeyValue2,NULL,INTERNAL,INTERNAL,TRANSFORM,LEAF,2,0
regMasterConnectionString,NULL,INTERNAL,INTERNAL,TRANSFORM,LEAF,2,0
regSqlInstanceType,NULL,INTERNAL,INTERNAL,TRANSFORM,LEAF,2,0
removeClosingParen,NULL,INTERNAL,INTERNAL,TRANSFORM,LEAF,2,0
remove,NULL,INTERNAL,INTERNAL,TRANSFORM,LEAF,2,0
removeCRnewLines,NULL,INTERNAL,INTERNAL,TRANSFORM,LEAF,2,0
RestartAddlogs,NULL,INTERNAL,INTERNAL,TRANSFORM,LEAF,2,0
RestartAfterUpdate,NULL,INTERNAL,INTERNAL,OUTPUT,LEAF,2,0
RestartDate,NULL,INTERNAL,INTERNAL,TRANSFORM,LEAF,2,0
resourceList,NULL,INTERNAL,INTERNAL,TRANSFORM,LEAF,2,0
Requestor,NULL,INTERNAL,INTERNAL,TRANSFORM,LEAF,2,0
RequestorEmail,NULL,INTERNAL,INTERNAL,TRANSFORM,LEAF,2,0
resetDbCounter,NULL,INTERNAL,INTERNAL,TRANSFORM,LEAF,2,0
resetSqlValues,NULL,INTERNAL,INTERNAL,TRANSFORM,LEAF,2,0
replaceString7,NULL,INTERNAL,INTERNAL,TRANSFORM,LEAF,2,0
replaceString8,NULL,INTERNAL,INTERNAL,TRANSFORM,LEAF,2,0
requestedpersonussername,NULL,INTERNAL,INTERNAL,TRANSFORM,LEAF,2,0
replaceStringAdvanced2,NULL,INTERNAL,INTERNAL,TRANSFORM,LEAF,2,0
replaceStringIncidentIds,NULL,INTERNAL,INTERNAL,TRANSFORM,LEAF,2,0
replaceSystemDriveVar,NULL,INTERNAL,INTERNAL,TRANSFORM,LEAF,2,0
replaceSingleQuote,NULL,INTERNAL,INTERNAL,TRANSFORM,LEAF,2,0
replaceJsonAppend,NULL,INTERNAL,INTERNAL,TRANSFORM,LEAF,2,0
replaceJsonPrePend,NULL,INTERNAL,INTERNAL,TRANSFORM,LEAF,2,0
renameSerialNumber,NULL,INTERNAL,INTERNAL,TRANSFORM,LEAF,2,0
renameSignatureAlgorithm,NULL,INTERNAL,INTERNAL,TRANSFORM,LEAF,2,0
renameValidFrom,NULL,INTERNAL,INTERNAL,TRANSFORM,LEAF,2,0
renameValidTo,NULL,INTERNAL,INTERNAL,TRANSFORM,LEAF,2,0
renewalDateSeconds,NULL,INTERNAL,INTERNAL,TRANSFORM,LEAF,2,0
returnValue115,NULL,INTERNAL,INTERNAL,TRANSFORM,LEAF,2,0
returnValue111,NULL,INTERNAL,INTERNAL,TRANSFORM,LEAF,2,0
returnValue113,NULL,INTERNAL,INTERNAL,TRANSFORM,LEAF,2,0
returnValue107,NULL,INTERNAL,INTERNAL,TRANSFORM,LEAF,2,0
returnValue109,NULL,INTERNAL,INTERNAL,TRANSFORM,LEAF,2,0
RetrieveCustomerEmail,NULL,INTERNAL,INTERNAL,TRANSFORM,LEAF,2,0
returnValue103,NULL,INTERNAL,INTERNAL,TRANSFORM,LEAF,2,0
returnValue105,NULL,INTERNAL,INTERNAL,TRANSFORM,LEAF,2,0
returnValue129,NULL,INTERNAL,INTERNAL,TRANSFORM,LEAF,2,0
returnValue133,NULL,INTERNAL,INTERNAL,TRANSFORM,LEAF,2,0
returnValue120,NULL,INTERNAL,INTERNAL,TRANSFORM,LEAF,2,0
returnValue121,NULL,INTERNAL,INTERNAL,TRANSFORM,LEAF,2,0
returnValue123,NULL,INTERNAL,INTERNAL,TRANSFORM,LEAF,2,0
RetrievedComputerName,NULL,INTERNAL,INTERNAL,TRANSFORM,LEAF,2,0
returnValue100,NULL,INTERNAL,INTERNAL,TRANSFORM,LEAF,2,0
RetrieveLastComputerName,NULL,INTERNAL,INTERNAL,TRANSFORM,LEAF,2,0
RestartTime,NULL,INTERNAL,INTERNAL,TRANSFORM,LEAF,2,0
RestartingAfterUpdates,NULL,INTERNAL,INTERNAL,OUTPUT,LEAF,2,0
ResolveCreds,NULL,INTERNAL,INTERNAL,TRANSFORM,LEAF,2,0
resultFilterforPoweredOff,NULL,INTERNAL,INTERNAL,TRANSFORM,LEAF,2,0
resultSetFilter4,NULL,INTERNAL,INTERNAL,TRANSFORM,LEAF,2,0
serverHibernate1,NULL,INTERNAL,INTERNAL,TRANSFORM,LEAF,2,0
serverLogoff1,NULL,INTERNAL,INTERNAL,TRANSFORM,LEAF,2,0
sequenceActivity4,NULL,INTERNAL,INTERNAL,TRANSFORM,LEAF,2,0
sendSSHCommand1,NULL,INTERNAL,INTERNAL,OUTPUT,LEAF,2,0
ServerDomain,NULL,INTERNAL,INTERNAL,TRANSFORM,LEAF,2,0
ServersConclusionHTML,NULL,INTERNAL,INTERNAL,TRANSFORM,LEAF,2,0
serverStandby1,NULL,INTERNAL,INTERNAL,TRANSFORM,LEAF,2,0
ServerRestartNotes,NULL,INTERNAL,INTERNAL,TRANSFORM,LEAF,2,0
serverRole,NULL,INTERNAL,INTERNAL,TRANSFORM,LEAF,2,0
SelectApprover,NULL,INTERNAL,INTERNAL,TRANSFORM,LEAF,2,0
SelectedTask,NULL,INTERNAL,INTERNAL,TRANSFORM,LEAF,2,0
SelectedTaskJSON,NULL,INTERNAL,INTERNAL,TRANSFORM,LEAF,2,0
SelectedTaskName,NULL,INTERNAL,INTERNAL,TRANSFORM,LEAF,2,0
SelectedTaskNumber,NULL,INTERNAL,INTERNAL,TRANSFORM,LEAF,2,0
selectExecutor,NULL,INTERNAL,INTERNAL,TRANSFORM,LEAF,2,0
SecurityUpdatesInstall,NULL,INTERNAL,INTERNAL,OUTPUT,LEAF,2,0
SecurityUpdatesListAfterUpdate,NULL,INTERNAL,INTERNAL,OUTPUT,LEAF,2,0
SelectVcenterServer,NULL,INTERNAL,INTERNAL,TRANSFORM,LEAF,2,0
SelectVcenterServers,NULL,INTERNAL,INTERNAL,TRANSFORM,LEAF,2,0
SCCMaddMachinetoCollection,NULL,INTERNAL,INTERNAL,TRANSFORM,LEAF,2,0
SCCMaddMachinetoCollectionERROR,NULL,INTERNAL,INTERNAL,TRANSFORM,LEAF,2,0
SCCMFail_WOtoInfra,NULL,INTERNAL,INTERNAL,TRANSFORM,LEAF,2,0
sendEyeShareIM1,NULL,INTERNAL,INTERNAL,OUTPUT,LEAF,2,0
sendGptQuery,NULL,INTERNAL,INTERNAL,INPUT,LEAF,2,0
sessionNumber,NULL,INTERNAL,INTERNAL,TRANSFORM,LEAF,2,0
returnValue82,NULL,INTERNAL,INTERNAL,TRANSFORM,LEAF,2,0
returnValue99,NULL,INTERNAL,INTERNAL,TRANSFORM,LEAF,2,0
reviewResume,NULL,INTERNAL,INTERNAL,TRANSFORM,LEAF,2,0
RevertSnapShot,NULL,INTERNAL,INTERNAL,TRANSFORM,LEAF,2,0
returnValue85,NULL,INTERNAL,INTERNAL,TRANSFORM,LEAF,2,0
returnValue87,NULL,INTERNAL,INTERNAL,TRANSFORM,LEAF,2,0
returnValue72,NULL,INTERNAL,INTERNAL,TRANSFORM,LEAF,2,0
returnValue143,NULL,INTERNAL,INTERNAL,TRANSFORM,LEAF,2,0
sccmProcTime,NULL,INTERNAL,INTERNAL,TRANSFORM,LEAF,2,0
scannedFilesFolderExists,NULL,INTERNAL,INTERNAL,TRANSFORM,LEAF,2,0
scannedFilesFolderFound,NULL,INTERNAL,INTERNAL,TRANSFORM,LEAF,2,0
scannedFilesFolderNotFound,NULL,INTERNAL,INTERNAL,TRANSFORM,LEAF,2,0
SCCMverifyMembership,NULL,INTERNAL,INTERNAL,TRANSFORM,LEAF,2,0
runStoreToolResultEvent,NULL,INTERNAL,INTERNAL,TRANSFORM,LEAF,2,0
runVcenterDataCollectionPS,NULL,INTERNAL,INTERNAL,TRANSFORM,LEAF,2,0
RunWindowsPatch,NULL,INTERNAL,INTERNAL,TRANSFORM,LEAF,2,0
sapActivateUser1,NULL,INTERNAL,INTERNAL,TRANSFORM,LEAF,2,0
sapAssignRole1,NULL,INTERNAL,INTERNAL,TRANSFORM,LEAF,2,0
sapCreateNewUser1,NULL,INTERNAL,INTERNAL,OUTPUT,LEAF,2,0
sapDeactivateUser1,NULL,INTERNAL,INTERNAL,TRANSFORM,LEAF,2,0
sapPasswordReset1,NULL,INTERNAL,INTERNAL,TRANSFORM,LEAF,2,0
sapRemoveRole1,NULL,INTERNAL,INTERNAL,TRANSFORM,LEAF,2,0
sapReprocessIDocs1,NULL,INTERNAL,INTERNAL,TRANSFORM,LEAF,2,0
sapUpdateUser1,NULL,INTERNAL,INTERNAL,OUTPUT,LEAF,2,0
saveTable,NULL,INTERNAL,INTERNAL,TRANSFORM,LEAF,2,0
saveXMLSession1,NULL,INTERNAL,INTERNAL,TRANSFORM,LEAF,2,0
Running,NULL,INTERNAL,INTERNAL,TRANSFORM,LEAF,2,0
RunLinuxUnixPatch,NULL,INTERNAL,INTERNAL,TRANSFORM,LEAF,2,0
ritmNum,NULL,INTERNAL,INTERNAL,TRANSFORM,LEAF,2,0
RowNum,NULL,INTERNAL,INTERNAL,TRANSFORM,LEAF,2,0
RouterIP,NULL,INTERNAL,INTERNAL,TRANSFORM,LEAF,2,0
runAlertSeverity,NULL,INTERNAL,INTERNAL,TRANSFORM,LEAF,2,0
run_AUTO_REPAIR,NULL,INTERNAL,INTERNAL,TRANSFORM,LEAF,2,0
run_BETty_Workflow,NULL,INTERNAL,INTERNAL,TRANSFORM,LEAF,1,0
run_dialog_SCENARIO_5,NULL,INTERNAL,INTERNAL,TRANSFORM,LEAF,1,0
run_show_information,NULL,INTERNAL,INTERNAL,TRANSFORM,LEAF,1,0
run2b,NULL,INTERNAL,INTERNAL,TRANSFORM,LEAF,1,0
run2cDisableSolarwinds,NULL,INTERNAL,INTERNAL,TRANSFORM,LEAF,1,0
run2dVmSnapshot,NULL,INTERNAL,INTERNAL,TRANSFORM,LEAF,1,0
run2fDisableNetbackup,NULL,INTERNAL,INTERNAL,TRANSFORM,LEAF,1,0
runAzureCollection,NULL,INTERNAL,INTERNAL,TRANSFORM,LEAF,1,0
runBuildDiagram,NULL,INTERNAL,INTERNAL,TRANSFORM,LEAF,1,0
runClaudeQuery,NULL,INTERNAL,INTERNAL,INPUT,LEAF,1,0
runEnableNetBackup,NULL,INTERNAL,INTERNAL,TRANSFORM,LEAF,1,0
runEnableSolarwinds,NULL,INTERNAL,INTERNAL,TRANSFORM,LEAF,1,0
runGetVm,NULL,INTERNAL,INTERNAL,INPUT,LEAF,1,0
runGptQuery,NULL,INTERNAL,INTERNAL,INPUT,LEAF,1,0
runGroupingActivities,NULL,INTERNAL,INTERNAL,TRANSFORM,LEAF,1,0
runGroupQuery,NULL,INTERNAL,INTERNAL,INPUT,LEAF,1,0
runHeathAnalyzer,NULL,INTERNAL,INTERNAL,TRANSFORM,LEAF,1,0
RouterName,NULL,INTERNAL,INTERNAL,TRANSFORM,LEAF,1,0
row_count_CRL_ISAM,NULL,INTERNAL,INTERNAL,TRANSFORM,LEAF,1,0
rowCount,NULL,INTERNAL,INTERNAL,TRANSFORM,LEAF,1,0
rowCounter,NULL,INTERNAL,INTERNAL,TRANSFORM,LEAF,1,0
rowIndex,NULL,INTERNAL,INTERNAL,TRANSFORM,LEAF,1,0
rowsPerChild,NULL,INTERNAL,INTERNAL,TRANSFORM,LEAF,1,0
rowsPerChildCalc,NULL,INTERNAL,INTERNAL,TRANSFORM,LEAF,1,0
rubiconApiTokenRequest,NULL,INTERNAL,INTERNAL,TRANSFORM,LEAF,1,0
rubiconToken,NULL,INTERNAL,INTERNAL,TRANSFORM,LEAF,1,0
RulesAudit,NULL,INTERNAL,INTERNAL,TRANSFORM,LEAF,1,0
run_4main,NULL,INTERNAL,INTERNAL,TRANSFORM,LEAF,1,0
ROIAudit,NULL,INTERNAL,INTERNAL,TRANSFORM,LEAF,1,0
roleMapCount,NULL,INTERNAL,INTERNAL,TRANSFORM,LEAF,1,0
roleMapIn,NULL,INTERNAL,INTERNAL,TRANSFORM,LEAF,1,0
rolesCount,NULL,INTERNAL,INTERNAL,TRANSFORM,LEAF,1,0
rotateTable1,NULL,INTERNAL,INTERNAL,TRANSFORM,LEAF,1,0
round1,NULL,INTERNAL,INTERNAL,TRANSFORM,LEAF,1,0
rndWaitTime,NULL,INTERNAL,INTERNAL,WAIT,LEAF,1,0
ritmNotFound,NULL,INTERNAL,INTERNAL,TRANSFORM,LEAF,1,0
RowNumber,NULL,INTERNAL,INTERNAL,TRANSFORM,LEAF,1,0
runMfaWf,NULL,INTERNAL,INTERNAL,TRANSFORM,LEAF,1,0
runMicrofocusToJIRASync,NULL,INTERNAL,INTERNAL,TRANSFORM,LEAF,1,0
runJiraToCorrigoSync,NULL,INTERNAL,INTERNAL,TRANSFORM,LEAF,1,0
runJIraToEngage,NULL,INTERNAL,INTERNAL,TRANSFORM,LEAF,1,0
runningChildren,NULL,INTERNAL,INTERNAL,TRANSFORM,LEAF,1,0
RunningUpdateSN,11,ServiceNow,BUSINESS,OUTPUT,LEAF,1,0
runParseXml,NULL,INTERNAL,INTERNAL,TRANSFORM,LEAF,1,0
runPatching,NULL,INTERNAL,INTERNAL,TRANSFORM,LEAF,1,0
runPythonFix,NULL,INTERNAL,INTERNAL,TRANSFORM,LEAF,1,0
runRemoteExecutable1,NULL,INTERNAL,INTERNAL,TRANSFORM,LEAF,1,0
runSqlInserts,NULL,INTERNAL,INTERNAL,TRANSFORM,LEAF,1,0
runTaskManager,NULL,INTERNAL,INTERNAL,TRANSFORM,LEAF,1,0
runTime,NULL,INTERNAL,INTERNAL,TRANSFORM,LEAF,1,0
runTokenRequest,NULL,INTERNAL,INTERNAL,TRANSFORM,LEAF,1,0
runTool,NULL,INTERNAL,INTERNAL,TRANSFORM,LEAF,1,0
runToolCheckResults,NULL,INTERNAL,INTERNAL,TRANSFORM,LEAF,1,0
runToolData,NULL,INTERNAL,INTERNAL,TRANSFORM,LEAF,1,0
runToolEvent,NULL,INTERNAL,INTERNAL,TRANSFORM,LEAF,1,0
RunUnitySync,NULL,INTERNAL,INTERNAL,TRANSFORM,LEAF,1,0
runUploadFile,NULL,INTERNAL,INTERNAL,TRANSFORM,LEAF,1,0
runVcenterCheck,NULL,INTERNAL,INTERNAL,TRANSFORM,LEAF,1,0
runVcenterCollection,NULL,INTERNAL,INTERNAL,TRANSFORM,LEAF,1,0
runWorkflow13,NULL,INTERNAL,INTERNAL,TRANSFORM,LEAF,1,0
runWorkflow14,NULL,INTERNAL,INTERNAL,TRANSFORM,LEAF,1,0
runWorkflow15,NULL,INTERNAL,INTERNAL,TRANSFORM,LEAF,1,0
runWorkflow17,NULL,INTERNAL,INTERNAL,TRANSFORM,LEAF,1,0
runWorkflow18,NULL,INTERNAL,INTERNAL,TRANSFORM,LEAF,1,0
runWorkflow19,NULL,INTERNAL,INTERNAL,TRANSFORM,LEAF,1,0
SCAN_EVENT_LOG,NULL,INTERNAL,INTERNAL,TRANSFORM,LEAF,1,0
scannedFilesDirCount,NULL,INTERNAL,INTERNAL,TRANSFORM,LEAF,1,0
scannedFilesDirFilter,NULL,INTERNAL,INTERNAL,TRANSFORM,LEAF,1,0
scannedFilesFolderCount,NULL,INTERNAL,INTERNAL,TRANSFORM,LEAF,1,0
saveTempFile,NULL,INTERNAL,INTERNAL,TRANSFORM,LEAF,1,0
saveToDevPath,NULL,INTERNAL,INTERNAL,TRANSFORM,LEAF,1,0
saveToProdPath,NULL,INTERNAL,INTERNAL,TRANSFORM,LEAF,1,0
saveWorkflowDesignerHttp,NULL,INTERNAL,INTERNAL,TRANSFORM,LEAF,1,0
saveWorkflowPropertiesHttp,NULL,INTERNAL,INTERNAL,TRANSFORM,LEAF,1,0
saveGlobalTable,NULL,INTERNAL,INTERNAL,TRANSFORM,LEAF,1,0
saveLunPath,NULL,INTERNAL,INTERNAL,TRANSFORM,LEAF,1,0
saveNewLunInfo,NULL,INTERNAL,INTERNAL,TRANSFORM,LEAF,1,0
runWindowsUpdateInstallCmd,NULL,INTERNAL,INTERNAL,OUTPUT,LEAF,1,0
salesforceCreateRecord1,54,Salesforce,BUSINESS,OUTPUT,LEAF,1,0
salesforceExecuteSOQL1,54,Salesforce,BUSINESS,TRANSFORM,LEAF,1,0
salesforceGetRecord1,54,Salesforce,BUSINESS,INPUT,LEAF,1,0
salesforceUpdateRecord1,54,Salesforce,BUSINESS,OUTPUT,LEAF,1,0
samAccountName,NULL,INTERNAL,INTERNAL,TRANSFORM,LEAF,1,0
sampleTableColumnCount,NULL,INTERNAL,INTERNAL,TRANSFORM,LEAF,1,0
sampleTableRowCount,NULL,INTERNAL,INTERNAL,TRANSFORM,LEAF,1,0
SCCMVerifyMembershipError,NULL,INTERNAL,INTERNAL,TRANSFORM,LEAF,1,0
SCCMVerifyMFailure,NULL,INTERNAL,INTERNAL,TRANSFORM,LEAF,1,0
SCCMVverifyMembershipError,NULL,INTERNAL,INTERNAL,TRANSFORM,LEAF,1,0
SCENARIO_VERSION_v1,NULL,INTERNAL,INTERNAL,TRANSFORM,LEAF,1,0
SCENARIO_VERSION_v2,NULL,INTERNAL,INTERNAL,TRANSFORM,LEAF,1,0
ScheduledRun,NULL,INTERNAL,INTERNAL,TRANSFORM,LEAF,1,0
SchedulerAudit,NULL,INTERNAL,INTERNAL,TRANSFORM,LEAF,1,0
ScheduleRebootQuery,NULL,INTERNAL,INTERNAL,INPUT,LEAF,1,0
SchedulerStatisticsQuery,NULL,INTERNAL,INTERNAL,INPUT,LEAF,1,0
scomCreateAlert1,53,Microsoft System Center - Operations Manager,OTHER,OUTPUT,LEAF,1,0
scomGetAlert1,53,Microsoft System Center - Operations Manager,OTHER,INPUT,LEAF,1,0
scomStartMaintenanceMode1,53,Microsoft System Center - Operations Manager,OTHER,TRANSFORM,LEAF,1,0
scomStopMaintenanceMode1,53,Microsoft System Center - Operations Manager,OTHER,TRANSFORM,LEAF,1,0
scomUpdateAlert1,53,Microsoft System Center - Operations Manager,OTHER,OUTPUT,LEAF,1,0
SCSIConfigError,NULL,INTERNAL,INTERNAL,TRANSFORM,LEAF,1,0
SCSIConfiguration,NULL,INTERNAL,INTERNAL,TRANSFORM,LEAF,1,0
SCVMM_Server,NULL,INTERNAL,INTERNAL,TRANSFORM,LEAF,1,0
scannedUserCount,NULL,INTERNAL,INTERNAL,TRANSFORM,LEAF,1,0
scannedUserListFilter,NULL,INTERNAL,INTERNAL,TRANSFORM,LEAF,1,0
SCCMdelete,NULL,INTERNAL,INTERNAL,TRANSFORM,LEAF,1,0
SCCMDeleteError,NULL,INTERNAL,INTERNAL,TRANSFORM,LEAF,1,0
SCCMdeleteMachine,NULL,INTERNAL,INTERNAL,TRANSFORM,LEAF,1,0
SCCMRemoveMachineVars,NULL,INTERNAL,INTERNAL,TRANSFORM,LEAF,1,0
SCCMStall_WOtoInfra,NULL,INTERNAL,INTERNAL,TRANSFORM,LEAF,1,0
sccmStallTime,NULL,INTERNAL,INTERNAL,TRANSFORM,LEAF,1,0
SCCMVerifyM,NULL,INTERNAL,INTERNAL,TRANSFORM,LEAF,1,0
SCCMVerifyM2,NULL,INTERNAL,INTERNAL,TRANSFORM,LEAF,1,0
SCCMVerifyM2Failure,NULL,INTERNAL,INTERNAL,TRANSFORM,LEAF,1,0
SCCMgetDeployMsgFail,NULL,INTERNAL,INTERNAL,INPUT,LEAF,1,0
SCCMgetTSDeploymentIDFailure,NULL,INTERNAL,INTERNAL,INPUT,LEAF,1,0
sccmimage,NULL,INTERNAL,INTERNAL,TRANSFORM,LEAF,1,0
SCCMImportDev,NULL,INTERNAL,INTERNAL,TRANSFORM,LEAF,1,0
SCCMImportDevFailure,NULL,INTERNAL,INTERNAL,TRANSFORM,LEAF,1,0
returnValue145,NULL,INTERNAL,INTERNAL,TRANSFORM,LEAF,1,0
returnValue149,NULL,INTERNAL,INTERNAL,TRANSFORM,LEAF,1,0
returnValue229,NULL,INTERNAL,INTERNAL,TRANSFORM,LEAF,1,0
returnValue211,NULL,INTERNAL,INTERNAL,TRANSFORM,LEAF,1,0
returnValue213,NULL,INTERNAL,INTERNAL,TRANSFORM,LEAF,1,0
returnValue217,NULL,INTERNAL,INTERNAL,TRANSFORM,LEAF,1,0
returnValue219,NULL,INTERNAL,INTERNAL,TRANSFORM,LEAF,1,0
returnValue241,NULL,INTERNAL,INTERNAL,TRANSFORM,LEAF,1,0
returnValue243,NULL,INTERNAL,INTERNAL,TRANSFORM,LEAF,1,0
returnValue247,NULL,INTERNAL,INTERNAL,TRANSFORM,LEAF,1,0
returnValue249,NULL,INTERNAL,INTERNAL,TRANSFORM,LEAF,1,0
returnValue231,NULL,INTERNAL,INTERNAL,TRANSFORM,LEAF,1,0
returnValue233,NULL,INTERNAL,INTERNAL,TRANSFORM,LEAF,1,0
returnValue235,NULL,INTERNAL,INTERNAL,TRANSFORM,LEAF,1,0
returnValue251,NULL,INTERNAL,INTERNAL,TRANSFORM,LEAF,1,0
returnValue161,NULL,INTERNAL,INTERNAL,TRANSFORM,LEAF,1,0
returnValue163,NULL,INTERNAL,INTERNAL,TRANSFORM,LEAF,1,0
returnValue165,NULL,INTERNAL,INTERNAL,TRANSFORM,LEAF,1,0
returnValue167,NULL,INTERNAL,INTERNAL,TRANSFORM,LEAF,1,0
returnValue168,NULL,INTERNAL,INTERNAL,TRANSFORM,LEAF,1,0
returnValue151,NULL,INTERNAL,INTERNAL,TRANSFORM,LEAF,1,0
returnValue153,NULL,INTERNAL,INTERNAL,TRANSFORM,LEAF,1,0
returnValue154,NULL,INTERNAL,INTERNAL,TRANSFORM,LEAF,1,0
returnValue156,NULL,INTERNAL,INTERNAL,TRANSFORM,LEAF,1,0
returnValue158,NULL,INTERNAL,INTERNAL,TRANSFORM,LEAF,1,0
returnValue159,NULL,INTERNAL,INTERNAL,TRANSFORM,LEAF,1,0
returnValue170,NULL,INTERNAL,INTERNAL,TRANSFORM,LEAF,1,0
returnValue171,NULL,INTERNAL,INTERNAL,TRANSFORM,LEAF,1,0
returnValue172,NULL,INTERNAL,INTERNAL,TRANSFORM,LEAF,1,0
returnValue173,NULL,INTERNAL,INTERNAL,TRANSFORM,LEAF,1,0
returnValue175,NULL,INTERNAL,INTERNAL,TRANSFORM,LEAF,1,0
returnValue177,NULL,INTERNAL,INTERNAL,TRANSFORM,LEAF,1,0
returnValue178,NULL,INTERNAL,INTERNAL,TRANSFORM,LEAF,1,0
returnValue179,NULL,INTERNAL,INTERNAL,TRANSFORM,LEAF,1,0
returnValue181,NULL,INTERNAL,INTERNAL,TRANSFORM,LEAF,1,0
returnValue182,NULL,INTERNAL,INTERNAL,TRANSFORM,LEAF,1,0
returnValue183,NULL,INTERNAL,INTERNAL,TRANSFORM,LEAF,1,0
returnValue185,NULL,INTERNAL,INTERNAL,TRANSFORM,LEAF,1,0
returnValue186,NULL,INTERNAL,INTERNAL,TRANSFORM,LEAF,1,0
returnValue187,NULL,INTERNAL,INTERNAL,TRANSFORM,LEAF,1,0
returnValue188,NULL,INTERNAL,INTERNAL,TRANSFORM,LEAF,1,0
returnValue189,NULL,INTERNAL,INTERNAL,TRANSFORM,LEAF,1,0
returnValue201,NULL,INTERNAL,INTERNAL,TRANSFORM,LEAF,1,0
returnValue202,NULL,INTERNAL,INTERNAL,TRANSFORM,LEAF,1,0
returnValue203,NULL,INTERNAL,INTERNAL,TRANSFORM,LEAF,1,0
returnValue205,NULL,INTERNAL,INTERNAL,TRANSFORM,LEAF,1,0
returnValue207,NULL,INTERNAL,INTERNAL,TRANSFORM,LEAF,1,0
returnValue190,NULL,INTERNAL,INTERNAL,TRANSFORM,LEAF,1,0
returnValue197,NULL,INTERNAL,INTERNAL,TRANSFORM,LEAF,1,0
returnValue198,NULL,INTERNAL,INTERNAL,TRANSFORM,LEAF,1,0
returnValue199,NULL,INTERNAL,INTERNAL,TRANSFORM,LEAF,1,0
returnValue88,NULL,INTERNAL,INTERNAL,TRANSFORM,LEAF,1,0
returnValue93,NULL,INTERNAL,INTERNAL,TRANSFORM,LEAF,1,0
returnValue95,NULL,INTERNAL,INTERNAL,TRANSFORM,LEAF,1,0
returnValue96,NULL,INTERNAL,INTERNAL,TRANSFORM,LEAF,1,0
returnValue97,NULL,INTERNAL,INTERNAL,TRANSFORM,LEAF,1,0
returnValue80,NULL,INTERNAL,INTERNAL,TRANSFORM,LEAF,1,0
returnValue76,NULL,INTERNAL,INTERNAL,TRANSFORM,LEAF,1,0
RevertSnapSuccessWait,NULL,INTERNAL,INTERNAL,WAIT,LEAF,1,0
RevertSuccessLog,NULL,INTERNAL,INTERNAL,TRANSFORM,LEAF,1,0
right1,NULL,INTERNAL,INTERNAL,TRANSFORM,LEAF,1,0
rightTrim1,NULL,INTERNAL,INTERNAL,TRANSFORM,LEAF,1,0
returnValueFormula,NULL,INTERNAL,INTERNAL,TRANSFORM,LEAF,1,0
RevertedSuccessAssignDiffTeam,NULL,INTERNAL,INTERNAL,TRANSFORM,LEAF,1,0
RevertFailureLog,NULL,INTERNAL,INTERNAL,TRANSFORM,LEAF,1,0
RevertSnapFailureWait,NULL,INTERNAL,INTERNAL,WAIT,LEAF,1,0
sessionResults,NULL,INTERNAL,INTERNAL,TRANSFORM,LEAF,1,0
sessionResultsCount,NULL,INTERNAL,INTERNAL,TRANSFORM,LEAF,1,0
sessionResultsJson,NULL,INTERNAL,INTERNAL,TRANSFORM,LEAF,1,0
set_AcceptableDeltaInSeconds_AUTOREPAIR,NULL,INTERNAL,INTERNAL,TRANSFORM,LEAF,1,0
set_AcceptableDeltaInSeconds_GUIDED,NULL,INTERNAL,INTERNAL,TRANSFORM,LEAF,1,0
set_AcceptableDeltaInSeconds_TESTMODE_huge,NULL,INTERNAL,INTERNAL,TRANSFORM,LEAF,1,0
set_additional_row_unique_alert_keys,NULL,INTERNAL,INTERNAL,TRANSFORM,LEAF,1,0
set_ALERTKEY_TESTMODE,NULL,INTERNAL,INTERNAL,TRANSFORM,LEAF,1,0
Set_ApprovedBy1,NULL,INTERNAL,INTERNAL,TRANSFORM,LEAF,1,0
Set_ApprovedBy2,NULL,INTERNAL,INTERNAL,TRANSFORM,LEAF,1,0
set_AUTO_REPAIR_MODE,NULL,INTERNAL,INTERNAL,TRANSFORM,LEAF,1,0
set_AutoTTActTime_TEST,NULL,INTERNAL,INTERNAL,TRANSFORM,LEAF,1,0
set_BETty_disabled_NO_0,NULL,INTERNAL,INTERNAL,TRANSFORM,LEAF,1,0
set_BETty_disabled_NO_1,NULL,INTERNAL,INTERNAL,TRANSFORM,LEAF,1,0
set_BETty_disabled_YES,NULL,INTERNAL,INTERNAL,TRANSFORM,LEAF,1,0
set_BETty_disabled_YES_unknownUtac,NULL,INTERNAL,INTERNAL,TRANSFORM,LEAF,1,0
set_BETty_prerequisites,NULL,INTERNAL,INTERNAL,TRANSFORM,LEAF,1,0
set_BETty_WebUI_prerequisites,NULL,INTERNAL,INTERNAL,TRANSFORM,LEAF,1,0
set_BUILDING,NULL,INTERNAL,INTERNAL,TRANSFORM,LEAF,1,0
set_cli_isam_port,NULL,INTERNAL,INTERNAL,TRANSFORM,LEAF,1,0
SET_CMD_SHOW_RELEASE,NULL,INTERNAL,INTERNAL,TRANSFORM,LEAF,1,0
set_CRL_GRD_PW_SPLITTER_none,NULL,INTERNAL,INTERNAL,TRANSFORM,LEAF,1,0
set_CRLObjectName_TESTMODE,NULL,INTERNAL,INTERNAL,TRANSFORM,LEAF,1,0
set_date,NULL,INTERNAL,INTERNAL,TRANSFORM,LEAF,1,0
set_default_First_UTAC,NULL,INTERNAL,INTERNAL,TRANSFORM,LEAF,1,0
set_DIALOG_TIMEOUT,NULL,INTERNAL,INTERNAL,TRANSFORM,LEAF,1,0
set_FirstOccurrence_TESTMODE,NULL,INTERNAL,INTERNAL,TRANSFORM,LEAF,1,0
set_GRD_outage_radius_in_meters,NULL,INTERNAL,INTERNAL,TRANSFORM,LEAF,1,0
set_GUIDED_REPAIR_MODE,NULL,INTERNAL,INTERNAL,TRANSFORM,LEAF,1,0
set_hostname,NULL,INTERNAL,INTERNAL,TRANSFORM,LEAF,1,0
set_ISAM,NULL,INTERNAL,INTERNAL,TRANSFORM,LEAF,1,0
set_isam_expected_releases,NULL,INTERNAL,INTERNAL,TRANSFORM,LEAF,1,0
set_ISAM_localtime_shift_SUMMER_not_allowed,NULL,INTERNAL,INTERNAL,TRANSFORM,LEAF,1,0
set_ISAM_localtime_to_AMS_BrusselsTime_shift,NULL,INTERNAL,INTERNAL,TRANSFORM,LEAF,1,0
set_ISAM_localtime_to_AMS_BrusselsTime_shift_SUMMER,NULL,INTERNAL,INTERNAL,TRANSFORM,LEAF,1,0
set_JV_NO,NULL,INTERNAL,INTERNAL,TRANSFORM,LEAF,1,0
set_JV_YES,NULL,INTERNAL,INTERNAL,TRANSFORM,LEAF,1,0
set_modulename,NULL,INTERNAL,INTERNAL,TRANSFORM,LEAF,1,0
set_MRP_URL,NULL,INTERNAL,INTERNAL,TRANSFORM,LEAF,1,0
set_nb_customers,NULL,INTERNAL,INTERNAL,TRANSFORM,LEAF,1,0
Set_NewRequestor,NULL,INTERNAL,INTERNAL,TRANSFORM,LEAF,1,0
set_NODE_TESTMODE,NULL,INTERNAL,INTERNAL,TRANSFORM,LEAF,1,0
set_NodeAlias_TESTMODE,NULL,INTERNAL,INTERNAL,TRANSFORM,LEAF,1,0
Set_OnCallCalgary,NULL,INTERNAL,INTERNAL,TRANSFORM,LEAF,1,0
Set_OnCallManager,NULL,INTERNAL,INTERNAL,TRANSFORM,LEAF,1,0
set_PAUSE_OLA_defaultPostpone_hours,NULL,INTERNAL,INTERNAL,TRANSFORM,LEAF,1,0
set_PAUSE_OLA_EndDate_ELSE,NULL,INTERNAL,INTERNAL,TRANSFORM,LEAF,1,0
set_PAUSE_OLA_EndDate_human_ELSE,NULL,INTERNAL,INTERNAL,TRANSFORM,LEAF,1,0
set_PAUSE_OLA_EndDate_human_noEnd,NULL,INTERNAL,INTERNAL,TRANSFORM,LEAF,1,0
set_PAUSE_OLA_EndDate_human_none,NULL,INTERNAL,INTERNAL,TRANSFORM,LEAF,1,0
set_PAUSE_OLA_EndDate_human_tomorrow_8an,NULL,INTERNAL,INTERNAL,TRANSFORM,LEAF,1,0
set_PAUSE_OLA_EndDate_human_tomorrow_8an_b,NULL,INTERNAL,INTERNAL,TRANSFORM,LEAF,1,0
set_PAUSE_OLA_EndDate_human_unknownSplitter,NULL,INTERNAL,INTERNAL,TRANSFORM,LEAF,1,0
set_PAUSE_OLA_EndDate_noEnd,NULL,INTERNAL,INTERNAL,TRANSFORM,LEAF,1,0
set_PAUSE_OLA_EndDate_none,NULL,INTERNAL,INTERNAL,TRANSFORM,LEAF,1,0
set_PAUSE_OLA_EndDate_tomorrow_8am,NULL,INTERNAL,INTERNAL,TRANSFORM,LEAF,1,0
set_PAUSE_OLA_EndDate_tomorrow_8an,NULL,INTERNAL,INTERNAL,TRANSFORM,LEAF,1,0
set_PAUSE_OLA_EndDate_unknownSplitter,NULL,INTERNAL,INTERNAL,TRANSFORM,LEAF,1,0
set_pon_row_ALARMINDEX,NULL,INTERNAL,INTERNAL,TRANSFORM,LEAF,1,0
set_pon_row_ISAMPORT,NULL,INTERNAL,INTERNAL,TRANSFORM,LEAF,1,0
set_pon_row_LOSS,NULL,INTERNAL,INTERNAL,TRANSFORM,LEAF,1,0
set_pon_row_PORT,NULL,INTERNAL,INTERNAL,TRANSFORM,LEAF,1,0
set_port,NULL,INTERNAL,INTERNAL,TRANSFORM,LEAF,1,0
Set_RebootStatus_Failed,NULL,INTERNAL,INTERNAL,TRANSFORM,LEAF,1,0
Set_RebootStatus_PingFailed,NULL,INTERNAL,INTERNAL,TRANSFORM,LEAF,1,0
Set_RebootStatus_PingSuccess,NULL,INTERNAL,INTERNAL,TRANSFORM,LEAF,1,0
Set_RebootStatus_Success,NULL,INTERNAL,INTERNAL,TRANSFORM,LEAF,1,0
Set_RebootStatus_Success_UpimeLess16,NULL,INTERNAL,INTERNAL,TRANSFORM,LEAF,1,0
Set_Requestor,NULL,INTERNAL,INTERNAL,TRANSFORM,LEAF,1,0
Set_RequestorDisplayName,NULL,INTERNAL,INTERNAL,TRANSFORM,LEAF,1,0
set_row_ALARMINDEX,NULL,INTERNAL,INTERNAL,TRANSFORM,LEAF,1,0
set_row_deltaFirstOccurrence,NULL,INTERNAL,INTERNAL,TRANSFORM,LEAF,1,0
set_row_DYINGGASP,NULL,INTERNAL,INTERNAL,TRANSFORM,LEAF,1,0
set_row_DYINGGASPTIMESTAMP,NULL,INTERNAL,INTERNAL,TRANSFORM,LEAF,1,0
set_row_DYINGGASPTIMESTAMP_default,NULL,INTERNAL,INTERNAL,TRANSFORM,LEAF,1,0
set_row_DYINGGASPTIMESTAMPBrusselsTime,NULL,INTERNAL,INTERNAL,TRANSFORM,LEAF,1,0
set_row_DYINGGASPTIMESTAMPBrusselsTime_default,NULL,INTERNAL,INTERNAL,TRANSFORM,LEAF,1,0
set_row_ISAMPORT,NULL,INTERNAL,INTERNAL,TRANSFORM,LEAF,1,0
set_row_LOSSTIMESTAMP,NULL,INTERNAL,INTERNAL,TRANSFORM,LEAF,1,0
set_row_LOSSTIMESTAMP_default,NULL,INTERNAL,INTERNAL,TRANSFORM,LEAF,1,0
set_row_NetcoolFirstOccurrence,NULL,INTERNAL,INTERNAL,TRANSFORM,LEAF,1,0
set_row_ONT,NULL,INTERNAL,INTERNAL,TRANSFORM,LEAF,1,0
Set_SCVMM_to2012,NULL,INTERNAL,INTERNAL,TRANSFORM,LEAF,1,0
Set_SCVMM_to2016,NULL,INTERNAL,INTERNAL,TRANSFORM,LEAF,1,0
Set_SCVMM_to2019,NULL,INTERNAL,INTERNAL,TRANSFORM,LEAF,1,0
set_SPLIITER_unknown,NULL,INTERNAL,INTERNAL,TRANSFORM,LEAF,1,0
set_SSH_CREDENTIALS_ISAM_FIBER_tacacs,NULL,INTERNAL,INTERNAL,TRANSFORM,LEAF,1,0
set_stauts,NULL,INTERNAL,INTERNAL,TRANSFORM,LEAF,1,0
set_T_ISAM_DYING_GASPS_RESULTS,NULL,INTERNAL,INTERNAL,TRANSFORM,LEAF,1,0
set_T_ISAM_PON_LOSS_RESULTS,NULL,INTERNAL,INTERNAL,TRANSFORM,LEAF,1,0
set_TESTMODE,NULL,INTERNAL,INTERNAL,TRANSFORM,LEAF,1,0
set_this_row_DYINGGASPTIMESTAMP_BrusselsTime,NULL,INTERNAL,INTERNAL,TRANSFORM,LEAF,1,0
set_this_ssh_error_none_SSH1,NULL,INTERNAL,INTERNAL,TRANSFORM,LEAF,1,0
set_this_ssh_error_none_SSH2,NULL,INTERNAL,INTERNAL,TRANSFORM,LEAF,1,0
set_threshold_DyingGasps_nb_PowerOutage,NULL,INTERNAL,INTERNAL,TRANSFORM,LEAF,1,0
set_tomorrow_8am_Brussels_epoch_UTC_plus_1,NULL,INTERNAL,INTERNAL,TRANSFORM,LEAF,1,0
set_TotalDyingGaspsMatchingFirstOccurrence,NULL,INTERNAL,INTERNAL,TRANSFORM,LEAF,1,0
Set_Trim_BusinessOwner,NULL,INTERNAL,INTERNAL,TRANSFORM,LEAF,1,0
Set_Trim_Reporter,NULL,INTERNAL,INTERNAL,TRANSFORM,LEAF,1,0
set_TRM_URL,NULL,INTERNAL,INTERNAL,TRANSFORM,LEAF,1,0
set_TTAssignement_FiberCut_BETty_disabled,NULL,INTERNAL,INTERNAL,TRANSFORM,LEAF,1,0
set_TTAssignement_FiberCut_BETty_enabled,NULL,INTERNAL,INTERNAL,TRANSFORM,LEAF,1,0
set_TTAssignement_FiberCut_BETty_v1,NULL,INTERNAL,INTERNAL,TRANSFORM,LEAF,1,0
set_TTAssignement_ISAM_not_found_in_CRL,NULL,INTERNAL,INTERNAL,TRANSFORM,LEAF,1,0
set_TTAssignement_JV,NULL,INTERNAL,INTERNAL,TRANSFORM,LEAF,1,0
set_TTAssignement_no_PON_LOSS,NULL,INTERNAL,INTERNAL,TRANSFORM,LEAF,1,0
set_TTAssignement_POWER_DG_matching,NULL,INTERNAL,INTERNAL,TRANSFORM,LEAF,1,0
set_TTAssignement_SSH_ERROR,NULL,INTERNAL,INTERNAL,TRANSFORM,LEAF,1,0
set_TTDescription_Common_dataQualityIssue,NULL,INTERNAL,INTERNAL,TRANSFORM,LEAF,1,0
set_TTDescription_FiberCut_BETty_disabled,NULL,INTERNAL,INTERNAL,TRANSFORM,LEAF,1,0
set_TTDescription_FiberCut_BETty_enabled,NULL,INTERNAL,INTERNAL,TRANSFORM,LEAF,1,0
set_TTDescription_FiberCut_BETty_v1,NULL,INTERNAL,INTERNAL,TRANSFORM,LEAF,1,0
set_TTDescription_ISAM_not_found_in_CRL,NULL,INTERNAL,INTERNAL,TRANSFORM,LEAF,1,0
set_TTDescription_JV,NULL,INTERNAL,INTERNAL,TRANSFORM,LEAF,1,0
set_TTDescription_no_PON_LOSS,NULL,INTERNAL,INTERNAL,TRANSFORM,LEAF,1,0
set_TTDescription_POWER_DG_matching_ELSE,NULL,INTERNAL,INTERNAL,TRANSFORM,LEAF,1,0
set_TTDescription_POWER_DG_matching_noEnd,NULL,INTERNAL,INTERNAL,TRANSFORM,LEAF,1,0
set_TTDescription_POWER_DG_matching_none,NULL,INTERNAL,INTERNAL,TRANSFORM,LEAF,1,0
set_TTDescription_POWER_DG_matching_unknownSplitter,NULL,INTERNAL,INTERNAL,TRANSFORM,LEAF,1,0
set_TTDescription_SSH_ERROR,NULL,INTERNAL,INTERNAL,TRANSFORM,LEAF,1,0
set_TTDescription_SSH_ERROR_JV,NULL,INTERNAL,INTERNAL,TRANSFORM,LEAF,1,0
set_TTStatus_FALSE_POSITIVE_no_PON_LOSS,NULL,INTERNAL,INTERNAL,TRANSFORM,LEAF,1,0
set_TTStatus_FiberCut_BETty_disabled,NULL,INTERNAL,INTERNAL,TRANSFORM,LEAF,1,0
set_TTStatus_FiberCut_BETty_enabled,NULL,INTERNAL,INTERNAL,TRANSFORM,LEAF,1,0
set_TTStatus_FiberCut_v1,NULL,INTERNAL,INTERNAL,TRANSFORM,LEAF,1,0
set_TTStatus_ISAM_not_found_in_CRL,NULL,INTERNAL,INTERNAL,TRANSFORM,LEAF,1,0
set_TTStatus_JV_ACTION_NEEDED,NULL,INTERNAL,INTERNAL,TRANSFORM,LEAF,1,0
set_TTStatus_POWER_DG_matching,NULL,INTERNAL,INTERNAL,TRANSFORM,LEAF,1,0
set_TTStatus_SSH_ERROR,NULL,INTERNAL,INTERNAL,TRANSFORM,LEAF,1,0
set_txt_inc_CRL_GRD_PW_SPLITTER_origin_ref_ELSE,NULL,INTERNAL,INTERNAL,TRANSFORM,LEAF,1,0
set_txt_inc_CRL_GRD_PW_SPLITTER_origin_ref_noEnd,NULL,INTERNAL,INTERNAL,TRANSFORM,LEAF,1,0
set_txt_inc_CRL_GRD_PW_SPLITTER_origin_ref_none,NULL,INTERNAL,INTERNAL,TRANSFORM,LEAF,1,0
set_txt_inc_CRL_GRD_PW_SPLITTER_origin_ref_unknown,NULL,INTERNAL,INTERNAL,TRANSFORM,LEAF,1,0
set_txt_inc_DATA_QUALITY_acceptable_0,NULL,INTERNAL,INTERNAL,TRANSFORM,LEAF,1,0
set_txt_inc_DATA_QUALITY_issue,NULL,INTERNAL,INTERNAL,TRANSFORM,LEAF,1,0
set_txt_inc_DATA_QUALITY_issue_UTAC,NULL,INTERNAL,INTERNAL,TRANSFORM,LEAF,1,0
set_txt_inc_DATA_QUALITY_no_issue_1,NULL,INTERNAL,INTERNAL,TRANSFORM,LEAF,1,0
set_txt_inc_DEBUG_AutoTTActTime,NULL,INTERNAL,INTERNAL,TRANSFORM,LEAF,1,0
set_txt_inc_DYING_GASPS_2_or_more,NULL,INTERNAL,INTERNAL,TRANSFORM,LEAF,1,0
set_txt_inc_DYING_GASPS_less_than_2,NULL,INTERNAL,INTERNAL,TRANSFORM,LEAF,1,0
set_txt_inc_DYING_GASPS_none_on_whole_ISAM,NULL,INTERNAL,INTERNAL,TRANSFORM,LEAF,1,0
set_txt_inc_DYING_GASPS_notEnough,NULL,INTERNAL,INTERNAL,TRANSFORM,LEAF,1,0
set_txt_inc_GPON_Customers,NULL,INTERNAL,INTERNAL,TRANSFORM,LEAF,1,0
set_txt_inc_ISAM_time_vs_Brussels_time_delta,NULL,INTERNAL,INTERNAL,TRANSFORM,LEAF,1,0
set_txt_inc_no_XPON,NULL,INTERNAL,INTERNAL,TRANSFORM,LEAF,1,0
set_txt_inc_OFP_Splitter,NULL,INTERNAL,INTERNAL,TRANSFORM,LEAF,1,0
set_txt_inc_OFP_Splitter_unknown,NULL,INTERNAL,INTERNAL,TRANSFORM,LEAF,1,0
set_txt_inc_OLT_ISAM,NULL,INTERNAL,INTERNAL,TRANSFORM,LEAF,1,0
set_txt_inc_OLT_ISAM_not_found_in_CRL,NULL,INTERNAL,INTERNAL,TRANSFORM,LEAF,1,0
set_txt_inc_PON_LOSS_confirmed,NULL,INTERNAL,INTERNAL,TRANSFORM,LEAF,1,0
set_txt_inc_PON_LOSS_not_there,NULL,INTERNAL,INTERNAL,TRANSFORM,LEAF,1,0
set_txt_inc_software_mngt_version_NOT_OK,NULL,INTERNAL,INTERNAL,TRANSFORM,LEAF,1,0
set_txt_inc_software_mngt_version_OK,NULL,INTERNAL,INTERNAL,TRANSFORM,LEAF,1,0
set_txt_inc_Splitter_distance,NULL,INTERNAL,INTERNAL,TRANSFORM,LEAF,1,0
set_txt_inc_XPON_LOSS_confirmed,NULL,INTERNAL,INTERNAL,TRANSFORM,LEAF,1,0
set_txt_inc_XPON_LOSS_not_there,NULL,INTERNAL,INTERNAL,TRANSFORM,LEAF,1,0
set_unique_alert_key,NULL,INTERNAL,INTERNAL,TRANSFORM,LEAF,1,0
set_unique_alert_key_ROW,NULL,INTERNAL,INTERNAL,TRANSFORM,LEAF,1,0
set_VERSION_WF_EDP_113482_FTTH,NULL,INTERNAL,INTERNAL,TRANSFORM,LEAF,1,0
Set_VMHostName_2016,NULL,INTERNAL,INTERNAL,TRANSFORM,LEAF,1,0
Set_VMHostName_R2,NULL,INTERNAL,INTERNAL,TRANSFORM,LEAF,1,0
set_wsr_SCENARIO,NULL,INTERNAL,INTERNAL,TRANSFORM,LEAF,1,0
sendInsertData,NULL,INTERNAL,INTERNAL,OUTPUT,LEAF,1,0
sendNoApprovalEmail,NULL,INTERNAL,INTERNAL,OUTPUT,LEAF,1,0
sendSMS2,NULL,INTERNAL,INTERNAL,OUTPUT,LEAF,1,0
sendSMS3,NULL,INTERNAL,INTERNAL,OUTPUT,LEAF,1,0
sendEyeShareIM2,NULL,INTERNAL,INTERNAL,OUTPUT,LEAF,1,0
SendSMS_BO_Failed,NULL,INTERNAL,INTERNAL,OUTPUT,LEAF,1,0
SendSMS_BO_Success,NULL,INTERNAL,INTERNAL,OUTPUT,LEAF,1,0
sendSMS_DUO_CHECK,NULL,INTERNAL,INTERNAL,OUTPUT,LEAF,1,0
sendSMS_DUO_FAILED,NULL,INTERNAL,INTERNAL,OUTPUT,LEAF,1,0
sendSMS_DUO_SUCCEEDED,NULL,INTERNAL,INTERNAL,OUTPUT,LEAF,1,0
SendSMS_ITOwner_Failed,NULL,INTERNAL,INTERNAL,OUTPUT,LEAF,1,0
SendSMS_ITOwner_success,NULL,INTERNAL,INTERNAL,OUTPUT,LEAF,1,0
sendSMS_NO_OPTION,NULL,INTERNAL,INTERNAL,OUTPUT,LEAF,1,0
sendSMS_RESET_FAILED,NULL,INTERNAL,INTERNAL,OUTPUT,LEAF,1,0
sendSMS_RESET_SUCCEEDED,NULL,INTERNAL,INTERNAL,OUTPUT,LEAF,1,0
sendSMS_UNLOCK_FAILED,NULL,INTERNAL,INTERNAL,OUTPUT,LEAF,1,0
sendSMS_UNLOCK_SUCCEEDED,NULL,INTERNAL,INTERNAL,OUTPUT,LEAF,1,0
sendEmail5,NULL,INTERNAL,INTERNAL,OUTPUT,LEAF,1,0
SendEmailToManager1,NULL,INTERNAL,INTERNAL,OUTPUT,LEAF,1,0
SendEmailToManager2,NULL,INTERNAL,INTERNAL,OUTPUT,LEAF,1,0
sendErrorEmail,NULL,INTERNAL,INTERNAL,OUTPUT,LEAF,1,0
SelfServiceStatisticsQuery,NULL,INTERNAL,INTERNAL,INPUT,LEAF,1,0
SelfServiceUserName,NULL,INTERNAL,INTERNAL,TRANSFORM,LEAF,1,0
sendApprovalEmail,NULL,INTERNAL,INTERNAL,OUTPUT,LEAF,1,0
sendChatResponse,NULL,INTERNAL,INTERNAL,OUTPUT,LEAF,1,0
SelectSolarWinds,NULL,INTERNAL,INTERNAL,TRANSFORM,LEAF,1,0
selfServiceFormInfo,NULL,INTERNAL,INTERNAL,TRANSFORM,LEAF,1,0
selfServiceFormInfoCount,NULL,INTERNAL,INTERNAL,TRANSFORM,LEAF,1,0
selfServiceInput1,NULL,INTERNAL,INTERNAL,TRANSFORM,LEAF,1,0
SeeApproval1_NoResponse,NULL,INTERNAL,INTERNAL,TRANSFORM,LEAF,1,0
SeeApproval2_NoResponse,NULL,INTERNAL,INTERNAL,TRANSFORM,LEAF,1,0
sdtEndDateTime,NULL,INTERNAL,INTERNAL,TRANSFORM,LEAF,1,0
sdtStartDateTime,NULL,INTERNAL,INTERNAL,TRANSFORM,LEAF,1,0
SearchBySummaryworkflow,NULL,INTERNAL,INTERNAL,TRANSFORM,LEAF,1,0
searchExistingTicket_CPSS,27,Jira,BUSINESS,TRANSFORM,LEAF,1,0
searchExistingTicket_DCO,27,Jira,BUSINESS,TRANSFORM,LEAF,1,0
searchExistingTicket_IAMS,27,Jira,BUSINESS,TRANSFORM,LEAF,1,0
searchExistingTicket_L2O,27,Jira,BUSINESS,TRANSFORM,LEAF,1,0
searchExistingTicket_NETOPS,27,Jira,BUSINESS,TRANSFORM,LEAF,1,0
searchExistingTicket_PEOS,27,Jira,BUSINESS,TRANSFORM,LEAF,1,0
searchExistingTicket_Places,7,INTERNAL,OTHER,TRANSFORM,LEAF,1,1
searchExistingTicket_PROPS,27,Jira,BUSINESS,TRANSFORM,LEAF,1,0
searchExistingTicket_SRES,27,Jira,BUSINESS,TRANSFORM,LEAF,1,0
searchExistingTicket_UCC,7,INTERNAL,OTHER,TRANSFORM,LEAF,1,1
SearchJiraTicket,NULL,INTERNAL,INTERNAL,TRANSFORM,LEAF,1,0
searchPageCount,NULL,INTERNAL,INTERNAL,TRANSFORM,LEAF,1,0
searchResultInfo,NULL,INTERNAL,INTERNAL,TRANSFORM,LEAF,1,0
searchRowByInterval1,NULL,INTERNAL,INTERNAL,TRANSFORM,LEAF,1,0
searchStringMatchCount,NULL,INTERNAL,INTERNAL,TRANSFORM,LEAF,1,0
searchXmlSession,NULL,INTERNAL,INTERNAL,TRANSFORM,LEAF,1,0
Secondary_EmailAddress,NULL,INTERNAL,INTERNAL,TRANSFORM,LEAF,1,0
SecondaryOnCall_Name,NULL,INTERNAL,INTERNAL,TRANSFORM,LEAF,1,0
section2_1,NULL,INTERNAL,INTERNAL,TRANSFORM,LEAF,1,0
section2_4,NULL,INTERNAL,INTERNAL,TRANSFORM,LEAF,1,0
section2_5,NULL,INTERNAL,INTERNAL,TRANSFORM,LEAF,1,0
section3_1_child,NULL,INTERNAL,INTERNAL,TRANSFORM,LEAF,1,0
section4_1,NULL,INTERNAL,INTERNAL,TRANSFORM,LEAF,1,0
section5_1,NULL,INTERNAL,INTERNAL,TRANSFORM,LEAF,1,0
section6_1,NULL,INTERNAL,INTERNAL,TRANSFORM,LEAF,1,0
sectionStop,NULL,INTERNAL,INTERNAL,TRANSFORM,LEAF,1,0
SECURITY,NULL,INTERNAL,INTERNAL,TRANSFORM,LEAF,1,0
ServersConclusion,NULL,INTERNAL,INTERNAL,TRANSFORM,LEAF,1,0
serverRestart2,NULL,INTERNAL,INTERNAL,TRANSFORM,LEAF,1,0
serverRestart3,NULL,INTERNAL,INTERNAL,TRANSFORM,LEAF,1,0
serverOSDetails1,NULL,INTERNAL,INTERNAL,TRANSFORM,LEAF,1,0
ServerPriority,NULL,INTERNAL,INTERNAL,TRANSFORM,LEAF,1,0
ServerType_Citrix1,NULL,INTERNAL,INTERNAL,TRANSFORM,LEAF,1,0
ServerType_Citrix2,NULL,INTERNAL,INTERNAL,TRANSFORM,LEAF,1,0
ServerTypeName,NULL,INTERNAL,INTERNAL,TRANSFORM,LEAF,1,0
serverUptime,NULL,INTERNAL,INTERNAL,TRANSFORM,LEAF,1,0
serviceDeskPlusAddChange1,NULL,INTERNAL,INTERNAL,TRANSFORM,LEAF,1,0
serviceDeskPlusAddNote1,NULL,INTERNAL,INTERNAL,TRANSFORM,LEAF,1,0
serviceDeskPlusAddProblem1,NULL,INTERNAL,INTERNAL,TRANSFORM,LEAF,1,0
serviceDeskPlusAddRequest1,NULL,INTERNAL,INTERNAL,TRANSFORM,LEAF,1,0
serviceDeskPlusAddRequestTask1,NULL,INTERNAL,INTERNAL,TRANSFORM,LEAF,1,0
ServerStartError,NULL,INTERNAL,INTERNAL,TRANSFORM,LEAF,1,0
serverStatus,NULL,INTERNAL,INTERNAL,TRANSFORM,LEAF,1,0
serverTicketCountLinux,NULL,INTERNAL,INTERNAL,TRANSFORM,LEAF,1,0
serverTicketCountWindows,NULL,INTERNAL,INTERNAL,TRANSFORM,LEAF,1,0
serviceDeskPlusDeleteChange1,NULL,INTERNAL,INTERNAL,TRANSFORM,LEAF,1,0
serviceDeskPlusDeleteNote1,NULL,INTERNAL,INTERNAL,TRANSFORM,LEAF,1,0
serviceDeskPlusDeleteProblem1,NULL,INTERNAL,INTERNAL,TRANSFORM,LEAF,1,0
serviceDeskPlusGetChange1,NULL,INTERNAL,INTERNAL,INPUT,LEAF,1,0
serviceDeskPlusGetProblem1,NULL,INTERNAL,INTERNAL,INPUT,LEAF,1,0
serviceDeskPlusDeleteRequestTask1,NULL,INTERNAL,INTERNAL,TRANSFORM,LEAF,1,0
serviceDeskPlusEditChange1,NULL,INTERNAL,INTERNAL,TRANSFORM,LEAF,1,0
serviceDeskPlusEditProblem1,NULL,INTERNAL,INTERNAL,TRANSFORM,LEAF,1,0
serviceDeskPlusEditRequestTask1,NULL,INTERNAL,INTERNAL,TRANSFORM,LEAF,1,0
sendSSHPassword1,NULL,INTERNAL,INTERNAL,OUTPUT,LEAF,1,0
sendSuccessEmail,NULL,INTERNAL,INTERNAL,OUTPUT,LEAF,1,0
sendSummaryEmail,NULL,INTERNAL,INTERNAL,OUTPUT,LEAF,1,0
sendSyslog1,NULL,INTERNAL,INTERNAL,OUTPUT,LEAF,1,0
sendTelnetCommand1,NULL,INTERNAL,INTERNAL,OUTPUT,LEAF,1,0
SendTextToOncall,NULL,INTERNAL,INTERNAL,OUTPUT,LEAF,1,0
server_subpurpose,NULL,INTERNAL,INTERNAL,TRANSFORM,LEAF,1,0
sequenceActivity5,NULL,INTERNAL,INTERNAL,TRANSFORM,LEAF,1,0
sequenceActivity6,NULL,INTERNAL,INTERNAL,TRANSFORM,LEAF,1,0
sequenceActivity7,NULL,INTERNAL,INTERNAL,TRANSFORM,LEAF,1,0
SerchExisitingTicket_mySumary,NULL,INTERNAL,INTERNAL,TRANSFORM,LEAF,1,0
serializeUserTable,NULL,INTERNAL,INTERNAL,TRANSFORM,LEAF,1,0
ServerIsPhysical,NULL,INTERNAL,INTERNAL,TRANSFORM,LEAF,1,0
ServerIsVirtual,NULL,INTERNAL,INTERNAL,TRANSFORM,LEAF,1,0
ServerFile,NULL,INTERNAL,INTERNAL,TRANSFORM,LEAF,1,0
ServerDecommission_False,NULL,INTERNAL,INTERNAL,TRANSFORM,LEAF,1,0
ServerDecommission_True,NULL,INTERNAL,INTERNAL,TRANSFORM,LEAF,1,0
serverDetails1,NULL,INTERNAL,INTERNAL,TRANSFORM,LEAF,1,0
resultSetFilterAESeverity,NULL,INTERNAL,INTERNAL,TRANSFORM,LEAF,1,0
resultSetFilterPriority,NULL,INTERNAL,INTERNAL,TRANSFORM,LEAF,1,0
resultsRowCount,NULL,INTERNAL,INTERNAL,TRANSFORM,LEAF,1,0
ResultStatus,NULL,INTERNAL,INTERNAL,TRANSFORM,LEAF,1,0
resumeChildCounter,NULL,INTERNAL,INTERNAL,TRANSFORM,LEAF,1,0
resumeResults,NULL,INTERNAL,INTERNAL,TRANSFORM,LEAF,1,0
resumeResultsCount,NULL,INTERNAL,INTERNAL,TRANSFORM,LEAF,1,0
RestartingAfterUpdatesLogs,NULL,INTERNAL,INTERNAL,OUTPUT,LEAF,1,0
RestartingServicesNotes,11,ServiceNow,BUSINESS,TRANSFORM,LEAF,1,0
restricted_CRL_list_FCID_UTAC,NULL,INTERNAL,INTERNAL,TRANSFORM,LEAF,1,0
ResttartVMBypass,NULL,INTERNAL,INTERNAL,TRANSFORM,LEAF,1,0
Result,NULL,INTERNAL,INTERNAL,TRANSFORM,LEAF,1,0
RetrieveNetHosts,NULL,INTERNAL,INTERNAL,TRANSFORM,LEAF,1,0
RetryCounterPing,NULL,INTERNAL,INTERNAL,TRANSFORM,LEAF,1,0
RetryPing,NULL,INTERNAL,INTERNAL,TRANSFORM,LEAF,1,0
returnErrors,NULL,INTERNAL,INTERNAL,TRANSFORM,LEAF,1,0
returnValue101,NULL,INTERNAL,INTERNAL,TRANSFORM,LEAF,1,0
returnValue102,NULL,INTERNAL,INTERNAL,TRANSFORM,LEAF,1,0
RetrievedComputerStatus,NULL,INTERNAL,INTERNAL,TRANSFORM,LEAF,1,0
RetrievedLastComputerName,NULL,INTERNAL,INTERNAL,TRANSFORM,LEAF,1,0
RetrievedLastsuccess,NULL,INTERNAL,INTERNAL,TRANSFORM,LEAF,1,0
RetrievedTemplateStatus,NULL,INTERNAL,INTERNAL,TRANSFORM,LEAF,1,0
resultSetFilter3,NULL,INTERNAL,INTERNAL,TRANSFORM,LEAF,1,0
resultSetFilter1vcenterVmsKnownOS,NULL,INTERNAL,INTERNAL,TRANSFORM,LEAF,1,0
returnValue124,NULL,INTERNAL,INTERNAL,TRANSFORM,LEAF,1,0
returnValue126,NULL,INTERNAL,INTERNAL,TRANSFORM,LEAF,1,0
returnValue128,NULL,INTERNAL,INTERNAL,TRANSFORM,LEAF,1,0
returnValue130,NULL,INTERNAL,INTERNAL,TRANSFORM,LEAF,1,0
returnValue131,NULL,INTERNAL,INTERNAL,TRANSFORM,LEAF,1,0
returnValue132,NULL,INTERNAL,INTERNAL,TRANSFORM,LEAF,1,0
returnValue134,NULL,INTERNAL,INTERNAL,TRANSFORM,LEAF,1,0
returnValue137,NULL,INTERNAL,INTERNAL,TRANSFORM,LEAF,1,0
returnValue139,NULL,INTERNAL,INTERNAL,TRANSFORM,LEAF,1,0
returnValue141,NULL,INTERNAL,INTERNAL,TRANSFORM,LEAF,1,0
returnValue106,NULL,INTERNAL,INTERNAL,TRANSFORM,LEAF,1,0
RetrievedADsuccess,NULL,INTERNAL,INTERNAL,TRANSFORM,LEAF,1,0
returnValue110,NULL,INTERNAL,INTERNAL,TRANSFORM,LEAF,1,0
returnValue114,NULL,INTERNAL,INTERNAL,TRANSFORM,LEAF,1,0
returnValue112,NULL,INTERNAL,INTERNAL,TRANSFORM,LEAF,1,0
returnValue116,NULL,INTERNAL,INTERNAL,TRANSFORM,LEAF,1,0
returnValue118,NULL,INTERNAL,INTERNAL,TRANSFORM,LEAF,1,0
replaceDescString,NULL,INTERNAL,INTERNAL,TRANSFORM,LEAF,1,0
replaceHtmlValues,NULL,INTERNAL,INTERNAL,TRANSFORM,LEAF,1,0
replaceIdString,NULL,INTERNAL,INTERNAL,TRANSFORM,LEAF,1,0
renameTemplateToBackup,NULL,INTERNAL,INTERNAL,TRANSFORM,LEAF,1,0
renameMemoryTableColumn10,NULL,INTERNAL,INTERNAL,TRANSFORM,LEAF,1,0
renameMemoryTableColumn5,NULL,INTERNAL,INTERNAL,TRANSFORM,LEAF,1,0
renameMemoryTableColumn6,NULL,INTERNAL,INTERNAL,TRANSFORM,LEAF,1,0
renameMemoryTableColumn7,NULL,INTERNAL,INTERNAL,TRANSFORM,LEAF,1,0
renameMemoryTableColumn8,NULL,INTERNAL,INTERNAL,TRANSFORM,LEAF,1,0
renameMemoryTableColumn9,NULL,INTERNAL,INTERNAL,TRANSFORM,LEAF,1,0
renameOutputColumn1,NULL,INTERNAL,INTERNAL,TRANSFORM,LEAF,1,0
replaceLicType,NULL,INTERNAL,INTERNAL,TRANSFORM,LEAF,1,0
replaceNameString,NULL,INTERNAL,INTERNAL,TRANSFORM,LEAF,1,0
replaceParagraph1,NULL,INTERNAL,INTERNAL,TRANSFORM,LEAF,1,0
replacePortColon,NULL,INTERNAL,INTERNAL,TRANSFORM,LEAF,1,0
replaceSingleQuotes,NULL,INTERNAL,INTERNAL,TRANSFORM,LEAF,1,0
replaceString27,NULL,INTERNAL,INTERNAL,TRANSFORM,LEAF,1,0
replaceUuids,NULL,INTERNAL,INTERNAL,TRANSFORM,LEAF,1,0
replaceValuesInTable1,NULL,INTERNAL,INTERNAL,TRANSFORM,LEAF,1,0
ReportDirectory,NULL,INTERNAL,INTERNAL,TRANSFORM,LEAF,1,0
Reporter,NULL,INTERNAL,INTERNAL,TRANSFORM,LEAF,1,0
ReportTable,NULL,INTERNAL,INTERNAL,TRANSFORM,LEAF,1,0
RequestCancelled1,NULL,INTERNAL,INTERNAL,TRANSFORM,LEAF,1,0
RequestCancelled2,NULL,INTERNAL,INTERNAL,TRANSFORM,LEAF,1,0
RequestCreatedDate,NULL,INTERNAL,INTERNAL,OUTPUT,LEAF,1,0
RequestCreatedDate_Temp,NULL,INTERNAL,INTERNAL,OUTPUT,LEAF,1,0
RequestedForPersonUpn,NULL,INTERNAL,INTERNAL,TRANSFORM,LEAF,1,0
replaceString9,NULL,INTERNAL,INTERNAL,TRANSFORM,LEAF,1,0
resetUserDataString,NULL,INTERNAL,INTERNAL,TRANSFORM,LEAF,1,0
resetUserPassword,NULL,INTERNAL,INTERNAL,TRANSFORM,LEAF,1,0
resetIncident1,NULL,INTERNAL,INTERNAL,TRANSFORM,LEAF,1,0
resetPasswordAD,NULL,INTERNAL,INTERNAL,TRANSFORM,LEAF,1,0
RequestorHasSpecialCharacter,NULL,INTERNAL,INTERNAL,TRANSFORM,LEAF,1,0
RequestPriority,NULL,INTERNAL,INTERNAL,TRANSFORM,LEAF,1,0
RequestorDisplayName,NULL,INTERNAL,INTERNAL,TRANSFORM,LEAF,1,0
Response_PUT,NULL,INTERNAL,INTERNAL,TRANSFORM,LEAF,1,0
responseResetFailure,NULL,INTERNAL,INTERNAL,TRANSFORM,LEAF,1,0
responseResetSuccess,NULL,INTERNAL,INTERNAL,TRANSFORM,LEAF,1,0
responseUnlockFailure,NULL,INTERNAL,INTERNAL,TRANSFORM,LEAF,1,0
responseUnlockSuccess,NULL,INTERNAL,INTERNAL,TRANSFORM,LEAF,1,0
resolveDNS1,NULL,INTERNAL,INTERNAL,TRANSFORM,LEAF,1,0
resolveDNSFromAlert,NULL,INTERNAL,INTERNAL,TRANSFORM,LEAF,1,0
resolvedwPass,NULL,INTERNAL,INTERNAL,TRANSFORM,LEAF,1,0
RestartDateOnly,NULL,INTERNAL,INTERNAL,TRANSFORM,LEAF,1,0
RestartAlertService,NULL,INTERNAL,INTERNAL,TRANSFORM,LEAF,1,0
RestartOptimalServices,NULL,INTERNAL,INTERNAL,TRANSFORM,LEAF,1,0
restartServer,NULL,INTERNAL,INTERNAL,TRANSFORM,LEAF,1,0
RestartServerByHost,NULL,INTERNAL,INTERNAL,TRANSFORM,LEAF,1,0
RestartServerSanity,NULL,INTERNAL,INTERNAL,TRANSFORM,LEAF,1,0
RestartServerUpdatesLogs,NULL,INTERNAL,INTERNAL,OUTPUT,LEAF,1,0
removeDay,NULL,INTERNAL,INTERNAL,TRANSFORM,LEAF,1,0
removeDevices,NULL,INTERNAL,INTERNAL,TRANSFORM,LEAF,1,0
removeEmccCallingSearchSpcName,NULL,INTERNAL,INTERNAL,TRANSFORM,LEAF,1,0
removeEmptyRowsAndColumnsFromTable1,NULL,INTERNAL,INTERNAL,TRANSFORM,LEAF,1,0
removeEmptyRowsAndColumnsFromTable2,NULL,INTERNAL,INTERNAL,TRANSFORM,LEAF,1,0
removeEnBeginWhiteSpace,NULL,INTERNAL,INTERNAL,TRANSFORM,LEAF,1,0
removeEncodingFromAdditionalResponse,NULL,INTERNAL,INTERNAL,TRANSFORM,LEAF,1,0
removeEndWhiteSpace,NULL,INTERNAL,INTERNAL,TRANSFORM,LEAF,1,0
removeEnEndWhiteSpace,NULL,INTERNAL,INTERNAL,TRANSFORM,LEAF,1,0
removeExtraColumn,NULL,INTERNAL,INTERNAL,TRANSFORM,LEAF,1,0
RemoveFromXD,NULL,INTERNAL,INTERNAL,TRANSFORM,LEAF,1,0
REMOVEfromXDERROR,NULL,INTERNAL,INTERNAL,TRANSFORM,LEAF,1,0
RemoveFromXDnotes,NULL,INTERNAL,INTERNAL,TRANSFORM,LEAF,1,0
RemoveFromXDStatus,NULL,INTERNAL,INTERNAL,TRANSFORM,LEAF,1,0
RemoveFromXDSuccess,NULL,INTERNAL,INTERNAL,TRANSFORM,LEAF,1,0
removeHeaderRow,NULL,INTERNAL,INTERNAL,TRANSFORM,LEAF,1,0
remove_create_query,NULL,INTERNAL,INTERNAL,INPUT,LEAF,1,0
remove_spaces_from_this_pon_row_LOSS,NULL,INTERNAL,INTERNAL,TRANSFORM,LEAF,1,0
remove_spaces_from_this_row_ALARMINDEX,NULL,INTERNAL,INTERNAL,TRANSFORM,LEAF,1,0
remove_spaces_from_this_row_DYINGGASP,NULL,INTERNAL,INTERNAL,TRANSFORM,LEAF,1,0
remove_spaces_from_this_row_ISAMPORT,NULL,INTERNAL,INTERNAL,TRANSFORM,LEAF,1,0
removeColsFromWfData,NULL,INTERNAL,INTERNAL,TRANSFORM,LEAF,1,0
removeBeginWhiteSpace,NULL,INTERNAL,INTERNAL,TRANSFORM,LEAF,1,0
removeBusyField,NULL,INTERNAL,INTERNAL,TRANSFORM,LEAF,1,0
releaseCounter,NULL,INTERNAL,INTERNAL,TRANSFORM,LEAF,1,0
RemaingUpdatesFailedLog,NULL,INTERNAL,INTERNAL,OUTPUT,LEAF,1,0
RemainingUpdatesLeftLog,NULL,INTERNAL,INTERNAL,OUTPUT,LEAF,1,0
remedyForceCreateRecord1,42,BMC Remedyforce,OTHER,OUTPUT,LEAF,1,0
remedyForceExecuteSOQL1,42,BMC Remedyforce,OTHER,TRANSFORM,LEAF,1,0
remedyForceGetRecord1,42,BMC Remedyforce,OTHER,INPUT,LEAF,1,0
remedyForceUpdateRecord1,42,BMC Remedyforce,OTHER,OUTPUT,LEAF,1,0
remoteExecutorTemplate,NULL,INTERNAL,INTERNAL,TRANSFORM,LEAF,1,0
remoteFileCount,NULL,INTERNAL,INTERNAL,TRANSFORM,LEAF,1,0
remoteFiles,NULL,INTERNAL,INTERNAL,TRANSFORM,LEAF,1,0
remoteListing,NULL,INTERNAL,INTERNAL,TRANSFORM,LEAF,1,0
removePercentFromAlert,NULL,INTERNAL,INTERNAL,TRANSFORM,LEAF,1,0
removePercentFromThreshold,NULL,INTERNAL,INTERNAL,TRANSFORM,LEAF,1,0
removePidWhitespace,NULL,INTERNAL,INTERNAL,TRANSFORM,LEAF,1,0
removePrimaryPhone,NULL,INTERNAL,INTERNAL,TRANSFORM,LEAF,1,0
removeQueryColumnInfo,NULL,INTERNAL,INTERNAL,INPUT,LEAF,1,0
removeLeftBrace,NULL,INTERNAL,INTERNAL,TRANSFORM,LEAF,1,0
RemoveMachineVar,NULL,INTERNAL,INTERNAL,TRANSFORM,LEAF,1,0
RemoveMachineVarNotes,NULL,INTERNAL,INTERNAL,TRANSFORM,LEAF,1,0
RemoveMachineVarSuccess,NULL,INTERNAL,INTERNAL,TRANSFORM,LEAF,1,0
removeNewLines,NULL,INTERNAL,INTERNAL,TRANSFORM,LEAF,1,0
removeSemiColons,NULL,INTERNAL,INTERNAL,TRANSFORM,LEAF,1,0
removeQuotesFromDesc,NULL,INTERNAL,INTERNAL,TRANSFORM,LEAF,1,0
removeQuotesFromServerNotes,NULL,INTERNAL,INTERNAL,TRANSFORM,LEAF,1,0
removeRedis,NULL,INTERNAL,INTERNAL,TRANSFORM,LEAF,1,0
removeSqlICreate,NULL,INTERNAL,INTERNAL,OUTPUT,LEAF,1,0
removeTableBorders,NULL,INTERNAL,INTERNAL,TRANSFORM,LEAF,1,0
removeTextAfterPort,NULL,INTERNAL,INTERNAL,TRANSFORM,LEAF,1,0
removeUserAssignment1,NULL,INTERNAL,INTERNAL,TRANSFORM,LEAF,1,0
removeUserFromAdGroup,NULL,INTERNAL,INTERNAL,TRANSFORM,LEAF,1,0
removeUserFromAdGroups,NULL,INTERNAL,INTERNAL,TRANSFORM,LEAF,1,0
removeUserPrefix,NULL,INTERNAL,INTERNAL,TRANSFORM,LEAF,1,0
removeConfidentiality,NULL,INTERNAL,INTERNAL,TRANSFORM,LEAF,1,0
removeCreateAndFirstRow,NULL,INTERNAL,INTERNAL,OUTPUT,LEAF,1,0
renameAddActionToAction,NULL,INTERNAL,INTERNAL,TRANSFORM,LEAF,1,0
renameBadgetoUser,NULL,INTERNAL,INTERNAL,INPUT,LEAF,1,0
renamegroupMembershipToGroup,NULL,INTERNAL,INTERNAL,TRANSFORM,LEAF,1,0
RenameMasterError,NULL,INTERNAL,INTERNAL,TRANSFORM,LEAF,1,0
registryCreateKeyPath2,NULL,INTERNAL,INTERNAL,OUTPUT,LEAF,1,0
registryCreatePath64,NULL,INTERNAL,INTERNAL,OUTPUT,LEAF,1,0
registryCreatePathRegular,NULL,INTERNAL,INTERNAL,OUTPUT,LEAF,1,0
registryDelete1,NULL,INTERNAL,INTERNAL,TRANSFORM,LEAF,1,0
RebootStartsHere,NULL,INTERNAL,INTERNAL,TRANSFORM,LEAF,1,0
RebootStatus,NULL,INTERNAL,INTERNAL,TRANSFORM,LEAF,1,0
RebootStatusFailed,NULL,INTERNAL,INTERNAL,TRANSFORM,LEAF,1,0
RebootStatusIsSuccess,NULL,INTERNAL,INTERNAL,TRANSFORM,LEAF,1,0
RebootTimeIsFuture,NULL,INTERNAL,INTERNAL,TRANSFORM,LEAF,1,0
RebootTimePast,NULL,INTERNAL,INTERNAL,TRANSFORM,LEAF,1,0
registryQueryEnableScripts,NULL,INTERNAL,INTERNAL,INPUT,LEAF,1,0
registryQueryExecutionPolicy,NULL,INTERNAL,INTERNAL,INPUT,LEAF,1,0
RebootFailedLogs,NULL,INTERNAL,INTERNAL,TRANSFORM,LEAF,1,0
reCheckLockFileExists,NULL,INTERNAL,INTERNAL,TRANSFORM,LEAF,1,0
recordList,NULL,INTERNAL,INTERNAL,TRANSFORM,LEAF,1,0
recordListCount,NULL,INTERNAL,INTERNAL,TRANSFORM,LEAF,1,0
recordListing,NULL,INTERNAL,INTERNAL,TRANSFORM,LEAF,1,0
recordListRowNum,NULL,INTERNAL,INTERNAL,TRANSFORM,LEAF,1,0
RecurringDays,NULL,INTERNAL,INTERNAL,TRANSFORM,LEAF,1,0
RecurringMonthlyOnDays,NULL,INTERNAL,INTERNAL,TRANSFORM,LEAF,1,0
RecurringMonthlyOnWeek,NULL,INTERNAL,INTERNAL,TRANSFORM,LEAF,1,0
RecurringMonths,NULL,INTERNAL,INTERNAL,TRANSFORM,LEAF,1,0
RecurringRestartSchedule,NULL,INTERNAL,INTERNAL,TRANSFORM,LEAF,1,0
RecurringRestartSchedule_Daily,NULL,INTERNAL,INTERNAL,TRANSFORM,LEAF,1,0
RecurringRestartSchedule_Monthly,NULL,INTERNAL,INTERNAL,TRANSFORM,LEAF,1,0
RecurringRestartSchedule_NotDaily,NULL,INTERNAL,INTERNAL,TRANSFORM,LEAF,1,0
RecurringRestartSchedule_Weekly,NULL,INTERNAL,INTERNAL,TRANSFORM,LEAF,1,0
redhatCentosInstalledSoftware,NULL,INTERNAL,INTERNAL,TRANSFORM,LEAF,1,0
redHatInstalledSoftwareError,NULL,INTERNAL,INTERNAL,TRANSFORM,LEAF,1,0
regDbName,NULL,INTERNAL,INTERNAL,TRANSFORM,LEAF,1,0
quoteHttp,NULL,INTERNAL,INTERNAL,TRANSFORM,LEAF,1,0
RACK,NULL,INTERNAL,INTERNAL,TRANSFORM,LEAF,1,0
random_1_10000,NULL,INTERNAL,INTERNAL,TRANSFORM,LEAF,1,0
randomNumberGenerator1,NULL,INTERNAL,INTERNAL,TRANSFORM,LEAF,1,0
randomPassword,NULL,INTERNAL,INTERNAL,TRANSFORM,LEAF,1,0
rangeStart,NULL,INTERNAL,INTERNAL,TRANSFORM,LEAF,1,0
QueryRow,NULL,INTERNAL,INTERNAL,INPUT,LEAF,1,0
queryTableCount,NULL,INTERNAL,INTERNAL,INPUT,LEAF,1,0
QueryTemplateHardPhone,NULL,INTERNAL,INTERNAL,INPUT,LEAF,1,0
rankDecrease,NULL,INTERNAL,INTERNAL,TRANSFORM,LEAF,1,0
rankIncrease,NULL,INTERNAL,INTERNAL,TRANSFORM,LEAF,1,0
RDPPingFailedLog,NULL,INTERNAL,INTERNAL,TRANSFORM,LEAF,1,0
RDPPingLogs,NULL,INTERNAL,INTERNAL,TRANSFORM,LEAF,1,0
readAdditionalResult,NULL,INTERNAL,INTERNAL,TRANSFORM,LEAF,1,0
ReadALLLogs,NULL,INTERNAL,INTERNAL,TRANSFORM,LEAF,1,0
readAuditFile,NULL,INTERNAL,INTERNAL,TRANSFORM,LEAF,1,0
readAzureData,NULL,INTERNAL,INTERNAL,TRANSFORM,LEAF,1,0
ReadConfigFile,NULL,INTERNAL,INTERNAL,TRANSFORM,LEAF,1,0
ReadConfigFileNotes,11,ServiceNow,BUSINESS,TRANSFORM,LEAF,1,0
readSolarwindsData,NULL,INTERNAL,INTERNAL,TRANSFORM,LEAF,1,0
readVmData,NULL,INTERNAL,INTERNAL,TRANSFORM,LEAF,1,0
readWord1,NULL,INTERNAL,INTERNAL,TRANSFORM,LEAF,1,0
readHtmlFile,NULL,INTERNAL,INTERNAL,TRANSFORM,LEAF,1,0
readIPsFromVerticaConfig,NULL,INTERNAL,INTERNAL,TRANSFORM,LEAF,1,0
readMappingTable,NULL,INTERNAL,INTERNAL,TRANSFORM,LEAF,1,0
readCSV2,NULL,INTERNAL,INTERNAL,TRANSFORM,LEAF,1,0
readData,NULL,INTERNAL,INTERNAL,TRANSFORM,LEAF,1,0
readDataCsv,NULL,INTERNAL,INTERNAL,TRANSFORM,LEAF,1,0
readExcelAddresses,NULL,INTERNAL,INTERNAL,TRANSFORM,LEAF,1,0
OTHEROU,NULL,INTERNAL,INTERNAL,TRANSFORM,LEAF,1,0
OtherOUDefault,NULL,INTERNAL,INTERNAL,TRANSFORM,LEAF,1,0
outlookSignatureFailed,11,ServiceNow,BUSINESS,TRANSFORM,LEAF,1,0
outputAccountCadence,NULL,INTERNAL,INTERNAL,TRANSFORM,LEAF,1,0
outputAccountInteraction,NULL,INTERNAL,INTERNAL,TRANSFORM,LEAF,1,0
outputArr,NULL,INTERNAL,INTERNAL,TRANSFORM,LEAF,1,0
outputAssignedCSMs,NULL,INTERNAL,INTERNAL,TRANSFORM,LEAF,1,0
outputCount,NULL,INTERNAL,INTERNAL,TRANSFORM,LEAF,1,0
outputCounter,NULL,INTERNAL,INTERNAL,TRANSFORM,LEAF,1,0
outputDataJSON,NULL,INTERNAL,INTERNAL,TRANSFORM,LEAF,1,0
outputDevicesUnderMgmt,NULL,INTERNAL,INTERNAL,TRANSFORM,LEAF,1,0
outputExpressUseCases,NULL,INTERNAL,INTERNAL,TRANSFORM,LEAF,1,0
outputLicenseType,NULL,INTERNAL,INTERNAL,TRANSFORM,LEAF,1,0
outputName,NULL,INTERNAL,INTERNAL,TRANSFORM,LEAF,1,0
outputNps,NULL,INTERNAL,INTERNAL,TRANSFORM,LEAF,1,0
outputProduct,NULL,INTERNAL,INTERNAL,TRANSFORM,LEAF,1,0
outputRenewalDate,NULL,INTERNAL,INTERNAL,TRANSFORM,LEAF,1,0
outputReportRowCount,NULL,INTERNAL,INTERNAL,TRANSFORM,LEAF,1,0
outputRunbooksInProd,NULL,INTERNAL,INTERNAL,TRANSFORM,LEAF,1,0
outputTop50,NULL,INTERNAL,INTERNAL,TRANSFORM,LEAF,1,0
objectData,NULL,INTERNAL,INTERNAL,TRANSFORM,LEAF,1,0
ObjectsRelationsHtml,NULL,INTERNAL,INTERNAL,TRANSFORM,LEAF,1,0
objRefCount,NULL,INTERNAL,INTERNAL,TRANSFORM,LEAF,1,0
OfferingIdRowCount,NULL,INTERNAL,INTERNAL,TRANSFORM,LEAF,1,0
OFPName,NULL,INTERNAL,INTERNAL,TRANSFORM,LEAF,1,0
Number,NULL,INTERNAL,INTERNAL,TRANSFORM,LEAF,1,0
NumberOfFiles,NULL,INTERNAL,INTERNAL,TRANSFORM,LEAF,1,0
numLuns,NULL,INTERNAL,INTERNAL,TRANSFORM,LEAF,1,0
numMappedLuns,NULL,INTERNAL,INTERNAL,TRANSFORM,LEAF,1,0
openIncCounter,NULL,INTERNAL,INTERNAL,TRANSFORM,LEAF,1,0
oldRankGroupCount,NULL,INTERNAL,INTERNAL,TRANSFORM,LEAF,1,0
oldGroupList,NULL,INTERNAL,INTERNAL,TRANSFORM,LEAF,1,0
oldLastUpdated,NULL,INTERNAL,INTERNAL,OUTPUT,LEAF,1,0
oldRankAdGroups,NULL,INTERNAL,INTERNAL,TRANSFORM,LEAF,1,0
oldRankAdGroupsCount,NULL,INTERNAL,INTERNAL,TRANSFORM,LEAF,1,0
PARSE_ALERTKEY,NULL,INTERNAL,INTERNAL,TRANSFORM,LEAF,1,0
parseInterfaceName,NULL,INTERNAL,INTERNAL,TRANSFORM,LEAF,1,0
parseJsonSession,NULL,INTERNAL,INTERNAL,TRANSFORM,LEAF,1,0
parseUtilizationAlert,NULL,INTERNAL,INTERNAL,TRANSFORM,LEAF,1,0
parseWebServerCI,NULL,INTERNAL,INTERNAL,TRANSFORM,LEAF,1,0
pass_gen,NULL,INTERNAL,INTERNAL,TRANSFORM,LEAF,1,0
pass1,NULL,INTERNAL,INTERNAL,TRANSFORM,LEAF,1,0
pass10,NULL,INTERNAL,INTERNAL,TRANSFORM,LEAF,1,0
pass2,NULL,INTERNAL,INTERNAL,TRANSFORM,LEAF,1,0
pass3,NULL,INTERNAL,INTERNAL,TRANSFORM,LEAF,1,0
pass4,NULL,INTERNAL,INTERNAL,TRANSFORM,LEAF,1,0
pass5,NULL,INTERNAL,INTERNAL,TRANSFORM,LEAF,1,0
pass6,NULL,INTERNAL,INTERNAL,TRANSFORM,LEAF,1,0
pass7,NULL,INTERNAL,INTERNAL,TRANSFORM,LEAF,1,0
pass8,NULL,INTERNAL,INTERNAL,TRANSFORM,LEAF,1,0
pass9,NULL,INTERNAL,INTERNAL,TRANSFORM,LEAF,1,0
PARALLEL_add_latest_delete,NULL,INTERNAL,INTERNAL,TRANSFORM,CONTAINER,1,0
PARALLEL_Verbose_unique_alert_keys,NULL,INTERNAL,INTERNAL,TRANSFORM,CONTAINER,1,0
PARALLEL_Verbose_unique_alert_keys_before_wait,NULL,INTERNAL,INTERNAL,WAIT,CONTAINER,1,0
PARALLEL_WORKAROUND_count_unique_alert_keys,NULL,INTERNAL,INTERNAL,TRANSFORM,CONTAINER,1,0
PARALLEL_WORKAROUND_delete_key_from_keys,NULL,INTERNAL,INTERNAL,TRANSFORM,CONTAINER,1,0
PARALLEL_WORKAROUND_new_key_is_here,NULL,INTERNAL,INTERNAL,TRANSFORM,CONTAINER,1,0
PARALLEL_WORKAROUND_new_key_is_here_in_table,NULL,INTERNAL,INTERNAL,TRANSFORM,CONTAINER,1,0
PARALLEL_WORKAROUND_Verbose_result,NULL,INTERNAL,INTERNAL,TRANSFORM,CONTAINER,1,0
PARALLEL_WORKAROUND_wait_60sec,NULL,INTERNAL,INTERNAL,WAIT,CONTAINER,1,0
OptimalTestInstallLetter,NULL,INTERNAL,INTERNAL,TRANSFORM,LEAF,1,0
OptimalTestWhile,NULL,INTERNAL,INTERNAL,DECISION,CONTAINER,1,0
oracleQuery1,NULL,INTERNAL,INTERNAL,INPUT,LEAF,1,0
oracleStatement1,NULL,INTERNAL,INTERNAL,TRANSFORM,LEAF,1,0
OrganizeAuditTable,NULL,INTERNAL,INTERNAL,TRANSFORM,LEAF,1,0
OriginalDLLFile,NULL,INTERNAL,INTERNAL,TRANSFORM,LEAF,1,0
origTemplate,NULL,INTERNAL,INTERNAL,TRANSFORM,LEAF,1,0
noExecutionCount,NULL,INTERNAL,INTERNAL,TRANSFORM,LEAF,1,0
NoJiraTicket_EXISTS,NULL,INTERNAL,INTERNAL,TRANSFORM,LEAF,1,0
nonce,NULL,INTERNAL,INTERNAL,TRANSFORM,LEAF,1,0
noPreviousRankFound2,NULL,INTERNAL,INTERNAL,TRANSFORM,LEAF,1,0
NoPSVersionLogs,NULL,INTERNAL,INTERNAL,TRANSFORM,LEAF,1,0
NoResponseonApproval1,NULL,INTERNAL,INTERNAL,TRANSFORM,LEAF,1,0
NoResponseonApproval2,NULL,INTERNAL,INTERNAL,TRANSFORM,LEAF,1,0
Not_Contains_Error,NULL,INTERNAL,INTERNAL,TRANSFORM,LEAF,1,0
NotDailySchedule,NULL,INTERNAL,INTERNAL,TRANSFORM,LEAF,1,0
NoPatchBranch,NULL,INTERNAL,INTERNAL,TRANSFORM,LEAF,1,0
NoPatchFailedLog,NULL,INTERNAL,INTERNAL,TRANSFORM,LEAF,1,0
now_NCO_format,NULL,INTERNAL,INTERNAL,TRANSFORM,LEAF,1,0
nowTs,NULL,INTERNAL,INTERNAL,TRANSFORM,LEAF,1,0
nsAdditionalData,NULL,INTERNAL,INTERNAL,TRANSFORM,LEAF,1,0
nsData,NULL,INTERNAL,INTERNAL,TRANSFORM,LEAF,1,0
oldRankNumber,NULL,INTERNAL,INTERNAL,TRANSFORM,LEAF,1,0
oldRankRowCount,NULL,INTERNAL,INTERNAL,TRANSFORM,LEAF,1,0
oldRepCount,NULL,INTERNAL,INTERNAL,TRANSFORM,LEAF,1,0
oldReports,NULL,INTERNAL,INTERNAL,TRANSFORM,LEAF,1,0
oldTitle,NULL,INTERNAL,INTERNAL,TRANSFORM,LEAF,1,0
oldTitleAdGroups,NULL,INTERNAL,INTERNAL,TRANSFORM,LEAF,1,0
oldTitleGroupCount,NULL,INTERNAL,INTERNAL,TRANSFORM,LEAF,1,0
oldTitleInfo,NULL,INTERNAL,INTERNAL,TRANSFORM,LEAF,1,0
oldTitleNumber,NULL,INTERNAL,INTERNAL,TRANSFORM,LEAF,1,0
oldTitleRowCount,NULL,INTERNAL,INTERNAL,TRANSFORM,LEAF,1,0
onboardingRequestCount,NULL,INTERNAL,INTERNAL,TRANSFORM,LEAF,1,0
OnCallFirstName,NULL,INTERNAL,INTERNAL,TRANSFORM,LEAF,1,0
OnCallLastName,NULL,INTERNAL,INTERNAL,TRANSFORM,LEAF,1,0
ont_alarms,NULL,INTERNAL,INTERNAL,TRANSFORM,LEAF,1,0
op_sys_linux_win,NULL,INTERNAL,INTERNAL,TRANSFORM,LEAF,1,0
notFoundEnableScripts,NULL,INTERNAL,INTERNAL,TRANSFORM,LEAF,1,0
notFoundExecutionPolicy,NULL,INTERNAL,INTERNAL,TRANSFORM,LEAF,1,0
notFoundList,NULL,INTERNAL,INTERNAL,TRANSFORM,LEAF,1,0
notFoundRowCount,NULL,INTERNAL,INTERNAL,TRANSFORM,LEAF,1,0
NOTIFICATION,NULL,INTERNAL,INTERNAL,TRANSFORM,LEAF,1,0
Notification_RebootFailed,NULL,INTERNAL,INTERNAL,TRANSFORM,LEAF,1,0
Notification_RebootSuccess,NULL,INTERNAL,INTERNAL,TRANSFORM,LEAF,1,0
notify_acceptable_data_QUALITY_FLAG,NULL,INTERNAL,INTERNAL,TRANSFORM,LEAF,1,0
notify_bad_data_QUALITY_FLAG,NULL,INTERNAL,INTERNAL,TRANSFORM,LEAF,1,0
notify_count_T_XPON_LOSS_RESULTS_failing,NULL,INTERNAL,INTERNAL,TRANSFORM,LEAF,1,0
notify_ERROR_no_PON_LOSS_with_DyingGasps,NULL,INTERNAL,INTERNAL,TRANSFORM,LEAF,1,0
notify_ISAM_not_found_in_CRL,NULL,INTERNAL,INTERNAL,TRANSFORM,LEAF,1,0
notify_NAMING_CONVENTION_NOT_OK,NULL,INTERNAL,INTERNAL,TRANSFORM,LEAF,1,0
Notify_NoApproval1,NULL,INTERNAL,INTERNAL,TRANSFORM,LEAF,1,0
Notify_NoApproval2,NULL,INTERNAL,INTERNAL,TRANSFORM,LEAF,1,0
Notify_NOCteam_P1,NULL,INTERNAL,INTERNAL,TRANSFORM,LEAF,1,0
Notify_NOCteam_P2,NULL,INTERNAL,INTERNAL,TRANSFORM,LEAF,1,0
Notify_NTOncall,NULL,INTERNAL,INTERNAL,TRANSFORM,LEAF,1,0
Notify_ServerRebootFailed_HyperV,NULL,INTERNAL,INTERNAL,TRANSFORM,LEAF,1,0
Notify_ServerRebootFails,NULL,INTERNAL,INTERNAL,TRANSFORM,LEAF,1,0
notify_SPLIITER_unknown,NULL,INTERNAL,INTERNAL,TRANSFORM,LEAF,1,0
notify_UTAC_not_found,NULL,INTERNAL,INTERNAL,TRANSFORM,LEAF,1,0
notify_XPON_no_LOSS,NULL,INTERNAL,INTERNAL,TRANSFORM,LEAF,1,0
NotifyUser_ScheduledReboot,NULL,INTERNAL,INTERNAL,TRANSFORM,LEAF,1,0
NextVPCName,NULL,INTERNAL,INTERNAL,TRANSFORM,LEAF,1,0
nicCount,NULL,INTERNAL,INTERNAL,TRANSFORM,LEAF,1,0
nightlyFileProcessed,NULL,INTERNAL,INTERNAL,TRANSFORM,LEAF,1,0
noBackupRequestedMSG,NULL,INTERNAL,INTERNAL,TRANSFORM,LEAF,1,0
nodeIPAddress_START_CLUSTER_LOG,NULL,INTERNAL,INTERNAL,TRANSFORM,LEAF,1,0
NodeLocation,NULL,INTERNAL,INTERNAL,TRANSFORM,LEAF,1,0
nodePrivateIP,NULL,INTERNAL,INTERNAL,TRANSFORM,LEAF,1,0
nodePublicIP,NULL,INTERNAL,INTERNAL,TRANSFORM,LEAF,1,0
nodePublicIP_DISK_CHECK,NULL,INTERNAL,INTERNAL,TRANSFORM,LEAF,1,0
nodePublicIP_PING,NULL,INTERNAL,INTERNAL,TRANSFORM,LEAF,1,0
nodeStatusCount,NULL,INTERNAL,INTERNAL,TRANSFORM,LEAF,1,0
NextManager,NULL,INTERNAL,INTERNAL,TRANSFORM,LEAF,1,0
nextName,NULL,INTERNAL,INTERNAL,TRANSFORM,LEAF,1,0
NextNameError,NULL,INTERNAL,INTERNAL,TRANSFORM,LEAF,1,0
nextNameMemset,NULL,INTERNAL,INTERNAL,TRANSFORM,LEAF,1,0
NextNameSuccess,NULL,INTERNAL,INTERNAL,TRANSFORM,LEAF,1,0
newEventsHtml,NULL,INTERNAL,INTERNAL,TRANSFORM,LEAF,1,0
NewFolder,NULL,INTERNAL,INTERNAL,TRANSFORM,LEAF,1,0
newGroupList,NULL,INTERNAL,INTERNAL,TRANSFORM,LEAF,1,0
processCPUUsage1,NULL,INTERNAL,INTERNAL,TRANSFORM,LEAF,1,0
processFile,NULL,INTERNAL,INTERNAL,TRANSFORM,LEAF,1,0
PrevMemory,NULL,INTERNAL,INTERNAL,TRANSFORM,LEAF,1,0
process,NULL,INTERNAL,INTERNAL,TRANSFORM,LEAF,1,0
Primary_EmailAddress,NULL,INTERNAL,INTERNAL,TRANSFORM,LEAF,1,0
PrimaryOncall,NULL,INTERNAL,INTERNAL,TRANSFORM,LEAF,1,0
PrimaryOncall_Name,NULL,INTERNAL,INTERNAL,TRANSFORM,LEAF,1,0
PrimaryOncallEmail,NULL,INTERNAL,INTERNAL,TRANSFORM,LEAF,1,0
PrimaryOncallPhone,NULL,INTERNAL,INTERNAL,TRANSFORM,LEAF,1,0
prevCreateStatement,NULL,INTERNAL,INTERNAL,OUTPUT,LEAF,1,0
previous_alarm_date,NULL,INTERNAL,INTERNAL,TRANSFORM,LEAF,1,0
previouslySeenServerCount,NULL,INTERNAL,INTERNAL,TRANSFORM,LEAF,1,0
Preference_IsItEmergency,NULL,INTERNAL,INTERNAL,TRANSFORM,LEAF,1,0
PreferenceIsEmergency,NULL,INTERNAL,INTERNAL,TRANSFORM,LEAF,1,0
PreferenceIsRecurring,NULL,INTERNAL,INTERNAL,TRANSFORM,LEAF,1,0
PreferenceIsScheduled,NULL,INTERNAL,INTERNAL,TRANSFORM,LEAF,1,0
PreferenceNotEmergency,NULL,INTERNAL,INTERNAL,TRANSFORM,LEAF,1,0
PowerState2,NULL,INTERNAL,INTERNAL,TRANSFORM,LEAF,1,0
powerShell4,NULL,INTERNAL,INTERNAL,TRANSFORM,LEAF,1,0
powerShellDirectExpressVars,NULL,INTERNAL,INTERNAL,TRANSFORM,LEAF,1,0
powerShellParamVars,NULL,INTERNAL,INTERNAL,TRANSFORM,LEAF,1,0
PowerON,NULL,INTERNAL,INTERNAL,TRANSFORM,LEAF,1,0
powerShellScript2,NULL,INTERNAL,INTERNAL,TRANSFORM,LEAF,1,0
PSVerOKLogs,NULL,INTERNAL,INTERNAL,TRANSFORM,LEAF,1,0
processList2,NULL,INTERNAL,INTERNAL,TRANSFORM,LEAF,1,0
processMemoryUsage1,NULL,INTERNAL,INTERNAL,TRANSFORM,LEAF,1,0
psExecuteScript1,NULL,INTERNAL,INTERNAL,TRANSFORM,LEAF,1,0
processOwner1,NULL,INTERNAL,INTERNAL,TRANSFORM,LEAF,1,0
processStart1,NULL,INTERNAL,INTERNAL,TRANSFORM,LEAF,1,0
ProvisionAccountOrig,NULL,INTERNAL,INTERNAL,TRANSFORM,LEAF,1,0
ProvisionAccountQA,NULL,INTERNAL,INTERNAL,TRANSFORM,LEAF,1,0
ProvisionSuccess,NULL,INTERNAL,INTERNAL,TRANSFORM,LEAF,1,0
ProvisionToAlias,NULL,INTERNAL,INTERNAL,TRANSFORM,LEAF,1,0
PS_ParseSubject,NULL,INTERNAL,INTERNAL,TRANSFORM,LEAF,1,0
PSVersionLow,NULL,INTERNAL,INTERNAL,TRANSFORM,LEAF,1,0
PurposeSubPurpose,NULL,INTERNAL,INTERNAL,TRANSFORM,LEAF,1,0
PUT_Incident,NULL,INTERNAL,INTERNAL,TRANSFORM,LEAF,1,0
pythonCode1,NULL,INTERNAL,INTERNAL,TRANSFORM,LEAF,1,0
pythonCount,NULL,INTERNAL,INTERNAL,TRANSFORM,LEAF,1,0
pythonData,NULL,INTERNAL,INTERNAL,TRANSFORM,LEAF,1,0
pythonNumberCounter,NULL,INTERNAL,INTERNAL,TRANSFORM,LEAF,1,0
QAoutput,NULL,INTERNAL,INTERNAL,TRANSFORM,LEAF,1,0
QAStatus,NULL,INTERNAL,INTERNAL,TRANSFORM,LEAF,1,0
qRadarAddOffenseNote1,50,IBM QRadar,OTHER,TRANSFORM,LEAF,1,0
qRadarAssignOffense1,50,IBM QRadar,OTHER,TRANSFORM,LEAF,1,0
qRadarGetEventDetails1,50,IBM QRadar,OTHER,INPUT,LEAF,1,0
qRadarGetOffense1,50,IBM QRadar,OTHER,INPUT,LEAF,1,0
qRadarGetOffenseEvents1,50,IBM QRadar,OTHER,INPUT,LEAF,1,0
queryNetSuite,NULL,INTERNAL,INTERNAL,INPUT,LEAF,1,0
queryNodeStatuses,NULL,INTERNAL,INTERNAL,INPUT,LEAF,1,0
QueryOnCall,NULL,INTERNAL,INTERNAL,INPUT,LEAF,1,0
queryResultCount,NULL,INTERNAL,INTERNAL,INPUT,LEAF,1,0
QueryResults,NULL,INTERNAL,INTERNAL,INPUT,LEAF,1,0
QueryAlias,NULL,INTERNAL,INTERNAL,INPUT,LEAF,1,0
QUERYALIASERROR,NULL,INTERNAL,INTERNAL,INPUT,LEAF,1,0
QUERYALIASSUCCESS,NULL,INTERNAL,INTERNAL,INPUT,LEAF,1,0
queryClaude,NULL,INTERNAL,INTERNAL,INPUT,LEAF,1,0
queryDbTable,NULL,INTERNAL,INTERNAL,INPUT,LEAF,1,0
QueryLineTemplate,NULL,INTERNAL,INTERNAL,INPUT,LEAF,1,0
PEOSComment,NULL,INTERNAL,INTERNAL,TRANSFORM,LEAF,1,0
PEOSIssueTye,NULL,INTERNAL,INTERNAL,TRANSFORM,LEAF,1,0
PEOSKey,NULL,INTERNAL,INTERNAL,TRANSFORM,LEAF,1,0
PEOSStatus,NULL,INTERNAL,INTERNAL,TRANSFORM,LEAF,1,0
PEOSSummary,NULL,INTERNAL,INTERNAL,TRANSFORM,LEAF,1,0
PEOSUpdated,NULL,INTERNAL,INTERNAL,OUTPUT,LEAF,1,0
percentMem,NULL,INTERNAL,INTERNAL,TRANSFORM,LEAF,1,0
performanceMonitor1,NULL,INTERNAL,INTERNAL,TRANSFORM,LEAF,1,0
PhaseIdCLOSEorABANDON,NULL,INTERNAL,INTERNAL,TRANSFORM,LEAF,1,0
PhoneConfigData,NULL,INTERNAL,INTERNAL,TRANSFORM,LEAF,1,0
phrase,NULL,INTERNAL,INTERNAL,TRANSFORM,LEAF,1,0
pidCount,NULL,INTERNAL,INTERNAL,TRANSFORM,LEAF,1,0
pidLine,NULL,INTERNAL,INTERNAL,TRANSFORM,LEAF,1,0
Ping_3rd,NULL,INTERNAL,INTERNAL,TRANSFORM,LEAF,1,0
Ping_Not3rd,NULL,INTERNAL,INTERNAL,TRANSFORM,LEAF,1,0
Ping_ServerName,NULL,INTERNAL,INTERNAL,TRANSFORM,LEAF,1,0
pingLatency1,NULL,INTERNAL,INTERNAL,TRANSFORM,LEAF,1,0
PingLogs,NULL,INTERNAL,INTERNAL,TRANSFORM,LEAF,1,0
pingPublicToPrivate,NULL,INTERNAL,INTERNAL,TRANSFORM,LEAF,1,0
pingPublicToPublic,NULL,INTERNAL,INTERNAL,TRANSFORM,LEAF,1,0
pingReportContainsFailures,NULL,INTERNAL,INTERNAL,TRANSFORM,LEAF,1,0
PingAgain_3rd,NULL,INTERNAL,INTERNAL,TRANSFORM,LEAF,1,0
PingAgain_Not3rd,NULL,INTERNAL,INTERNAL,TRANSFORM,LEAF,1,0
passwordExpirationDate,NULL,INTERNAL,INTERNAL,TRANSFORM,LEAF,1,0
pageCounter,NULL,INTERNAL,INTERNAL,TRANSFORM,LEAF,1,0
PatchBucketError,NULL,INTERNAL,INTERNAL,TRANSFORM,LEAF,1,0
PatchingProcessFailureLog,NULL,INTERNAL,INTERNAL,TRANSFORM,LEAF,1,0
PatchingSuccessLog,NULL,INTERNAL,INTERNAL,TRANSFORM,LEAF,1,0
patchStartTime,NULL,INTERNAL,INTERNAL,TRANSFORM,LEAF,1,0
Path,NULL,INTERNAL,INTERNAL,TRANSFORM,LEAF,1,0
pauseForReboot,NULL,INTERNAL,INTERNAL,TRANSFORM,LEAF,1,0
pkidWithBrackets,NULL,INTERNAL,INTERNAL,TRANSFORM,LEAF,1,0
placeHolder,NULL,INTERNAL,INTERNAL,TRANSFORM,LEAF,1,0
PlacesComment,NULL,INTERNAL,INTERNAL,TRANSFORM,LEAF,1,0
PlacesIssueType,NULL,INTERNAL,INTERNAL,TRANSFORM,LEAF,1,0
PlacesKey,NULL,INTERNAL,INTERNAL,TRANSFORM,LEAF,1,0
PlacesStatus,NULL,INTERNAL,INTERNAL,TRANSFORM,LEAF,1,0
PlacesSummary,NULL,INTERNAL,INTERNAL,TRANSFORM,LEAF,1,0
PlacesUpdated,NULL,INTERNAL,INTERNAL,OUTPUT,LEAF,1,0
PingServerAfterSysUptime,NULL,INTERNAL,INTERNAL,TRANSFORM,LEAF,1,0
PingServerAgain_AfterUptimeIsDenied,NULL,INTERNAL,INTERNAL,TRANSFORM,LEAF,1,0
PingServerExists,NULL,INTERNAL,INTERNAL,TRANSFORM,LEAF,1,0
PingServerName_Failed,NULL,INTERNAL,INTERNAL,TRANSFORM,LEAF,1,0
PingServerName_Sucess,NULL,INTERNAL,INTERNAL,TRANSFORM,LEAF,1,0
pingSuccess,NULL,INTERNAL,INTERNAL,TRANSFORM,LEAF,1,0
PlainTextServersFailureConclusion,NULL,INTERNAL,INTERNAL,TRANSFORM,LEAF,1,0
playAudio1,NULL,INTERNAL,INTERNAL,TRANSFORM,LEAF,1,0
plivoSendSMS1,NULL,INTERNAL,INTERNAL,OUTPUT,LEAF,1,0
pon_alarms,NULL,INTERNAL,INTERNAL,TRANSFORM,LEAF,1,0
PON_LOSS_stuff,NULL,INTERNAL,INTERNAL,TRANSFORM,LEAF,1,0
PORT,NULL,INTERNAL,INTERNAL,TRANSFORM,LEAF,1,0
pow1,NULL,INTERNAL,INTERNAL,TRANSFORM,LEAF,1,0
PoweredOnError,NULL,INTERNAL,INTERNAL,TRANSFORM,LEAF,1,0
PowerOFF,NULL,INTERNAL,INTERNAL,TRANSFORM,LEAF,1,0
PingError,NULL,INTERNAL,INTERNAL,TRANSFORM,LEAF,1,0
PingFailedLog,NULL,INTERNAL,INTERNAL,TRANSFORM,LEAF,1,0
PowerOnVM,NULL,INTERNAL,INTERNAL,TRANSFORM,LEAF,1,0
PowerOnVMError,NULL,INTERNAL,INTERNAL,TRANSFORM,LEAF,1,0
logon_name,NULL,INTERNAL,INTERNAL,TRANSFORM,LEAF,1,0
LogPath,NULL,INTERNAL,INTERNAL,TRANSFORM,LEAF,1,0
LogsPathMemTable,NULL,INTERNAL,INTERNAL,TRANSFORM,LEAF,1,0
LogsUploadSN,NULL,INTERNAL,INTERNAL,TRANSFORM,LEAF,1,0
LogsUploadSNAfterRestart,NULL,INTERNAL,INTERNAL,TRANSFORM,LEAF,1,0
logWinRMNotOK,NULL,INTERNAL,INTERNAL,TRANSFORM,LEAF,1,0
loop2FieldNameFail,NULL,INTERNAL,INTERNAL,TRANSFORM,LEAF,1,0
loop2FieldNameSuccess,NULL,INTERNAL,INTERNAL,TRANSFORM,LEAF,1,0
loop3Element,NULL,INTERNAL,INTERNAL,TRANSFORM,LEAF,1,0
loop3Label,NULL,INTERNAL,INTERNAL,TRANSFORM,LEAF,1,0
loop3Name,NULL,INTERNAL,INTERNAL,TRANSFORM,LEAF,1,0
loop4Name,NULL,INTERNAL,INTERNAL,TRANSFORM,LEAF,1,0
loop4SuperClass,NULL,INTERNAL,INTERNAL,TRANSFORM,LEAF,1,0
loopAddresses,NULL,INTERNAL,INTERNAL,TRANSFORM,LEAF,1,0
loopBottom,NULL,INTERNAL,INTERNAL,TRANSFORM,LEAF,1,0
loopOldReps,NULL,INTERNAL,INTERNAL,TRANSFORM,LEAF,1,0
LogFolderTempPath,NULL,INTERNAL,INTERNAL,TRANSFORM,LEAF,1,0
logicMonitorGetDevice1,NULL,INTERNAL,INTERNAL,INPUT,LEAF,1,0
logicMonitorGetDeviceProperty1,NULL,INTERNAL,INTERNAL,INPUT,LEAF,1,0
LogicSnapshotDelete,NULL,INTERNAL,INTERNAL,TRANSFORM,LEAF,1,0
lockExecutor2,NULL,INTERNAL,INTERNAL,TRANSFORM,LEAF,1,0
lockExecutor3,NULL,INTERNAL,INTERNAL,TRANSFORM,LEAF,1,0
lockExecutor4,NULL,INTERNAL,INTERNAL,TRANSFORM,LEAF,1,0
lockExecutor5,NULL,INTERNAL,INTERNAL,TRANSFORM,LEAF,1,0
lockRemoteExecutor,NULL,INTERNAL,INTERNAL,TRANSFORM,LEAF,1,0
line_release_xml,NULL,INTERNAL,INTERNAL,TRANSFORM,LEAF,1,0
lineTemplate,NULL,INTERNAL,INTERNAL,TRANSFORM,LEAF,1,0
lineTotal,NULL,INTERNAL,INTERNAL,TRANSFORM,LEAF,1,0
listAssistants,NULL,INTERNAL,INTERNAL,TRANSFORM,LEAF,1,0
listBackupFiles,NULL,INTERNAL,INTERNAL,TRANSFORM,LEAF,1,0
lengthSalesOrder,NULL,INTERNAL,INTERNAL,TRANSFORM,LEAF,1,0
location_string,NULL,INTERNAL,INTERNAL,TRANSFORM,LEAF,1,0
LocationCity,NULL,INTERNAL,INTERNAL,TRANSFORM,LEAF,1,0
lmSetDeviceSDT1,NULL,INTERNAL,INTERNAL,TRANSFORM,LEAF,1,0
LMTeamEmail,NULL,INTERNAL,INTERNAL,TRANSFORM,LEAF,1,0
loadFile1,NULL,INTERNAL,INTERNAL,TRANSFORM,LEAF,1,0
loadRemoteFile1,NULL,INTERNAL,INTERNAL,TRANSFORM,LEAF,1,0
loadTemplateFile,NULL,INTERNAL,INTERNAL,TRANSFORM,LEAF,1,0
loadToolData,NULL,INTERNAL,INTERNAL,TRANSFORM,LEAF,1,0
localFileCount,NULL,INTERNAL,INTERNAL,TRANSFORM,LEAF,1,0
localFiles,NULL,INTERNAL,INTERNAL,TRANSFORM,LEAF,1,0
localListing,NULL,INTERNAL,INTERNAL,TRANSFORM,LEAF,1,0
localSourceFileCount,NULL,INTERNAL,INTERNAL,TRANSFORM,LEAF,1,0
localSourceFiles,NULL,INTERNAL,INTERNAL,TRANSFORM,LEAF,1,0
ListCluster_HOUSCVMMR2,NULL,INTERNAL,INTERNAL,TRANSFORM,LEAF,1,0
ListCluster_scvmm16,NULL,INTERNAL,INTERNAL,TRANSFORM,LEAF,1,0
listFolderBox1,NULL,INTERNAL,INTERNAL,TRANSFORM,LEAF,1,0
listImagesFolder,NULL,INTERNAL,INTERNAL,TRANSFORM,LEAF,1,0
listJiraTickets_CPSS,27,Jira,BUSINESS,TRANSFORM,LEAF,1,0
listJiraTickets_PROPS,27,Jira,BUSINESS,TRANSFORM,LEAF,1,0
LM_ACK_Alert,NULL,INTERNAL,INTERNAL,TRANSFORM,LEAF,1,0
LM_ACK_FailedRestart,NULL,INTERNAL,INTERNAL,TRANSFORM,LEAF,1,0
lengthServerNotes,NULL,INTERNAL,INTERNAL,TRANSFORM,LEAF,1,0
lengthSqlValues,NULL,INTERNAL,INTERNAL,TRANSFORM,LEAF,1,0
lengthStorageProfilePayload,NULL,INTERNAL,INTERNAL,TRANSFORM,LEAF,1,0
lengthSubErrors,NULL,INTERNAL,INTERNAL,TRANSFORM,LEAF,1,0
lengthVmDataDiskPayload,NULL,INTERNAL,INTERNAL,TRANSFORM,LEAF,1,0
lengthVmPayload,NULL,INTERNAL,INTERNAL,TRANSFORM,LEAF,1,0
lcServerDomain,NULL,INTERNAL,INTERNAL,TRANSFORM,LEAF,1,0
LdapErrorMsg,NULL,INTERNAL,INTERNAL,TRANSFORM,LEAF,1,0
lengthLogData,NULL,INTERNAL,INTERNAL,TRANSFORM,LEAF,1,0
lengthMyVar,NULL,INTERNAL,INTERNAL,TRANSFORM,LEAF,1,0
lengthPreviousRenewalDate,NULL,INTERNAL,INTERNAL,TRANSFORM,LEAF,1,0
lengthProductCode,NULL,INTERNAL,INTERNAL,TRANSFORM,LEAF,1,0
jsonStringArraytoTable1,NULL,INTERNAL,INTERNAL,TRANSFORM,LEAF,1,0
lastQuery,NULL,INTERNAL,INTERNAL,INPUT,LEAF,1,0
jsonToTable4,NULL,INTERNAL,INTERNAL,TRANSFORM,LEAF,1,0
jsonToTable5,NULL,INTERNAL,INTERNAL,TRANSFORM,LEAF,1,0
jsonToTable6,NULL,INTERNAL,INTERNAL,TRANSFORM,LEAF,1,0
jsoNtoTableAdvanced5,NULL,INTERNAL,INTERNAL,TRANSFORM,LEAF,1,0
jsonToTableAfterRAW,NULL,INTERNAL,INTERNAL,TRANSFORM,LEAF,1,0
key_is_here,NULL,INTERNAL,INTERNAL,TRANSFORM,LEAF,1,0
keyName,NULL,INTERNAL,INTERNAL,TRANSFORM,LEAF,1,0
killService,NULL,INTERNAL,INTERNAL,TRANSFORM,LEAF,1,0
L2OComment,NULL,INTERNAL,INTERNAL,TRANSFORM,LEAF,1,0
L2OIssueType,NULL,INTERNAL,INTERNAL,TRANSFORM,LEAF,1,0
L2OKey,NULL,INTERNAL,INTERNAL,TRANSFORM,LEAF,1,0
L2OStatus,NULL,INTERNAL,INTERNAL,TRANSFORM,LEAF,1,0
L2OSummary,NULL,INTERNAL,INTERNAL,TRANSFORM,LEAF,1,0
L2OUpdated,NULL,INTERNAL,INTERNAL,OUTPUT,LEAF,1,0
labJira,NULL,INTERNAL,INTERNAL,TRANSFORM,LEAF,1,0
Last_Name,NULL,INTERNAL,INTERNAL,TRANSFORM,LEAF,1,0
lastLogon,NULL,INTERNAL,INTERNAL,TRANSFORM,LEAF,1,0
left1,NULL,INTERNAL,INTERNAL,TRANSFORM,LEAF,1,0
leftTrim1,NULL,INTERNAL,INTERNAL,TRANSFORM,LEAF,1,0
legacyActivity,NULL,INTERNAL,INTERNAL,TRANSFORM,LEAF,1,0
legacyActivityCheck,NULL,INTERNAL,INTERNAL,TRANSFORM,LEAF,1,0
legacyActResultCount,NULL,INTERNAL,INTERNAL,TRANSFORM,LEAF,1,0
legacyCounter,NULL,INTERNAL,INTERNAL,TRANSFORM,LEAF,1,0
length_this_ssh_error,NULL,INTERNAL,INTERNAL,TRANSFORM,LEAF,1,0
lengthaccountName,NULL,INTERNAL,INTERNAL,TRANSFORM,LEAF,1,0
lengthAttachPath,NULL,INTERNAL,INTERNAL,TRANSFORM,LEAF,1,0
lengthCompleteSpPayload,NULL,INTERNAL,INTERNAL,TRANSFORM,LEAF,1,0
lengthCurrColName,NULL,INTERNAL,INTERNAL,TRANSFORM,LEAF,1,0
lengthCurrDataPoint,NULL,INTERNAL,INTERNAL,TRANSFORM,LEAF,1,0
lengthDataDisks,NULL,INTERNAL,INTERNAL,TRANSFORM,LEAF,1,0
jiraGenericCommand2,7,INTERNAL,OTHER,TRANSFORM,LEAF,1,1
jiraGenericCommand2,27,Jira,BUSINESS,TRANSFORM,LEAF,1,0
jiraGenericCommand1,7,INTERNAL,OTHER,TRANSFORM,LEAF,1,1
JiraTICKETExists,NULL,INTERNAL,INTERNAL,TRANSFORM,LEAF,1,0
jiraTIcketNumber,NULL,INTERNAL,INTERNAL,TRANSFORM,LEAF,1,0
jiraTicketNumLength,NULL,INTERNAL,INTERNAL,TRANSFORM,LEAF,1,0
JIraTicketStatusNotUpdated,NULL,INTERNAL,INTERNAL,OUTPUT,LEAF,1,0
jiraUpdateIssue1,27,Jira,BUSINESS,OUTPUT,LEAF,1,0
jiraUpdateIssue16,27,Jira,BUSINESS,OUTPUT,LEAF,1,0
jiraUpdateIssue2,27,Jira,BUSINESS,OUTPUT,LEAF,1,0
jiraUpdateIssue5,27,Jira,BUSINESS,OUTPUT,LEAF,1,0
jiraUpdateIssue6,27,Jira,BUSINESS,OUTPUT,LEAF,1,0
jiraupdatestatusflagnotset,NULL,INTERNAL,INTERNAL,OUTPUT,LEAF,1,0
jiraUploadAttachment1,NULL,INTERNAL,INTERNAL,TRANSFORM,LEAF,1,0
jobTitle,NULL,INTERNAL,INTERNAL,TRANSFORM,LEAF,1,0
JSONBodyError,NULL,INTERNAL,INTERNAL,TRANSFORM,LEAF,1,0
JSONBodySuccess,NULL,INTERNAL,INTERNAL,TRANSFORM,LEAF,1,0
jobFile,NULL,INTERNAL,INTERNAL,TRANSFORM,LEAF,1,0
job_title_string,NULL,INTERNAL,INTERNAL,TRANSFORM,LEAF,1,0
jobDescription,NULL,INTERNAL,INTERNAL,TRANSFORM,LEAF,1,0
jsonData,NULL,INTERNAL,INTERNAL,TRANSFORM,LEAF,1,0
jsoNDataTable,NULL,INTERNAL,INTERNAL,TRANSFORM,LEAF,1,0
jsonSettingsSession,NULL,INTERNAL,INTERNAL,TRANSFORM,LEAF,1,0
ITOwnerNumber,NULL,INTERNAL,INTERNAL,TRANSFORM,LEAF,1,0
ITOwnerNumberTEMP,NULL,INTERNAL,INTERNAL,TRANSFORM,LEAF,1,0
Its_2012,NULL,INTERNAL,INTERNAL,TRANSFORM,LEAF,1,0
ItsEmergency,NULL,INTERNAL,INTERNAL,TRANSFORM,LEAF,1,0
ItsEmergencyReboot,NULL,INTERNAL,INTERNAL,TRANSFORM,LEAF,1,0
ITSMproject,NULL,INTERNAL,INTERNAL,TRANSFORM,LEAF,1,0
ItsNOT_2012,NULL,INTERNAL,INTERNAL,TRANSFORM,LEAF,1,0
ItsNotEmergency,NULL,INTERNAL,INTERNAL,TRANSFORM,LEAF,1,0
ItsPhysical,NULL,INTERNAL,INTERNAL,TRANSFORM,LEAF,1,0
ItsRecurringReboot,NULL,INTERNAL,INTERNAL,TRANSFORM,LEAF,1,0
ItsScheduledReboot,NULL,INTERNAL,INTERNAL,TRANSFORM,LEAF,1,0
JIRA,NULL,INTERNAL,INTERNAL,TRANSFORM,LEAF,1,0
JIRA_Ticket,NULL,INTERNAL,INTERNAL,TRANSFORM,LEAF,1,0
jiraAddComment_DCO,7,INTERNAL,OTHER,TRANSFORM,LEAF,1,1
jiraAddComment_IAMS,27,Jira,BUSINESS,TRANSFORM,LEAF,1,0
jiraAddComment_L2O,27,Jira,BUSINESS,TRANSFORM,LEAF,1,0
jiraAddComment_NETOP,7,INTERNAL,OTHER,TRANSFORM,LEAF,1,1
jiraAddComment_PEOS,7,INTERNAL,OTHER,TRANSFORM,LEAF,1,1
jiraAddComment_SRES,27,Jira,BUSINESS,TRANSFORM,LEAF,1,0
jiraAddComment_UCC,7,INTERNAL,OTHER,TRANSFORM,LEAF,1,1
jiraAttachCount,NULL,INTERNAL,INTERNAL,TRANSFORM,LEAF,1,0
jiraAttachFilename,NULL,INTERNAL,INTERNAL,TRANSFORM,LEAF,1,0
isNumericNoCI,NULL,INTERNAL,INTERNAL,TRANSFORM,LEAF,1,0
isNumericWithCI,NULL,INTERNAL,INTERNAL,TRANSFORM,LEAF,1,0
isPeerExists,NULL,INTERNAL,INTERNAL,TRANSFORM,LEAF,1,0
IsPreference_Emergency,NULL,INTERNAL,INTERNAL,TRANSFORM,LEAF,1,0
IsPreference_Recurring,NULL,INTERNAL,INTERNAL,TRANSFORM,LEAF,1,0
IsPreference_Scheduled,NULL,INTERNAL,INTERNAL,TRANSFORM,LEAF,1,0
IsPreferrenceScheduled,NULL,INTERNAL,INTERNAL,TRANSFORM,LEAF,1,0
IsProcessRunning,NULL,INTERNAL,INTERNAL,TRANSFORM,LEAF,1,0
IsReasonHaveSpecialChar,NULL,INTERNAL,INTERNAL,TRANSFORM,LEAF,1,0
IsRebootStatus_Success,NULL,INTERNAL,INTERNAL,TRANSFORM,LEAF,1,0
IsReplyNoResponse1,NULL,INTERNAL,INTERNAL,TRANSFORM,LEAF,1,0
IsReplyNoResponse2,NULL,INTERNAL,INTERNAL,TRANSFORM,LEAF,1,0
IsReplyNoResponse2_False,NULL,INTERNAL,INTERNAL,TRANSFORM,LEAF,1,0
IsReplyNoResponse2_True,NULL,INTERNAL,INTERNAL,TRANSFORM,LEAF,1,0
IsRequestorDisplayName_HasSpecialChar,NULL,INTERNAL,INTERNAL,TRANSFORM,LEAF,1,0
IsRPC_Unavailable,NULL,INTERNAL,INTERNAL,TRANSFORM,LEAF,1,0
IsServer_notPhysical,NULL,INTERNAL,INTERNAL,TRANSFORM,LEAF,1,0
issueListJson,NULL,INTERNAL,INTERNAL,TRANSFORM,LEAF,1,0
issueListPageStart,NULL,INTERNAL,INTERNAL,TRANSFORM,LEAF,1,0
issuesDataCount,NULL,INTERNAL,INTERNAL,TRANSFORM,LEAF,1,0
issuesList,NULL,INTERNAL,INTERNAL,TRANSFORM,LEAF,1,0
issuesResultTopLevel,NULL,INTERNAL,INTERNAL,TRANSFORM,LEAF,1,0
IssueType,NULL,INTERNAL,INTERNAL,TRANSFORM,LEAF,1,0
IssueType_PROPS,NULL,INTERNAL,INTERNAL,TRANSFORM,LEAF,1,0
IsTimeDiffenceNegative,NULL,INTERNAL,INTERNAL,TRANSFORM,LEAF,1,0
IsVirtual,NULL,INTERNAL,INTERNAL,TRANSFORM,LEAF,1,0
IsWeekly,NULL,INTERNAL,INTERNAL,TRANSFORM,LEAF,1,0
jiraGenericCommand5,27,Jira,BUSINESS,TRANSFORM,LEAF,1,0
jiraGenericCommand6,27,Jira,BUSINESS,TRANSFORM,LEAF,1,0
jiraGenericCommand7,27,Jira,BUSINESS,TRANSFORM,LEAF,1,0
jiraGenericCommand8,27,Jira,BUSINESS,TRANSFORM,LEAF,1,0
jiraGetIssue1,27,Jira,BUSINESS,INPUT,LEAF,1,0
jiraGetIssueDCO,27,Jira,BUSINESS,INPUT,LEAF,1,0
jiraGetIssueIAM,27,Jira,BUSINESS,INPUT,LEAF,1,0
jiraGetIssueL2O,27,Jira,BUSINESS,INPUT,LEAF,1,0
jiraGetIssueNETOP,27,Jira,BUSINESS,INPUT,LEAF,1,0
jiraGetIssuePEOS,27,Jira,BUSINESS,INPUT,LEAF,1,0
jiraGetIssuePlaces,7,INTERNAL,OTHER,INPUT,LEAF,1,1
jiraGetIssueSRES,27,Jira,BUSINESS,INPUT,LEAF,1,0
jiraGetIssueUCC,7,INTERNAL,OTHER,INPUT,LEAF,1,1
jiraListAttachments1,NULL,INTERNAL,INTERNAL,TRANSFORM,LEAF,1,0
jiraPlacesTickets,27,Jira,BUSINESS,TRANSFORM,LEAF,1,0
jiraProject,NULL,INTERNAL,INTERNAL,TRANSFORM,LEAF,1,0
jiraServiceLocation,NULL,INTERNAL,INTERNAL,TRANSFORM,LEAF,1,0
jiraStatusCount,NULL,INTERNAL,INTERNAL,TRANSFORM,LEAF,1,0
jiraSubTask,NULL,INTERNAL,INTERNAL,TRANSFORM,LEAF,1,0
JiraTicket,14,INTERNAL,OTHER,TRANSFORM,LEAF,1,1
jiraCreateIssue1,27,Jira,BUSINESS,OUTPUT,LEAF,1,0
jiraDownloadAttachment1,NULL,INTERNAL,INTERNAL,TRANSFORM,LEAF,1,0
JiraCommentCompare,NULL,INTERNAL,INTERNAL,TRANSFORM,LEAF,1,0
ITOwner,NULL,INTERNAL,INTERNAL,TRANSFORM,LEAF,1,0
inStr1,NULL,INTERNAL,INTERNAL,TRANSFORM,LEAF,1,0
inStrRev1,NULL,INTERNAL,INTERNAL,TRANSFORM,LEAF,1,0
internalTable,NULL,INTERNAL,INTERNAL,TRANSFORM,LEAF,1,0
IP_Address,NULL,INTERNAL,INTERNAL,TRANSFORM,LEAF,1,0
isEmptyActivityName,NULL,INTERNAL,INTERNAL,TRANSFORM,LEAF,1,0
isEmptyAuthToken,NULL,INTERNAL,INTERNAL,TRANSFORM,LEAF,1,0
isEmptyAuthTokenToolComplete,NULL,INTERNAL,INTERNAL,TRANSFORM,LEAF,1,0
isEmptyCurrActivitySettings,NULL,INTERNAL,INTERNAL,TRANSFORM,LEAF,1,0
isEmptyCxnString,NULL,INTERNAL,INTERNAL,TRANSFORM,LEAF,1,0
isEmptydbTableName,NULL,INTERNAL,INTERNAL,TRANSFORM,LEAF,1,0
isEmptyEmpNum,NULL,INTERNAL,INTERNAL,TRANSFORM,LEAF,1,0
isEmptyEntityCaption,NULL,INTERNAL,INTERNAL,TRANSFORM,LEAF,1,0
isEmptyEntityCaptionNoCi,NULL,INTERNAL,INTERNAL,TRANSFORM,LEAF,1,0
isEmptyinputTable,NULL,INTERNAL,INTERNAL,TRANSFORM,LEAF,1,0
isEmptyOldRank,NULL,INTERNAL,INTERNAL,TRANSFORM,LEAF,1,0
isEmptyParseWorkflow,NULL,INTERNAL,INTERNAL,TRANSFORM,LEAF,1,0
isEmptySamAccountName,NULL,INTERNAL,INTERNAL,TRANSFORM,LEAF,1,0
isEmptyServiceName,NULL,INTERNAL,INTERNAL,TRANSFORM,LEAF,1,0
isEmptyTermDate,NULL,INTERNAL,INTERNAL,TRANSFORM,LEAF,1,0
isEmptyToolParams,NULL,INTERNAL,INTERNAL,TRANSFORM,LEAF,1,0
isEmptyWfName,NULL,INTERNAL,INTERNAL,TRANSFORM,LEAF,1,0
IsHostType_Virtual,NULL,INTERNAL,INTERNAL,TRANSFORM,LEAF,1,0
IsHyperVRestart_Succesful,NULL,INTERNAL,INTERNAL,TRANSFORM,LEAF,1,0
IsItEmergencyReboot,NULL,INTERNAL,INTERNAL,TRANSFORM,LEAF,1,0
IsITOwner_SpecialChar,NULL,INTERNAL,INTERNAL,TRANSFORM,LEAF,1,0
IsLocationCity_Calgary,NULL,INTERNAL,INTERNAL,TRANSFORM,LEAF,1,0
IsNOT_2016,NULL,INTERNAL,INTERNAL,TRANSFORM,LEAF,1,0
insertVmRow,NULL,INTERNAL,INTERNAL,TRANSFORM,LEAF,1,0
installedSoftwareList,NULL,INTERNAL,INTERNAL,TRANSFORM,LEAF,1,0
InstallIIS,NULL,INTERNAL,INTERNAL,TRANSFORM,LEAF,1,0
InstallIISError,NULL,INTERNAL,INTERNAL,TRANSFORM,LEAF,1,0
insertLogEntrytoDB,NULL,INTERNAL,INTERNAL,TRANSFORM,LEAF,1,0
InstallSuccess,NULL,INTERNAL,INTERNAL,TRANSFORM,LEAF,1,0
InstallUpdateLogs,NULL,INTERNAL,INTERNAL,OUTPUT,LEAF,1,0
installRedis,NULL,INTERNAL,INTERNAL,TRANSFORM,LEAF,1,0
InstallNotes,NULL,INTERNAL,INTERNAL,TRANSFORM,LEAF,1,0
insertServerConclusion,NULL,INTERNAL,INTERNAL,TRANSFORM,LEAF,1,0
ipv4,NULL,INTERNAL,INTERNAL,TRANSFORM,LEAF,1,0
ipv4Count,NULL,INTERNAL,INTERNAL,TRANSFORM,LEAF,1,0
ipv4Html,NULL,INTERNAL,INTERNAL,TRANSFORM,LEAF,1,0
Is_2016,NULL,INTERNAL,INTERNAL,TRANSFORM,LEAF,1,0
Is_CheckUptimeCounter_3,NULL,INTERNAL,INTERNAL,TRANSFORM,LEAF,1,0
Is_HyperVCluster_2012R2,NULL,INTERNAL,INTERNAL,TRANSFORM,LEAF,1,0
Is_HyperVCluster_2016,NULL,INTERNAL,INTERNAL,TRANSFORM,LEAF,1,0
Is_Priority_1,NULL,INTERNAL,INTERNAL,TRANSFORM,LEAF,1,0
Is_Priority_2,NULL,INTERNAL,INTERNAL,TRANSFORM,LEAF,1,0
isAlertHtml1,NULL,INTERNAL,INTERNAL,TRANSFORM,LEAF,1,0
ISAM_chassis_spec_name,NULL,INTERNAL,INTERNAL,TRANSFORM,LEAF,1,0
ISAM_IP_ADDRESS,NULL,INTERNAL,INTERNAL,TRANSFORM,LEAF,1,0
ISAM_lambert_coordinates_a,NULL,INTERNAL,INTERNAL,TRANSFORM,LEAF,1,0
ISAM_Lambert_x,NULL,INTERNAL,INTERNAL,TRANSFORM,LEAF,1,0
ISAM_Lambert_y,NULL,INTERNAL,INTERNAL,TRANSFORM,LEAF,1,0
ISAM_left_8,NULL,INTERNAL,INTERNAL,TRANSFORM,LEAF,1,0
ISAM_partner_code,NULL,INTERNAL,INTERNAL,TRANSFORM,LEAF,1,0
ISAM_time_corrected,NULL,INTERNAL,INTERNAL,TRANSFORM,LEAF,1,0
ISAM_time_vs_Brussels_time_delta,NULL,INTERNAL,INTERNAL,TRANSFORM,LEAF,1,0
isam_version_command_duration,NULL,INTERNAL,INTERNAL,TRANSFORM,LEAF,1,0
isam_version_command_result,NULL,INTERNAL,INTERNAL,TRANSFORM,LEAF,1,0
isam_version_IP1,NULL,INTERNAL,INTERNAL,TRANSFORM,LEAF,1,0
IsamVersionLine_IP1,NULL,INTERNAL,INTERNAL,TRANSFORM,LEAF,1,0
IsApproval1_Approved,NULL,INTERNAL,INTERNAL,TRANSFORM,LEAF,1,0
IsApproval2_Approved,NULL,INTERNAL,INTERNAL,TRANSFORM,LEAF,1,0
IsApproval2_NoResponse,NULL,INTERNAL,INTERNAL,TRANSFORM,LEAF,1,0
IsBusinessOwner_SpecialChar,NULL,INTERNAL,INTERNAL,TRANSFORM,LEAF,1,0
IsDaily,NULL,INTERNAL,INTERNAL,TRANSFORM,LEAF,1,0
IsDomainCorp,NULL,INTERNAL,INTERNAL,TRANSFORM,LEAF,1,0
IsDomainKM,NULL,INTERNAL,INTERNAL,TRANSFORM,LEAF,1,0
isEmpty_Approval1,NULL,INTERNAL,INTERNAL,TRANSFORM,LEAF,1,0
isEmpty_Approval2,NULL,INTERNAL,INTERNAL,TRANSFORM,LEAF,1,0
NCO_NODE_11,NULL,INTERNAL,INTERNAL,TRANSFORM,LEAF,1,0
NCO_NODE_L6,NULL,INTERNAL,INTERNAL,TRANSFORM,LEAF,1,0
NCO_NODE_R5,NULL,INTERNAL,INTERNAL,TRANSFORM,LEAF,1,0
myUsers,NULL,INTERNAL,INTERNAL,TRANSFORM,LEAF,1,0
myVariables,NULL,INTERNAL,INTERNAL,TRANSFORM,LEAF,1,0
myVariablesHtml,NULL,INTERNAL,INTERNAL,TRANSFORM,LEAF,1,0
myWorkflows,NULL,INTERNAL,INTERNAL,TRANSFORM,LEAF,1,0
myWorkflowsHtml,NULL,INTERNAL,INTERNAL,TRANSFORM,LEAF,1,0
nameFirst,NULL,INTERNAL,INTERNAL,TRANSFORM,LEAF,1,0
nameLast,NULL,INTERNAL,INTERNAL,TRANSFORM,LEAF,1,0
NameNotExists,NULL,INTERNAL,INTERNAL,TRANSFORM,LEAF,1,0
nameTemplateDeviceProfile,NULL,INTERNAL,INTERNAL,TRANSFORM,LEAF,1,0
nameTemplatePhone,NULL,INTERNAL,INTERNAL,TRANSFORM,LEAF,1,0
NAMING_CONVENTION_KAPUT_11,NULL,INTERNAL,INTERNAL,TRANSFORM,LEAF,1,0
NAMING_CONVENTION_OK,NULL,INTERNAL,INTERNAL,TRANSFORM,LEAF,1,0
myObjectsRelations,NULL,INTERNAL,INTERNAL,TRANSFORM,LEAF,1,0
myQuery,NULL,INTERNAL,INTERNAL,INPUT,LEAF,1,0
myRow,NULL,INTERNAL,INTERNAL,TRANSFORM,LEAF,1,0
mySQLQuery1,NULL,INTERNAL,INTERNAL,INPUT,LEAF,1,0
mySQLStatement1,NULL,INTERNAL,INTERNAL,TRANSFORM,LEAF,1,0
myStartTime,NULL,INTERNAL,INTERNAL,TRANSFORM,LEAF,1,0
myTemplate,NULL,INTERNAL,INTERNAL,TRANSFORM,LEAF,1,0
multiMemorySet1setWfDetailsFailure,NULL,INTERNAL,INTERNAL,TRANSFORM,LEAF,1,0
myExecutor,NULL,INTERNAL,INTERNAL,TRANSFORM,LEAF,1,0
myGroups,NULL,INTERNAL,INTERNAL,TRANSFORM,LEAF,1,0
myHosts,NULL,INTERNAL,INTERNAL,TRANSFORM,LEAF,1,0
myMonthName,NULL,INTERNAL,INTERNAL,TRANSFORM,LEAF,1,0
msWfResultsFailure,NULL,INTERNAL,INTERNAL,TRANSFORM,LEAF,1,0
msWfResultsSuccess,NULL,INTERNAL,INTERNAL,TRANSFORM,LEAF,1,0
MultiCores,NULL,INTERNAL,INTERNAL,TRANSFORM,LEAF,1,0
middleName,NULL,INTERNAL,INTERNAL,TRANSFORM,LEAF,1,0
min1,NULL,INTERNAL,INTERNAL,TRANSFORM,LEAF,1,0
multiMemorySet11,NULL,INTERNAL,INTERNAL,TRANSFORM,LEAF,1,0
multiMemorySet12,NULL,INTERNAL,INTERNAL,TRANSFORM,LEAF,1,0
multiMemorySet13,NULL,INTERNAL,INTERNAL,TRANSFORM,LEAF,1,0
mod_st,NULL,INTERNAL,INTERNAL,TRANSFORM,LEAF,1,0
multiSSHCommands1,NULL,INTERNAL,INTERNAL,TRANSFORM,LEAF,1,0
multiMemorySet20,NULL,INTERNAL,INTERNAL,TRANSFORM,LEAF,1,0
multiMemorySet21,NULL,INTERNAL,INTERNAL,TRANSFORM,LEAF,1,0
multiMemorySet22,NULL,INTERNAL,INTERNAL,TRANSFORM,LEAF,1,0
multiMemorySet23,NULL,INTERNAL,INTERNAL,TRANSFORM,LEAF,1,0
multiMemorySet24,NULL,INTERNAL,INTERNAL,TRANSFORM,LEAF,1,0
multiMemorySet25,NULL,INTERNAL,INTERNAL,TRANSFORM,LEAF,1,0
multiMemorySet28,NULL,INTERNAL,INTERNAL,TRANSFORM,LEAF,1,0
multiMemorySet29,NULL,INTERNAL,INTERNAL,TRANSFORM,LEAF,1,0
newLine,NULL,INTERNAL,INTERNAL,TRANSFORM,LEAF,1,0
newMessageBodyJson,NULL,INTERNAL,INTERNAL,TRANSFORM,LEAF,1,0
newPass,NULL,INTERNAL,INTERNAL,TRANSFORM,LEAF,1,0
newRankAdGroups,NULL,INTERNAL,INTERNAL,TRANSFORM,LEAF,1,0
newRankADGroupsCount,NULL,INTERNAL,INTERNAL,TRANSFORM,LEAF,1,0
newRankGroupCount,NULL,INTERNAL,INTERNAL,TRANSFORM,LEAF,1,0
newRankNumber,NULL,INTERNAL,INTERNAL,TRANSFORM,LEAF,1,0
newTicketHttpResponse,NULL,INTERNAL,INTERNAL,TRANSFORM,LEAF,1,0
newTicketJson,NULL,INTERNAL,INTERNAL,TRANSFORM,LEAF,1,0
newTicketJsonTable,NULL,INTERNAL,INTERNAL,TRANSFORM,LEAF,1,0
newTicketNum,22,INTERNAL,OTHER,TRANSFORM,LEAF,1,1
newTitleAdGroups,NULL,INTERNAL,INTERNAL,TRANSFORM,LEAF,1,0
newTitleGroupCount,NULL,INTERNAL,INTERNAL,TRANSFORM,LEAF,1,0
newTitleNumber,NULL,INTERNAL,INTERNAL,TRANSFORM,LEAF,1,0
newTotalRevenue,NULL,INTERNAL,INTERNAL,TRANSFORM,LEAF,1,0
newUserName,NULL,INTERNAL,INTERNAL,TRANSFORM,LEAF,1,0
NetInsertData,NULL,INTERNAL,INTERNAL,TRANSFORM,LEAF,1,0
networkFolderFailed,11,ServiceNow,BUSINESS,TRANSFORM,LEAF,1,0
NewAssociate,NULL,INTERNAL,INTERNAL,TRANSFORM,LEAF,1,0
newCorrigoStatus,NULL,INTERNAL,INTERNAL,TRANSFORM,LEAF,1,0
newEngageStatus,NULL,INTERNAL,INTERNAL,TRANSFORM,LEAF,1,0
newIncidentCritical,NULL,INTERNAL,INTERNAL,TRANSFORM,LEAF,1,0
newIncidentInfo,NULL,INTERNAL,INTERNAL,TRANSFORM,LEAF,1,0
newIncidentMajor,NULL,INTERNAL,INTERNAL,TRANSFORM,LEAF,1,0
newIncidentMinor,NULL,INTERNAL,INTERNAL,TRANSFORM,LEAF,1,0
NetBackupWhile,NULL,INTERNAL,INTERNAL,DECISION,CONTAINER,1,0
netCount,NULL,INTERNAL,INTERNAL,TRANSFORM,LEAF,1,0
NetBackupServersList,NULL,INTERNAL,INTERNAL,TRANSFORM,LEAF,1,0
NETOPComment,NULL,INTERNAL,INTERNAL,TRANSFORM,LEAF,1,0
NETOPIssueType,NULL,INTERNAL,INTERNAL,TRANSFORM,LEAF,1,0
NETOPKey,NULL,INTERNAL,INTERNAL,TRANSFORM,LEAF,1,0
NETOPSatus,NULL,INTERNAL,INTERNAL,TRANSFORM,LEAF,1,0
NETOPSummary,NULL,INTERNAL,INTERNAL,TRANSFORM,LEAF,1,0
NETOPUpdated,NULL,INTERNAL,INTERNAL,OUTPUT,LEAF,1,0
NetAppCreateExportPolicy1,9,INTERNAL,OTHER,OUTPUT,LEAF,1,1
NetAppCreateExportRule1,9,INTERNAL,OTHER,OUTPUT,LEAF,1,1
netAppCreateLun1,9,INTERNAL,OTHER,OUTPUT,LEAF,1,1
NetAppCreateSnapmirror1,9,INTERNAL,OTHER,OUTPUT,LEAF,1,1
NetAppGetObject1,9,INTERNAL,OTHER,INPUT,LEAF,1,1
NetAppGetObject2,9,INTERNAL,OTHER,INPUT,LEAF,1,1
NetAppGetObjectFiltered,NULL,INTERNAL,INTERNAL,INPUT,LEAF,1,0
netAppGetObjectResized,9,INTERNAL,OTHER,INPUT,LEAF,1,1
NetAppInitializeSnapmirror1,9,INTERNAL,OTHER,TRANSFORM,LEAF,1,1
NetAppMapLun1,9,INTERNAL,OTHER,TRANSFORM,LEAF,1,1
NetAppResizeVolume1,9,INTERNAL,OTHER,TRANSFORM,LEAF,1,1
NetBackupActiveJobLog,NULL,INTERNAL,INTERNAL,TRANSFORM,LEAF,1,0
netBackupChangePolicy1,NULL,INTERNAL,INTERNAL,TRANSFORM,LEAF,1,0
netbackupConclusion,NULL,INTERNAL,INTERNAL,TRANSFORM,LEAF,1,0
nestedJsonToTable2,NULL,INTERNAL,INTERNAL,TRANSFORM,LEAF,1,0
nestedJsonToTable3,NULL,INTERNAL,INTERNAL,TRANSFORM,LEAF,1,0
nestedJsonToTable5,NULL,INTERNAL,INTERNAL,TRANSFORM,LEAF,1,0
nestedJsonToTable6,NULL,INTERNAL,INTERNAL,TRANSFORM,LEAF,1,0
netAppBreakSnapmirror1,9,INTERNAL,OTHER,TRANSFORM,LEAF,1,1
NetAppCloneVolume1,9,INTERNAL,OTHER,TRANSFORM,LEAF,1,1
needsIIS,NULL,INTERNAL,INTERNAL,TRANSFORM,LEAF,1,0
memorySet19,NULL,INTERNAL,INTERNAL,TRANSFORM,LEAF,1,0
memorySet1setHtmlFileName,NULL,INTERNAL,INTERNAL,TRANSFORM,LEAF,1,0
memoryTableGetUniqueRows1,NULL,INTERNAL,INTERNAL,INPUT,LEAF,1,0
memorySet20,NULL,INTERNAL,INTERNAL,TRANSFORM,LEAF,1,0
memorySetDCO,NULL,INTERNAL,INTERNAL,TRANSFORM,LEAF,1,0
memorySetIAM,NULL,INTERNAL,INTERNAL,TRANSFORM,LEAF,1,0
memorySetL2O,NULL,INTERNAL,INTERNAL,TRANSFORM,LEAF,1,0
memorySetNETOP,NULL,INTERNAL,INTERNAL,TRANSFORM,LEAF,1,0
memorySetPEOS,NULL,INTERNAL,INTERNAL,TRANSFORM,LEAF,1,0
memorySetSRES,NULL,INTERNAL,INTERNAL,TRANSFORM,LEAF,1,0
memorySet_StartingvCenterCheck,NULL,INTERNAL,INTERNAL,TRANSFORM,LEAF,1,0
MemoryAdd,NULL,INTERNAL,INTERNAL,TRANSFORM,LEAF,1,0
max1,NULL,INTERNAL,INTERNAL,TRANSFORM,LEAF,1,0
Memory,NULL,INTERNAL,INTERNAL,TRANSFORM,LEAF,1,0
memoryClean2,NULL,INTERNAL,INTERNAL,TRANSFORM,LEAF,1,0
memoryClean3,NULL,INTERNAL,INTERNAL,TRANSFORM,LEAF,1,0
MemoryGB,NULL,INTERNAL,INTERNAL,TRANSFORM,LEAF,1,0
matching_DG_DeltaSeconds_row_1,NULL,INTERNAL,INTERNAL,TRANSFORM,LEAF,1,0
matching_DG_TIMESTAMPBrussels_row_1,NULL,INTERNAL,INTERNAL,TRANSFORM,LEAF,1,0
MatchLogALLPath,NULL,INTERNAL,INTERNAL,TRANSFORM,LEAF,1,0
MatchLogsPath,NULL,INTERNAL,INTERNAL,TRANSFORM,LEAF,1,0
matchNumberOfDays,NULL,INTERNAL,INTERNAL,TRANSFORM,LEAF,1,0
matchPercentage,NULL,INTERNAL,INTERNAL,TRANSFORM,LEAF,1,0
matchHeader,NULL,INTERNAL,INTERNAL,TRANSFORM,LEAF,1,0
ManagerFullAccess,NULL,INTERNAL,INTERNAL,TRANSFORM,LEAF,1,0
managerGivenName,NULL,INTERNAL,INTERNAL,TRANSFORM,LEAF,1,0
managerInfoCount,NULL,INTERNAL,INTERNAL,TRANSFORM,LEAF,1,0
managerSn,NULL,INTERNAL,INTERNAL,TRANSFORM,LEAF,1,0
managersOfOUEmea,NULL,INTERNAL,INTERNAL,TRANSFORM,LEAF,1,0
managersOfOUNA,NULL,INTERNAL,INTERNAL,TRANSFORM,LEAF,1,0
manualProcList,NULL,INTERNAL,INTERNAL,TRANSFORM,LEAF,1,0
mappingDataCount,NULL,INTERNAL,INTERNAL,TRANSFORM,LEAF,1,0
lowerCase1,NULL,INTERNAL,INTERNAL,TRANSFORM,LEAF,1,0
LunId1setAvailableLunIdTo1,NULL,INTERNAL,INTERNAL,TRANSFORM,LEAF,1,0
lunIndex,NULL,INTERNAL,INTERNAL,TRANSFORM,LEAF,1,0
LunsByMapIdDesc,NULL,INTERNAL,INTERNAL,TRANSFORM,LEAF,1,0
LunsCreated,NULL,INTERNAL,INTERNAL,OUTPUT,LEAF,1,0
MAC_Address,NULL,INTERNAL,INTERNAL,TRANSFORM,LEAF,1,0
MACAddress,NULL,INTERNAL,INTERNAL,TRANSFORM,LEAF,1,0
MachineStartError,NULL,INTERNAL,INTERNAL,TRANSFORM,LEAF,1,0
MachineStartNote,NULL,INTERNAL,INTERNAL,TRANSFORM,LEAF,1,0
MachineStartStatus,NULL,INTERNAL,INTERNAL,TRANSFORM,LEAF,1,0
MACLength,NULL,INTERNAL,INTERNAL,TRANSFORM,LEAF,1,0
ManagerCN,NULL,INTERNAL,INTERNAL,TRANSFORM,LEAF,1,0
managerCount,NULL,INTERNAL,INTERNAL,TRANSFORM,LEAF,1,0
Manager1,NULL,INTERNAL,INTERNAL,TRANSFORM,LEAF,1,0
Manager2,NULL,INTERNAL,INTERNAL,TRANSFORM,LEAF,1,0
ManagerApprovalRequired,NULL,INTERNAL,INTERNAL,TRANSFORM,LEAF,1,0
moveADAccountToDisabledOuEu,NULL,INTERNAL,INTERNAL,TRANSFORM,LEAF,1,0
moveADAccountToDisabledOuNA,NULL,INTERNAL,INTERNAL,TRANSFORM,LEAF,1,0
moveArchiveFileToBackupServer,NULL,INTERNAL,INTERNAL,TRANSFORM,LEAF,1,0
MoveToNextRow,NULL,INTERNAL,INTERNAL,TRANSFORM,LEAF,1,0
movingToSdt,NULL,INTERNAL,INTERNAL,TRANSFORM,LEAF,1,0
mqCounter1,NULL,INTERNAL,INTERNAL,TRANSFORM,LEAF,1,0
mqGetAllMessages1,NULL,INTERNAL,INTERNAL,INPUT,LEAF,1,0
mqPeek1,NULL,INTERNAL,INTERNAL,TRANSFORM,LEAF,1,0
mqPurge1,NULL,INTERNAL,INTERNAL,TRANSFORM,LEAF,1,0
mqSend1,NULL,INTERNAL,INTERNAL,OUTPUT,LEAF,1,0
msFullName,NULL,INTERNAL,INTERNAL,TRANSFORM,LEAF,1,0
msHpTemplatePayload,NULL,INTERNAL,INTERNAL,TRANSFORM,LEAF,1,0
msMacAddress,NULL,INTERNAL,INTERNAL,TRANSFORM,LEAF,1,0
msPhoneConfig,NULL,INTERNAL,INTERNAL,TRANSFORM,LEAF,1,0
msResults,NULL,INTERNAL,INTERNAL,TRANSFORM,LEAF,1,0
msTeamsAddToTeam1,38,MsTeams,COMMUNICATION,TRANSFORM,LEAF,1,0
msTeamsCreateChannel1,38,MsTeams,COMMUNICATION,OUTPUT,LEAF,1,0
msTeamsCreateTeam1,38,MsTeams,COMMUNICATION,OUTPUT,LEAF,1,0
msTeamsDeleteChannel1,38,MsTeams,COMMUNICATION,TRANSFORM,LEAF,1,0
msTeamsDeleteTeam1,38,MsTeams,COMMUNICATION,TRANSFORM,LEAF,1,0
msTeamsEndConversation1,38,MsTeams,COMMUNICATION,OUTPUT,LEAF,1,0
msTeamsRemoveFromTeam1,38,MsTeams,COMMUNICATION,TRANSFORM,LEAF,1,0
msTeamsSendMessage2,38,MsTeams,COMMUNICATION,OUTPUT,LEAF,1,0
msTeamsSendMessage4,38,MsTeams,COMMUNICATION,OUTPUT,LEAF,1,0
msTeamsSendMessage5,38,MsTeams,COMMUNICATION,OUTPUT,LEAF,1,0
msTeamsSendMessage6,38,MsTeams,COMMUNICATION,OUTPUT,LEAF,1,0
msTeamsSendMessage7,38,MsTeams,COMMUNICATION,OUTPUT,LEAF,1,0
msTeamsSendMessage9,38,MsTeams,COMMUNICATION,OUTPUT,LEAF,1,0
msTeamsStartConversation1,38,MsTeams,COMMUNICATION,TRANSFORM,LEAF,1,0
msToken,NULL,INTERNAL,INTERNAL,TRANSFORM,LEAF,1,0
memoryTableUnionDCO,NULL,INTERNAL,INTERNAL,TRANSFORM,LEAF,1,0
memoryTableUnionPEOS,NULL,INTERNAL,INTERNAL,TRANSFORM,LEAF,1,0
memoryTableUnionSRES,NULL,INTERNAL,INTERNAL,TRANSFORM,LEAF,1,0
MemTableNetServers,NULL,INTERNAL,INTERNAL,TRANSFORM,LEAF,1,0
MemTableVcenterServers,NULL,INTERNAL,INTERNAL,TRANSFORM,LEAF,1,0
merge_unique_alert_keys,NULL,INTERNAL,INTERNAL,TRANSFORM,LEAF,1,0
mergeLdapUserDataToOrig,NULL,INTERNAL,INTERNAL,TRANSFORM,LEAF,1,0
mergeTables,NULL,INTERNAL,INTERNAL,INPUT,LEAF,1,0
mfsmaxAddComment2,NULL,INTERNAL,INTERNAL,TRANSFORM,LEAF,1,0
mfsmaxAddComment4,NULL,INTERNAL,INTERNAL,TRANSFORM,LEAF,1,0
mfsmaxGetTicket1,NULL,INTERNAL,INTERNAL,INPUT,LEAF,1,0
mfsmaxUpdateTicket1,NULL,INTERNAL,INTERNAL,OUTPUT,LEAF,1,0
mfsmaxUpdateTicket4,NULL,INTERNAL,INTERNAL,OUTPUT,LEAF,1,0
mfsTicketDesc,NULL,INTERNAL,INTERNAL,TRANSFORM,LEAF,1,0
mfsTicketNumber,NULL,INTERNAL,INTERNAL,TRANSFORM,LEAF,1,0
mfsTicketStatus,NULL,INTERNAL,INTERNAL,TRANSFORM,LEAF,1,0
mfsTicketSummary,NULL,INTERNAL,INTERNAL,TRANSFORM,LEAF,1,0
microfocusTicketInfo,NULL,INTERNAL,INTERNAL,TRANSFORM,LEAF,1,0
module_count,NULL,INTERNAL,INTERNAL,TRANSFORM,LEAF,1,0
module_html_table,NULL,INTERNAL,INTERNAL,TRANSFORM,LEAF,1,0
module_status_count,NULL,INTERNAL,INTERNAL,TRANSFORM,LEAF,1,0
ModuleHostPort,NULL,INTERNAL,INTERNAL,TRANSFORM,LEAF,1,0
moduleInfo,NULL,INTERNAL,INTERNAL,TRANSFORM,LEAF,1,0
moduleInfoJSON,NULL,INTERNAL,INTERNAL,TRANSFORM,LEAF,1,0
ModuleInstallFailedLogs,NULL,INTERNAL,INTERNAL,TRANSFORM,LEAF,1,0
ModuleInstallLogs,NULL,INTERNAL,INTERNAL,TRANSFORM,LEAF,1,0
ModuleInstanceName,NULL,INTERNAL,INTERNAL,TRANSFORM,LEAF,1,0
ModuleKey,NULL,INTERNAL,INTERNAL,TRANSFORM,LEAF,1,0
ModuleName,NULL,INTERNAL,INTERNAL,TRANSFORM,LEAF,1,0
ModuleNotInstallLogs,NULL,INTERNAL,INTERNAL,TRANSFORM,LEAF,1,0
moduleServerList,NULL,INTERNAL,INTERNAL,TRANSFORM,LEAF,1,0
modulesHtml,NULL,INTERNAL,INTERNAL,TRANSFORM,LEAF,1,0
ModulesInstances_count,NULL,INTERNAL,INTERNAL,TRANSFORM,LEAF,1,0
MonthlySchedule,NULL,INTERNAL,INTERNAL,TRANSFORM,LEAF,1,0
monthlyWfExecutions,NULL,INTERNAL,INTERNAL,TRANSFORM,LEAF,1,0
ifElseBranchActivity81,NULL,INTERNAL,INTERNAL,DECISION,CONTAINER,1,0
ifElseBranchActivity82,NULL,INTERNAL,INTERNAL,DECISION,CONTAINER,1,0
ifElseBranchActivity83,NULL,INTERNAL,INTERNAL,DECISION,CONTAINER,1,0
ifElseBranchActivity88,NULL,INTERNAL,INTERNAL,DECISION,CONTAINER,1,0
ifElseBranchActivity89,NULL,INTERNAL,INTERNAL,DECISION,CONTAINER,1,0
IISLogsOnHqpurstoprd03,NULL,INTERNAL,INTERNAL,TRANSFORM,LEAF,1,0
IISNeeded,NULL,INTERNAL,INTERNAL,TRANSFORM,LEAF,1,0
iisRequired,NULL,INTERNAL,INTERNAL,TRANSFORM,LEAF,1,0
ifElseBranchActivity90,NULL,INTERNAL,INTERNAL,DECISION,CONTAINER,1,0
ifElseBranchActivity93,NULL,INTERNAL,INTERNAL,DECISION,CONTAINER,1,0
ifElseBranchActivity94,NULL,INTERNAL,INTERNAL,DECISION,CONTAINER,1,0
ifElseBranchActivity95,NULL,INTERNAL,INTERNAL,DECISION,CONTAINER,1,0
ifElseBranchActivity96,NULL,INTERNAL,INTERNAL,DECISION,CONTAINER,1,0
ifElseBranchActivity97,NULL,INTERNAL,INTERNAL,DECISION,CONTAINER,1,0
ifElseBranchActivity99,NULL,INTERNAL,INTERNAL,DECISION,CONTAINER,1,0
ifElseNetworkFolderFailure,NULL,INTERNAL,INTERNAL,DECISION,CONTAINER,1,0
ifElseNetworkFolderSuccess,NULL,INTERNAL,INTERNAL,DECISION,CONTAINER,1,0
ifLunsExist,NULL,INTERNAL,INTERNAL,TRANSFORM,LEAF,1,0
ifLunsExistInVolume,NULL,INTERNAL,INTERNAL,TRANSFORM,LEAF,1,0
ifNoLuns,NULL,INTERNAL,INTERNAL,TRANSFORM,LEAF,1,0
ifNoLunsExistInList,NULL,INTERNAL,INTERNAL,TRANSFORM,LEAF,1,0
ifNoPeer,NULL,INTERNAL,INTERNAL,TRANSFORM,LEAF,1,0
ifNotIdFound,NULL,INTERNAL,INTERNAL,TRANSFORM,LEAF,1,0
ifPeerExists,NULL,INTERNAL,INTERNAL,TRANSFORM,LEAF,1,0
iisInfoError,NULL,INTERNAL,INTERNAL,TRANSFORM,LEAF,1,0
iisListSites1,NULL,INTERNAL,INTERNAL,TRANSFORM,LEAF,1,0
iisSiteListCount,NULL,INTERNAL,INTERNAL,TRANSFORM,LEAF,1,0
iisStart1,NULL,INTERNAL,INTERNAL,TRANSFORM,LEAF,1,0
iisStop1,NULL,INTERNAL,INTERNAL,TRANSFORM,LEAF,1,0
imagesFolderCount,NULL,INTERNAL,INTERNAL,TRANSFORM,LEAF,1,0
ImportDevice,NULL,INTERNAL,INTERNAL,TRANSFORM,LEAF,1,0
inAD,NULL,INTERNAL,INTERNAL,TRANSFORM,LEAF,1,0
inADerror,NULL,INTERNAL,INTERNAL,TRANSFORM,LEAF,1,0
inc_BETTY_before_after_cut_DISABLED,NULL,INTERNAL,INTERNAL,TRANSFORM,LEAF,1,0
inc_BETTY_before_after_cut_v1,NULL,INTERNAL,INTERNAL,TRANSFORM,LEAF,1,0
INC_childVariables,NULL,INTERNAL,INTERNAL,TRANSFORM,LEAF,1,0
inc_Collecting_all_Dying_Gasps,NULL,INTERNAL,INTERNAL,TRANSFORM,LEAF,1,0
inc_Comparing_Dying_Gasps,NULL,INTERNAL,INTERNAL,TRANSFORM,LEAF,1,0
inc_CRL_GRD_PO_SPLITTER_origin_ref,NULL,INTERNAL,INTERNAL,TRANSFORM,LEAF,1,0
inc_CRL_GRD_PO_SPLITTER_origin_ref_DEBUG,NULL,INTERNAL,INTERNAL,TRANSFORM,LEAF,1,0
inc_DATA_QUALITY_acceptable,NULL,INTERNAL,INTERNAL,TRANSFORM,LEAF,1,0
inc_DATA_QUALITY_issue,NULL,INTERNAL,INTERNAL,TRANSFORM,LEAF,1,0
inc_DATA_QUALITY_issue_UTAC,NULL,INTERNAL,INTERNAL,TRANSFORM,LEAF,1,0
inc_DATA_QUALITY_no_issue_1,NULL,INTERNAL,INTERNAL,TRANSFORM,LEAF,1,0
inc_DEBUG_AutoTTActTime,NULL,INTERNAL,INTERNAL,TRANSFORM,LEAF,1,0
inc_DYING_GASPS_2_or_more,NULL,INTERNAL,INTERNAL,TRANSFORM,LEAF,1,0
inc_DYING_GASPS_less_than_2,NULL,INTERNAL,INTERNAL,TRANSFORM,LEAF,1,0
inc_DYING_GASPS_none_on_ISAM,NULL,INTERNAL,INTERNAL,TRANSFORM,LEAF,1,0
inc_DYING_GASPS_notEnough,NULL,INTERNAL,INTERNAL,TRANSFORM,LEAF,1,0
inc_FalsePositive,NULL,INTERNAL,INTERNAL,TRANSFORM,LEAF,1,0
inc_GPON_Customers,NULL,INTERNAL,INTERNAL,TRANSFORM,LEAF,1,0
inc_ISAM_not_found_in_CRL,NULL,INTERNAL,INTERNAL,TRANSFORM,LEAF,1,0
inc_ISAM_ssh_issue,NULL,INTERNAL,INTERNAL,TRANSFORM,LEAF,1,0
inc_ISAM_time_vs_Brussels_time_delta,NULL,INTERNAL,INTERNAL,TRANSFORM,LEAF,1,0
inc_JV,NULL,INTERNAL,INTERNAL,TRANSFORM,LEAF,1,0
inc_no_XPON,NULL,INTERNAL,INTERNAL,TRANSFORM,LEAF,1,0
inc_OFP_Splitter,NULL,INTERNAL,INTERNAL,TRANSFORM,LEAF,1,0
inc_OLT_ISAM,NULL,INTERNAL,INTERNAL,TRANSFORM,LEAF,1,0
inc_OLT_ISAM_not_found_in_CRL,NULL,INTERNAL,INTERNAL,TRANSFORM,LEAF,1,0
inc_PON_LOSS_confirmed,NULL,INTERNAL,INTERNAL,TRANSFORM,LEAF,1,0
inc_PON_LOSS_not_confirmed,NULL,INTERNAL,INTERNAL,TRANSFORM,LEAF,1,0
inc_Power_GRD,NULL,INTERNAL,INTERNAL,TRANSFORM,LEAF,1,0
inc_software_mngt_version_OK,NULL,INTERNAL,INTERNAL,TRANSFORM,LEAF,1,0
inc_Splitter_distance,NULL,INTERNAL,INTERNAL,TRANSFORM,LEAF,1,0
inc_ssh_ConnectionError_command_not_executed,NULL,INTERNAL,INTERNAL,TRANSFORM,LEAF,1,0
inc_ssh_ConnectionError_command_not_executed_SSH2,NULL,INTERNAL,INTERNAL,TRANSFORM,LEAF,1,0
inc_ssh_ConnectionError_ELSE,NULL,INTERNAL,INTERNAL,TRANSFORM,LEAF,1,0
inc_ssh_ConnectionError_ELSE_SSH2,NULL,INTERNAL,INTERNAL,TRANSFORM,LEAF,1,0
inc_ssh_ConnectionError_result_is_unknown,NULL,INTERNAL,INTERNAL,TRANSFORM,LEAF,1,0
inc_ssh_ConnectionError_result_is_unknown_SSH2,NULL,INTERNAL,INTERNAL,TRANSFORM,LEAF,1,0
inc_txt_inc_software_mngt_version_NOT_OK,NULL,INTERNAL,INTERNAL,TRANSFORM,LEAF,1,0
inc_XPON_LOSS_confirmed,NULL,INTERNAL,INTERNAL,TRANSFORM,LEAF,1,0
inc_XPON_LOSS_not_confirmed,NULL,INTERNAL,INTERNAL,TRANSFORM,LEAF,1,0
incidentCount,NULL,INTERNAL,INTERNAL,TRANSFORM,LEAF,1,0
incidentCounter1,NULL,INTERNAL,INTERNAL,TRANSFORM,LEAF,1,0
incidentHistoryReport1,NULL,INTERNAL,INTERNAL,TRANSFORM,LEAF,1,0
incidentNumber,NULL,INTERNAL,INTERNAL,TRANSFORM,LEAF,1,0
incidentNumberOfInstances1,NULL,INTERNAL,INTERNAL,TRANSFORM,LEAF,1,0
incidentOccurrences1,NULL,INTERNAL,INTERNAL,TRANSFORM,LEAF,1,0
initStatusFlag,NULL,INTERNAL,INTERNAL,TRANSFORM,LEAF,1,0
initStatusVars,NULL,INTERNAL,INTERNAL,TRANSFORM,LEAF,1,0
initStep,NULL,INTERNAL,INTERNAL,TRANSFORM,LEAF,1,0
initTaskLoopCounter,NULL,INTERNAL,INTERNAL,TRANSFORM,LEAF,1,0
initTemplate,NULL,INTERNAL,INTERNAL,TRANSFORM,LEAF,1,0
initTempList,NULL,INTERNAL,INTERNAL,TRANSFORM,LEAF,1,0
initTESTdataRowCount,NULL,INTERNAL,INTERNAL,TRANSFORM,LEAF,1,0
initTicketResultsRowCounter,NULL,INTERNAL,INTERNAL,TRANSFORM,LEAF,1,0
initTokenCounter,NULL,INTERNAL,INTERNAL,TRANSFORM,LEAF,1,0
initNumOfDays,NULL,INTERNAL,INTERNAL,TRANSFORM,LEAF,1,0
initOutputList,NULL,INTERNAL,INTERNAL,TRANSFORM,LEAF,1,0
initVmBuiltUrl,NULL,INTERNAL,INTERNAL,TRANSFORM,LEAF,1,0
initUserOffset,NULL,INTERNAL,INTERNAL,TRANSFORM,LEAF,1,0
InsertData,NULL,INTERNAL,INTERNAL,TRANSFORM,LEAF,1,0
insertDataIntoDbTable,NULL,INTERNAL,INTERNAL,TRANSFORM,LEAF,1,0
insertDiagramRow,NULL,INTERNAL,INTERNAL,TRANSFORM,LEAF,1,0
insertError,NULL,INTERNAL,INTERNAL,TRANSFORM,LEAF,1,0
InsertIntoDB,NULL,INTERNAL,INTERNAL,TRANSFORM,LEAF,1,0
initWorkflowCounter,NULL,INTERNAL,INTERNAL,TRANSFORM,LEAF,1,0
initXmlData,NULL,INTERNAL,INTERNAL,TRANSFORM,LEAF,1,0
inputFileSize,NULL,INTERNAL,INTERNAL,TRANSFORM,LEAF,1,0
inputFolderList,NULL,INTERNAL,INTERNAL,TRANSFORM,LEAF,1,0
inputFolderListCount,NULL,INTERNAL,INTERNAL,TRANSFORM,LEAF,1,0
inputString,NULL,INTERNAL,INTERNAL,TRANSFORM,LEAF,1,0
insert_dat_to_db,NULL,INTERNAL,INTERNAL,TRANSFORM,LEAF,1,0
incomingValueLength,NULL,INTERNAL,INTERNAL,TRANSFORM,LEAF,1,0
incremenActivitytInstanceCount,NULL,INTERNAL,INTERNAL,TRANSFORM,LEAF,1,0
increment_Step1,NULL,INTERNAL,INTERNAL,TRANSFORM,LEAF,1,0
increment_Step5,NULL,INTERNAL,INTERNAL,TRANSFORM,LEAF,1,0
iisSiteCount,NULL,INTERNAL,INTERNAL,TRANSFORM,LEAF,1,0
initContractorSourceAddress,NULL,INTERNAL,INTERNAL,TRANSFORM,LEAF,1,0
initCorrigoStatusFlag,NULL,INTERNAL,INTERNAL,TRANSFORM,LEAF,1,0
initCounter,NULL,INTERNAL,INTERNAL,TRANSFORM,LEAF,1,0
incrementStepUCC,NULL,INTERNAL,INTERNAL,TRANSFORM,LEAF,1,0
inFile,NULL,INTERNAL,INTERNAL,TRANSFORM,LEAF,1,0
infraServerList,NULL,INTERNAL,INTERNAL,TRANSFORM,LEAF,1,0
initHostVar,NULL,INTERNAL,INTERNAL,TRANSFORM,LEAF,1,0
InitializeDriveSize,NULL,INTERNAL,INTERNAL,TRANSFORM,LEAF,1,0
initIssuesData,NULL,INTERNAL,INTERNAL,TRANSFORM,LEAF,1,0
initIssuesUrl,NULL,INTERNAL,INTERNAL,TRANSFORM,LEAF,1,0
initJsonStruct,NULL,INTERNAL,INTERNAL,TRANSFORM,LEAF,1,0
initEmailData,NULL,INTERNAL,INTERNAL,TRANSFORM,LEAF,1,0
initFoundHeader,NULL,INTERNAL,INTERNAL,TRANSFORM,LEAF,1,0
initFsRecordModifyTime,NULL,INTERNAL,INTERNAL,TRANSFORM,LEAF,1,0
initPageCounter,NULL,INTERNAL,INTERNAL,TRANSFORM,LEAF,1,0
initRoleString,NULL,INTERNAL,INTERNAL,TRANSFORM,LEAF,1,0
initServer,NULL,INTERNAL,INTERNAL,TRANSFORM,LEAF,1,0
initSqlUpdateStatement,NULL,INTERNAL,INTERNAL,OUTPUT,LEAF,1,0
initMyString,NULL,INTERNAL,INTERNAL,TRANSFORM,LEAF,1,0
initMyVar,NULL,INTERNAL,INTERNAL,TRANSFORM,LEAF,1,0
initApacheCtl,NULL,INTERNAL,INTERNAL,TRANSFORM,LEAF,1,0
initBranchFlag,NULL,INTERNAL,INTERNAL,TRANSFORM,LEAF,1,0
httpReq,NULL,INTERNAL,INTERNAL,TRANSFORM,LEAF,1,0
httpRequest2,NULL,INTERNAL,INTERNAL,TRANSFORM,LEAF,1,0
httpRequestSnInfo,NULL,INTERNAL,INTERNAL,TRANSFORM,LEAF,1,0
IDHostErrorOut,NULL,INTERNAL,INTERNAL,TRANSFORM,LEAF,1,0
IDHostSuccessOut,NULL,INTERNAL,INTERNAL,TRANSFORM,LEAF,1,0
IDHsuccess,NULL,INTERNAL,INTERNAL,TRANSFORM,LEAF,1,0
ifAvailableIdFound,NULL,INTERNAL,INTERNAL,TRANSFORM,LEAF,1,0
ifElseActivity_HostType,NULL,INTERNAL,INTERNAL,DECISION,CONTAINER,1,0
ifElseActivity_IsEmergency,NULL,INTERNAL,INTERNAL,DECISION,CONTAINER,1,0
ifElseActivity_IsHyperVRestart_Succesful,NULL,INTERNAL,INTERNAL,DECISION,CONTAINER,1,0
ifElseActivity_IsItEmergencyReboot,NULL,INTERNAL,INTERNAL,DECISION,CONTAINER,1,0
ifElseActivity_IsScheduled,NULL,INTERNAL,INTERNAL,DECISION,CONTAINER,1,0
ifElseActivity_Ping_ServerNameAgain,NULL,INTERNAL,INTERNAL,DECISION,CONTAINER,1,0
ifElseActivity_PingServerName,NULL,INTERNAL,INTERNAL,DECISION,CONTAINER,1,0
ifElseActivity_RecurringRestartSchedule,NULL,INTERNAL,INTERNAL,DECISION,CONTAINER,1,0
ifElseActivity_RecurringRestartSchedule2,NULL,INTERNAL,INTERNAL,DECISION,CONTAINER,1,0
ifElseActivity_ServerRestart_Successful,NULL,INTERNAL,INTERNAL,DECISION,CONTAINER,1,0
ifElseActivity_Trigger,NULL,INTERNAL,INTERNAL,DECISION,CONTAINER,1,0
ifElseActivity45,NULL,INTERNAL,INTERNAL,DECISION,CONTAINER,1,0
ifElseActivity48,NULL,INTERNAL,INTERNAL,DECISION,CONTAINER,1,0
ifElseActivity49,NULL,INTERNAL,INTERNAL,DECISION,CONTAINER,1,0
ifElseActivity43,NULL,INTERNAL,INTERNAL,DECISION,CONTAINER,1,0
ifElseBranchActivity100,NULL,INTERNAL,INTERNAL,DECISION,CONTAINER,1,0
ifElseBranchActivity101,NULL,INTERNAL,INTERNAL,DECISION,CONTAINER,1,0
ifElseBranchActivity102,NULL,INTERNAL,INTERNAL,DECISION,CONTAINER,1,0
ifElseBranchActivity103,NULL,INTERNAL,INTERNAL,DECISION,CONTAINER,1,0
ifElseBranchActivity104,NULL,INTERNAL,INTERNAL,DECISION,CONTAINER,1,0
ifElseBranchActivity106,NULL,INTERNAL,INTERNAL,DECISION,CONTAINER,1,0
ifElseBranchActivity107,NULL,INTERNAL,INTERNAL,DECISION,CONTAINER,1,0
ifElseBranchActivity109,NULL,INTERNAL,INTERNAL,DECISION,CONTAINER,1,0
ifElseActivity33,NULL,INTERNAL,INTERNAL,DECISION,CONTAINER,1,0
ifElseActivity36,NULL,INTERNAL,INTERNAL,DECISION,CONTAINER,1,0
ifElseActivity37,NULL,INTERNAL,INTERNAL,DECISION,CONTAINER,1,0
ifElseBranchActivity77,NULL,INTERNAL,INTERNAL,DECISION,CONTAINER,1,0
ifElseBranchActivity78,NULL,INTERNAL,INTERNAL,DECISION,CONTAINER,1,0
ifElseBranchActivity79,NULL,INTERNAL,INTERNAL,DECISION,CONTAINER,1,0
ifElseBranchActivity110,NULL,INTERNAL,INTERNAL,DECISION,CONTAINER,1,0
ifElseBranchActivity115,NULL,INTERNAL,INTERNAL,DECISION,CONTAINER,1,0
ifElseBranchActivity116,NULL,INTERNAL,INTERNAL,DECISION,CONTAINER,1,0
ifElseBranchActivity117,NULL,INTERNAL,INTERNAL,DECISION,CONTAINER,1,0
ifElseBranchActivity118,NULL,INTERNAL,INTERNAL,DECISION,CONTAINER,1,0
ifElseActivity51,NULL,INTERNAL,INTERNAL,DECISION,CONTAINER,1,0
ifElseActivity52,NULL,INTERNAL,INTERNAL,DECISION,CONTAINER,1,0
ifElseBranchActivity121,NULL,INTERNAL,INTERNAL,DECISION,CONTAINER,1,0
ifElseBranchActivity122,NULL,INTERNAL,INTERNAL,DECISION,CONTAINER,1,0
ifElseBranchActivity123,NULL,INTERNAL,INTERNAL,DECISION,CONTAINER,1,0
ifElseBranchActivity124,NULL,INTERNAL,INTERNAL,DECISION,CONTAINER,1,0
ifElseBranchActivity125,NULL,INTERNAL,INTERNAL,DECISION,CONTAINER,1,0
ifElseBranchActivity126,NULL,INTERNAL,INTERNAL,DECISION,CONTAINER,1,0
getWorkflowInfo,NULL,INTERNAL,INTERNAL,INPUT,LEAF,1,0
getWorkFlowNames,NULL,INTERNAL,INTERNAL,INPUT,LEAF,1,0
getWorkflowStatistics,NULL,INTERNAL,INTERNAL,INPUT,LEAF,1,0
getWorkflowTagInfo,NULL,INTERNAL,INTERNAL,INPUT,LEAF,1,0
getWorkflowIDs,NULL,INTERNAL,INTERNAL,INPUT,LEAF,1,0
getWoRow,NULL,INTERNAL,INTERNAL,INPUT,LEAF,1,0
getWorkflowActivities,NULL,INTERNAL,INTERNAL,INPUT,LEAF,1,0
getWorkflowActivitiesCount,NULL,INTERNAL,INTERNAL,INPUT,LEAF,1,0
getWorkflowActivitiesJSON,NULL,INTERNAL,INTERNAL,INPUT,LEAF,1,0
getWorkflowDesignerByIdHttp,NULL,INTERNAL,INTERNAL,INPUT,LEAF,1,0
getWorkflowDesignerByIdTable,NULL,INTERNAL,INTERNAL,INPUT,LEAF,1,0
getWorkerCount,NULL,INTERNAL,INTERNAL,INPUT,LEAF,1,0
getWindowEventLogs2,NULL,INTERNAL,INTERNAL,INPUT,LEAF,1,0
goodPing,NULL,INTERNAL,INTERNAL,TRANSFORM,LEAF,1,0
googleProcs,NULL,INTERNAL,INTERNAL,TRANSFORM,LEAF,1,0
goTo_Check_SystemUptime,NULL,INTERNAL,INTERNAL,TRANSFORM,LEAF,1,0
goTo_Get_VMInfo,NULL,INTERNAL,INTERNAL,INPUT,LEAF,1,0
goTo_Is_Priority_1,NULL,INTERNAL,INTERNAL,TRANSFORM,LEAF,1,0
GoTo_PingServerName,NULL,INTERNAL,INTERNAL,TRANSFORM,LEAF,1,0
goTo_ReassignTask,NULL,INTERNAL,INTERNAL,TRANSFORM,LEAF,1,0
goToAccountsTable,NULL,INTERNAL,INTERNAL,TRANSFORM,LEAF,1,0
goToBeginRun,NULL,INTERNAL,INTERNAL,TRANSFORM,LEAF,1,0
goTo1_ReassignTask,NULL,INTERNAL,INTERNAL,TRANSFORM,LEAF,1,0
goTo1_VMPowerState1,NULL,INTERNAL,INTERNAL,TRANSFORM,LEAF,1,0
globalCount,NULL,INTERNAL,INTERNAL,TRANSFORM,LEAF,1,0
getVMwareTemplate,NULL,INTERNAL,INTERNAL,INPUT,LEAF,1,0
getVolumeName,NULL,INTERNAL,INTERNAL,INPUT,LEAF,1,0
getVserver,NULL,INTERNAL,INTERNAL,INPUT,LEAF,1,0
getWebsiteCertificateDetails1,NULL,INTERNAL,INTERNAL,INPUT,LEAF,1,0
getWeeklyInfo,NULL,INTERNAL,INTERNAL,INPUT,LEAF,1,0
getVarsFromSubWf,NULL,INTERNAL,INTERNAL,INPUT,LEAF,1,0
GetVendor,NULL,INTERNAL,INTERNAL,INPUT,LEAF,1,0
GetVersion,NULL,INTERNAL,INTERNAL,INPUT,LEAF,1,0
getVMName,NULL,INTERNAL,INTERNAL,INPUT,LEAF,1,0
getUpdateResults,NULL,INTERNAL,INTERNAL,INPUT,LEAF,1,0
getUserAdGroups,NULL,INTERNAL,INTERNAL,INPUT,LEAF,1,0
getUserBinPython,NULL,INTERNAL,INTERNAL,INPUT,LEAF,1,0
getUserColumnCount,NULL,INTERNAL,INTERNAL,INPUT,LEAF,1,0
GetUserEmail1,NULL,INTERNAL,INTERNAL,INPUT,LEAF,1,0
GetUserEmail2,NULL,INTERNAL,INTERNAL,INPUT,LEAF,1,0
getUserFandLName,NULL,INTERNAL,INTERNAL,INPUT,LEAF,1,0
getUserGroupRoles,NULL,INTERNAL,INTERNAL,INPUT,LEAF,1,0
GetUserIDCount,NULL,INTERNAL,INTERNAL,INPUT,LEAF,1,0
GetUserMobile,NULL,INTERNAL,INTERNAL,INPUT,LEAF,1,0
GetUserName,NULL,INTERNAL,INTERNAL,INPUT,LEAF,1,0
getUserOptionsTable,NULL,INTERNAL,INTERNAL,INPUT,LEAF,1,0
getUserProps,NULL,INTERNAL,INTERNAL,INPUT,LEAF,1,0
getUserQuery,NULL,INTERNAL,INTERNAL,INPUT,LEAF,1,0
getUserRows,NULL,INTERNAL,INTERNAL,INPUT,LEAF,1,0
GetSySName,NULL,INTERNAL,INTERNAL,INPUT,LEAF,1,0
getTableRowNumberByString1,NULL,INTERNAL,INTERNAL,INPUT,LEAF,1,0
getTableRows,NULL,INTERNAL,INTERNAL,INPUT,LEAF,1,0
getTableRowsByRange1,NULL,INTERNAL,INTERNAL,INPUT,LEAF,1,0
getStartedStatus,NULL,INTERNAL,INTERNAL,INPUT,LEAF,1,0
getServicesList1,NULL,INTERNAL,INTERNAL,INPUT,LEAF,1,0
getServiceList,NULL,INTERNAL,INTERNAL,INPUT,LEAF,1,0
getStatusCode,NULL,INTERNAL,INTERNAL,INPUT,LEAF,1,0
getStatusFilter,NULL,INTERNAL,INTERNAL,INPUT,LEAF,1,0
GetStatusNetMaster,NULL,INTERNAL,INTERNAL,INPUT,LEAF,1,0
getTicketInfo,22,INTERNAL,OTHER,INPUT,LEAF,1,1
getTicketsworkflow,NULL,INTERNAL,INTERNAL,INPUT,LEAF,1,0
getToolsList,NULL,INTERNAL,INTERNAL,INPUT,LEAF,1,0
getToolsListCount,NULL,INTERNAL,INTERNAL,INPUT,LEAF,1,0
getTriggers,NULL,INTERNAL,INTERNAL,INPUT,LEAF,1,0
getTeamInfo,39,Cherwell,OTHER,INPUT,LEAF,1,0
getTeamInfoLinux,39,Cherwell,OTHER,INPUT,LEAF,1,0
getTeamInfoWindows,39,Cherwell,OTHER,INPUT,LEAF,1,0
getTemplateDeviceProfile,NULL,INTERNAL,INTERNAL,INPUT,LEAF,1,0
GetTemplateHardPhone,NULL,INTERNAL,INTERNAL,INPUT,LEAF,1,0
getTemplateLine,NULL,INTERNAL,INTERNAL,INPUT,LEAF,1,0
getTemplateSoftPhone,NULL,INTERNAL,INTERNAL,INPUT,LEAF,1,0
getTenantCode,NULL,INTERNAL,INTERNAL,INPUT,LEAF,1,0
getSchedulerStats,NULL,INTERNAL,INTERNAL,INPUT,LEAF,1,0
getRowsCount4,NULL,INTERNAL,INTERNAL,INPUT,LEAF,1,0
getRunResults,NULL,INTERNAL,INTERNAL,INPUT,LEAF,1,0
getSCCMDeleteResults,NULL,INTERNAL,INTERNAL,INPUT,LEAF,1,0
getRowNumber,NULL,INTERNAL,INTERNAL,INPUT,LEAF,1,0
getRows2,NULL,INTERNAL,INTERNAL,INPUT,LEAF,1,0
getRowCount,NULL,INTERNAL,INTERNAL,INPUT,LEAF,1,0
getRITMNum,NULL,INTERNAL,INTERNAL,INPUT,LEAF,1,0
getRITMNum2,NULL,INTERNAL,INTERNAL,INPUT,LEAF,1,0
getSettingsData,NULL,INTERNAL,INTERNAL,INPUT,LEAF,1,0
getSizeTotalMB,NULL,INTERNAL,INTERNAL,INPUT,LEAF,1,0
getSizeUsedMB,NULL,INTERNAL,INTERNAL,INPUT,LEAF,1,0
getSnTicketAttachment,22,INTERNAL,OTHER,INPUT,LEAF,1,1
GetSoftPhoneTemplate,NULL,INTERNAL,INTERNAL,INPUT,LEAF,1,0
getSolarwindAlert,28,SolarWinds NPM,OTHER,INPUT,LEAF,1,0
GetSolarWindsNodes_A,13,INTERNAL,OTHER,INPUT,LEAF,1,1
GetSolarWindsNodes_B,13,INTERNAL,OTHER,INPUT,LEAF,1,1
GetSplitRow,NULL,INTERNAL,INTERNAL,INPUT,LEAF,1,0
getServerList,NULL,INTERNAL,INTERNAL,INPUT,LEAF,1,0
getServerListCount,NULL,INTERNAL,INTERNAL,INPUT,LEAF,1,0
getServerMemCpu,NULL,INTERNAL,INTERNAL,INPUT,LEAF,1,0
getServerMemCpuAfterRestart,NULL,INTERNAL,INTERNAL,INPUT,LEAF,1,0
getServerName,NULL,INTERNAL,INTERNAL,INPUT,LEAF,1,0
getServerBuildTask,NULL,INTERNAL,INTERNAL,INPUT,LEAF,1,0
goToChildProcessCounter,NULL,INTERNAL,INTERNAL,TRANSFORM,LEAF,1,0
goTodisplayInstalledSoftware1,NULL,INTERNAL,INTERNAL,TRANSFORM,LEAF,1,0
goTodisplayInstalledSoftware2,NULL,INTERNAL,INTERNAL,TRANSFORM,LEAF,1,0
gotoEventsCounter,NULL,INTERNAL,INTERNAL,TRANSFORM,LEAF,1,0
gotoExt,NULL,INTERNAL,INTERNAL,TRANSFORM,LEAF,1,0
goToIterationDone2,NULL,INTERNAL,INTERNAL,TRANSFORM,LEAF,1,0
goToIterationDone3,NULL,INTERNAL,INTERNAL,TRANSFORM,LEAF,1,0
goTolengthPreviousRenewalDate,NULL,INTERNAL,INTERNAL,TRANSFORM,LEAF,1,0
goTolengthServerNotes,NULL,INTERNAL,INTERNAL,TRANSFORM,LEAF,1,0
goToLoopBottom,NULL,INTERNAL,INTERNAL,TRANSFORM,LEAF,1,0
gotoMain,NULL,INTERNAL,INTERNAL,TRANSFORM,LEAF,1,0
goToMoveToNextRow,NULL,INTERNAL,INTERNAL,TRANSFORM,LEAF,1,0
goTomovingToSdt,NULL,INTERNAL,INTERNAL,TRANSFORM,LEAF,1,0
goTonetbackupConclusion,NULL,INTERNAL,INTERNAL,TRANSFORM,LEAF,1,0
goToNetJobsTableJSON,NULL,INTERNAL,INTERNAL,TRANSFORM,LEAF,1,0
goToNextIteration,NULL,INTERNAL,INTERNAL,TRANSFORM,LEAF,1,0
goToNextManager,NULL,INTERNAL,INTERNAL,TRANSFORM,LEAF,1,0
goToNextManagerFromNoAd,NULL,INTERNAL,INTERNAL,TRANSFORM,LEAF,1,0
goToCheckTotalRevenue,NULL,INTERNAL,INTERNAL,TRANSFORM,LEAF,1,0
GoToCheckUserAuth,NULL,INTERNAL,INTERNAL,TRANSFORM,LEAF,1,0
GoToCheckWinRMAfterUpdate,NULL,INTERNAL,INTERNAL,OUTPUT,LEAF,1,0
goToCheckWinRMIsUp,NULL,INTERNAL,INTERNAL,TRANSFORM,LEAF,1,0
goToCloseCaseAfterSuccessfulStart,NULL,INTERNAL,INTERNAL,TRANSFORM,LEAF,1,0
goTocolNameEnd,NULL,INTERNAL,INTERNAL,TRANSFORM,LEAF,1,0
goToConclusion1,NULL,INTERNAL,INTERNAL,TRANSFORM,LEAF,1,0
goToConclusion3,NULL,INTERNAL,INTERNAL,TRANSFORM,LEAF,1,0
gotoConfirmInstall,NULL,INTERNAL,INTERNAL,TRANSFORM,LEAF,1,0
goToBuildEvidenceComUserUrl,NULL,INTERNAL,INTERNAL,TRANSFORM,LEAF,1,0
GoToCheckAuthAfterUpdate,NULL,INTERNAL,INTERNAL,OUTPUT,LEAF,1,0
goToCheckChildProcs,NULL,INTERNAL,INTERNAL,TRANSFORM,LEAF,1,0
GoToCheckSecurityUpdates,NULL,INTERNAL,INTERNAL,OUTPUT,LEAF,1,0
goTocheckFailedInstalls,NULL,INTERNAL,INTERNAL,TRANSFORM,LEAF,1,0
groupQueryCount,NULL,INTERNAL,INTERNAL,INPUT,LEAF,1,0
GUIDEDREPAIR,NULL,INTERNAL,INTERNAL,TRANSFORM,LEAF,1,0
HardPhoneConfig,NULL,INTERNAL,INTERNAL,TRANSFORM,LEAF,1,0
groupUserMembership,NULL,INTERNAL,INTERNAL,TRANSFORM,LEAF,1,0
GRD_PO_Splitter_outages,NULL,INTERNAL,INTERNAL,TRANSFORM,LEAF,1,0
GRD_PW_Splitter_Open,NULL,INTERNAL,INTERNAL,TRANSFORM,LEAF,1,0
GRD_PW_Splitter_Open_matching_dates,NULL,INTERNAL,INTERNAL,TRANSFORM,LEAF,1,0
GRD_PW_Splitter_outages_origin_ref,NULL,INTERNAL,INTERNAL,TRANSFORM,LEAF,1,0
GRD_square_radius,NULL,INTERNAL,INTERNAL,TRANSFORM,LEAF,1,0
groupingActivityList,NULL,INTERNAL,INTERNAL,TRANSFORM,LEAF,1,0
groupingTypeActivitiesCount,NULL,INTERNAL,INTERNAL,TRANSFORM,LEAF,1,0
groupListHtml,NULL,INTERNAL,INTERNAL,TRANSFORM,LEAF,1,0
GroupName,NULL,INTERNAL,INTERNAL,TRANSFORM,LEAF,1,0
goToSetUserInfoContext,NULL,INTERNAL,INTERNAL,TRANSFORM,LEAF,1,0
goToStartService,NULL,INTERNAL,INTERNAL,TRANSFORM,LEAF,1,0
goToticketDataRowNum,NULL,INTERNAL,INTERNAL,TRANSFORM,LEAF,1,0
goToTokenNetBackupJSON,NULL,INTERNAL,INTERNAL,TRANSFORM,LEAF,1,0
goToUploadingStartupLogs,NULL,INTERNAL,INTERNAL,TRANSFORM,LEAF,1,0
goToValidationComplete1,NULL,INTERNAL,INTERNAL,TRANSFORM,LEAF,1,0
goToversionsDone,NULL,INTERNAL,INTERNAL,TRANSFORM,LEAF,1,0
goToWait30Seconds,NULL,INTERNAL,INTERNAL,WAIT,LEAF,1,0
goToWaitRunToolWait,NULL,INTERNAL,INTERNAL,WAIT,LEAF,1,0
goToFileComplete,NULL,INTERNAL,INTERNAL,TRANSFORM,LEAF,1,0
goToFinishWf,NULL,INTERNAL,INTERNAL,TRANSFORM,LEAF,1,0
goToformatEffectiveEndDate,NULL,INTERNAL,INTERNAL,TRANSFORM,LEAF,1,0
goToGetEngineStats,NULL,INTERNAL,INTERNAL,INPUT,LEAF,1,0
goTogetStartedStatus,NULL,INTERNAL,INTERNAL,INPUT,LEAF,1,0
goToInitIssuesUrl,NULL,INTERNAL,INTERNAL,TRANSFORM,LEAF,1,0
goTosetIisFlag,NULL,INTERNAL,INTERNAL,TRANSFORM,LEAF,1,0
goToResumeChildCounter,NULL,INTERNAL,INTERNAL,TRANSFORM,LEAF,1,0
hostList,NULL,INTERNAL,INTERNAL,TRANSFORM,LEAF,1,0
hostListHtml,NULL,INTERNAL,INTERNAL,TRANSFORM,LEAF,1,0
HostType,NULL,INTERNAL,INTERNAL,TRANSFORM,LEAF,1,0
HostType_NotVirtual,NULL,INTERNAL,INTERNAL,TRANSFORM,LEAF,1,0
hostVmCount,NULL,INTERNAL,INTERNAL,TRANSFORM,LEAF,1,0
hostVmList,NULL,INTERNAL,INTERNAL,TRANSFORM,LEAF,1,0
Hostype_Virtual,NULL,INTERNAL,INTERNAL,TRANSFORM,LEAF,1,0
hpArcsightDeleteCase1,47,HP Arcsight,OTHER,TRANSFORM,LEAF,1,0
hpArcsightGetCase1,47,HP Arcsight,OTHER,INPUT,LEAF,1,0
hpArcsightGetEvent1,47,HP Arcsight,OTHER,INPUT,LEAF,1,0
hpArcsightUpdateCase1,47,HP Arcsight,OTHER,OUTPUT,LEAF,1,0
hpomAcknowledgeAlert1,48,HP - Operations Manager,OTHER,TRANSFORM,LEAF,1,0
hpomAddAnnotation1,48,HP - Operations Manager,OTHER,TRANSFORM,LEAF,1,0
hpomCreateAlert1,48,HP - Operations Manager,OTHER,OUTPUT,LEAF,1,0
hpomDeleteAnnotation1,48,HP - Operations Manager,OTHER,TRANSFORM,LEAF,1,0
hpomDeleteCustomAttribute1,48,HP - Operations Manager,OTHER,TRANSFORM,LEAF,1,0
hpomDisownAlert1,48,HP - Operations Manager,OTHER,TRANSFORM,LEAF,1,0
hpomGetAlert1,48,HP - Operations Manager,OTHER,INPUT,LEAF,1,0
hpomGetAnnotations1,48,HP - Operations Manager,OTHER,INPUT,LEAF,1,0
hpomOwnAlert1,48,HP - Operations Manager,OTHER,TRANSFORM,LEAF,1,0
hpomSetCustomAttribute1,48,HP - Operations Manager,OTHER,TRANSFORM,LEAF,1,0
hpomUnacknowledgeAlert1,48,HP - Operations Manager,OTHER,TRANSFORM,LEAF,1,0
hpomUpdateAlert1,48,HP - Operations Manager,OTHER,OUTPUT,LEAF,1,0
hpomUpdateAnnotation1,48,HP - Operations Manager,OTHER,OUTPUT,LEAF,1,0
hpsmNewEntry1,49,HP - Service Manager,OTHER,TRANSFORM,LEAF,1,0
hpsmQueryEntry1,49,HP - Service Manager,OTHER,INPUT,LEAF,1,0
hpsmUpdateEntry1,49,HP - Service Manager,OTHER,OUTPUT,LEAF,1,0
HQVSPHERE1,NULL,INTERNAL,INTERNAL,TRANSFORM,LEAF,1,0
hrDefaultEmail,NULL,INTERNAL,INTERNAL,TRANSFORM,LEAF,1,0
hrEmail,NULL,INTERNAL,INTERNAL,TRANSFORM,LEAF,1,0
hrEmailCount,NULL,INTERNAL,INTERNAL,TRANSFORM,LEAF,1,0
HTML,NULL,INTERNAL,INTERNAL,TRANSFORM,LEAF,1,0
html_T_PORT_fully_matching_DyingGasps,NULL,INTERNAL,INTERNAL,TRANSFORM,LEAF,1,0
html_T_XPON_LOSS_RESULTS,NULL,INTERNAL,INTERNAL,TRANSFORM,LEAF,1,0
html_T_XPON_LOSS_RESULTS_0,NULL,INTERNAL,INTERNAL,TRANSFORM,LEAF,1,0
html_unique_alert_keys,NULL,INTERNAL,INTERNAL,TRANSFORM,LEAF,1,0
htmlCounter,NULL,INTERNAL,INTERNAL,TRANSFORM,LEAF,1,0
HTMLServiceStatus,NULL,INTERNAL,INTERNAL,TRANSFORM,LEAF,1,0
htmlTemplateInFile,NULL,INTERNAL,INTERNAL,TRANSFORM,LEAF,1,0
htmlTemplateInput,NULL,INTERNAL,INTERNAL,TRANSFORM,LEAF,1,0
httpAuthTest,NULL,INTERNAL,INTERNAL,TRANSFORM,LEAF,1,0
hyperVRefreshVM1,NULL,INTERNAL,INTERNAL,TRANSFORM,LEAF,1,0
HyperVRestart_Failed,NULL,INTERNAL,INTERNAL,TRANSFORM,LEAF,1,0
HyperVRestart_Succesful,NULL,INTERNAL,INTERNAL,TRANSFORM,LEAF,1,0
hyperVRestart1,NULL,INTERNAL,INTERNAL,TRANSFORM,LEAF,1,0
hyperVStaticMac1,NULL,INTERNAL,INTERNAL,TRANSFORM,LEAF,1,0
HypeVCluster,NULL,INTERNAL,INTERNAL,TRANSFORM,LEAF,1,0
IAMComment,NULL,INTERNAL,INTERNAL,TRANSFORM,LEAF,1,0
IAMIssueType,NULL,INTERNAL,INTERNAL,TRANSFORM,LEAF,1,0
IAMKey,NULL,INTERNAL,INTERNAL,TRANSFORM,LEAF,1,0
IAMStatus,NULL,INTERNAL,INTERNAL,TRANSFORM,LEAF,1,0
IAMSummary,NULL,INTERNAL,INTERNAL,TRANSFORM,LEAF,1,0
IAMUpdated,NULL,INTERNAL,INTERNAL,OUTPUT,LEAF,1,0
ibmtoCreateAlert1,51,IBM - Tivoli/Omnibus,OTHER,OUTPUT,LEAF,1,0
ibmtoGetAlert1,51,IBM - Tivoli/Omnibus,OTHER,INPUT,LEAF,1,0
ibmtoUpdateAlert1,51,IBM - Tivoli/Omnibus,OTHER,OUTPUT,LEAF,1,0
IDHnotes,NULL,INTERNAL,INTERNAL,TRANSFORM,LEAF,1,0
httpUserList,NULL,INTERNAL,INTERNAL,TRANSFORM,LEAF,1,0
hyperVAddDisk1,NULL,INTERNAL,INTERNAL,TRANSFORM,LEAF,1,0
hyperVCalcHostRating1,NULL,INTERNAL,INTERNAL,TRANSFORM,LEAF,1,0
hyperVExpandDiskSize1,NULL,INTERNAL,INTERNAL,TRANSFORM,LEAF,1,0
hyperVImport1,NULL,INTERNAL,INTERNAL,TRANSFORM,LEAF,1,0
hyperVInfo1,NULL,INTERNAL,INTERNAL,TRANSFORM,LEAF,1,0
hyperVList1,NULL,INTERNAL,INTERNAL,TRANSFORM,LEAF,1,0
hyperVModifyMemory1,NULL,INTERNAL,INTERNAL,TRANSFORM,LEAF,1,0
hyperVNew1,NULL,INTERNAL,INTERNAL,TRANSFORM,LEAF,1,0
hyperVPowerOFF1,NULL,INTERNAL,INTERNAL,TRANSFORM,LEAF,1,0
higher_than_120_days,NULL,INTERNAL,INTERNAL,TRANSFORM,LEAF,1,0
Higher_Than_120_Dyas,NULL,INTERNAL,INTERNAL,TRANSFORM,LEAF,1,0
hire_date,NULL,INTERNAL,INTERNAL,TRANSFORM,LEAF,1,0
httpData,NULL,INTERNAL,INTERNAL,TRANSFORM,LEAF,1,0
httpDeviceProfileResult,NULL,INTERNAL,INTERNAL,TRANSFORM,LEAF,1,0
httpError,NULL,INTERNAL,INTERNAL,TRANSFORM,LEAF,1,0
addColumnInfoToUpdate,NULL,INTERNAL,INTERNAL,OUTPUT,LEAF,1,0
addCommaToDataDisks,NULL,INTERNAL,INTERNAL,TRANSFORM,LEAF,1,0
addCommaToPayload,NULL,INTERNAL,INTERNAL,TRANSFORM,LEAF,1,0
addCommaToSpPayload,NULL,INTERNAL,INTERNAL,TRANSFORM,LEAF,1,0
addCommentToSMAX,NULL,INTERNAL,INTERNAL,TRANSFORM,LEAF,1,0
addCommentworkflow,NULL,INTERNAL,INTERNAL,TRANSFORM,LEAF,1,0
addCorrigoCompletionNotetoJira,NULL,INTERNAL,INTERNAL,TRANSFORM,LEAF,1,0
AddDatabaseDriveError,NULL,INTERNAL,INTERNAL,TRANSFORM,LEAF,1,0
AddDatabaseDrives,NULL,INTERNAL,INTERNAL,TRANSFORM,LEAF,1,0
addDataDiskToPayload,NULL,INTERNAL,INTERNAL,TRANSFORM,LEAF,1,0
activityInfoHtml,NULL,INTERNAL,INTERNAL,TRANSFORM,LEAF,1,0
activityInstanceCounter,NULL,INTERNAL,INTERNAL,TRANSFORM,LEAF,1,0
activityList,NULL,INTERNAL,INTERNAL,TRANSFORM,LEAF,1,0
adCopyUser1,NULL,INTERNAL,INTERNAL,TRANSFORM,LEAF,1,0
AcknowledgeNewUser,NULL,INTERNAL,INTERNAL,TRANSFORM,LEAF,1,0
activitiesInfo,NULL,INTERNAL,INTERNAL,TRANSFORM,LEAF,1,0
add_Count_in_keys,NULL,INTERNAL,INTERNAL,TRANSFORM,LEAF,1,0
add_date_in_keys,NULL,INTERNAL,INTERNAL,TRANSFORM,LEAF,1,0
add_extra_pon_row,NULL,INTERNAL,INTERNAL,TRANSFORM,LEAF,1,0
add_extra_row,NULL,INTERNAL,INTERNAL,TRANSFORM,LEAF,1,0
add_key_in_keys,NULL,INTERNAL,INTERNAL,TRANSFORM,LEAF,1,0
add_latest_date,NULL,INTERNAL,INTERNAL,TRANSFORM,LEAF,1,0
Add_New_User,NULL,INTERNAL,INTERNAL,TRANSFORM,LEAF,1,0
add_row_to_table,NULL,INTERNAL,INTERNAL,TRANSFORM,LEAF,1,0
addActivityInstanceRow,NULL,INTERNAL,INTERNAL,TRANSFORM,LEAF,1,0
addActivityListRequestMessage,NULL,INTERNAL,INTERNAL,TRANSFORM,LEAF,1,0
addActivityOrderToXml,NULL,INTERNAL,INTERNAL,TRANSFORM,LEAF,1,0
addAlertToDb,NULL,INTERNAL,INTERNAL,TRANSFORM,LEAF,1,0
addApacheUrl,NULL,INTERNAL,INTERNAL,TRANSFORM,LEAF,1,0
addApprovalColumn,NULL,INTERNAL,INTERNAL,TRANSFORM,LEAF,1,0
addAzureVmsToList,NULL,INTERNAL,INTERNAL,TRANSFORM,LEAF,1,0
accountNameList,NULL,INTERNAL,INTERNAL,TRANSFORM,LEAF,1,0
accountOutputCount,NULL,INTERNAL,INTERNAL,TRANSFORM,LEAF,1,0
abs1,NULL,INTERNAL,INTERNAL,TRANSFORM,LEAF,1,0
AbsoluteTimeDifference,NULL,INTERNAL,INTERNAL,TRANSFORM,LEAF,1,0
accountManager,NULL,INTERNAL,INTERNAL,TRANSFORM,LEAF,1,0
AccountManagerCN,NULL,INTERNAL,INTERNAL,TRANSFORM,LEAF,1,0
AccountManagerCNold,NULL,INTERNAL,INTERNAL,TRANSFORM,LEAF,1,0
accountIdCount,NULL,INTERNAL,INTERNAL,TRANSFORM,LEAF,1,0
accountIdsCount,NULL,INTERNAL,INTERNAL,TRANSFORM,LEAF,1,0
accountCounter,NULL,INTERNAL,INTERNAL,TRANSFORM,LEAF,1,0
accountCountry,NULL,INTERNAL,INTERNAL,TRANSFORM,LEAF,1,0
activityListJsonArray,NULL,INTERNAL,INTERNAL,TRANSFORM,LEAF,1,0
activityListTable,NULL,INTERNAL,INTERNAL,TRANSFORM,LEAF,1,0
activityListTableCount,NULL,INTERNAL,INTERNAL,TRANSFORM,LEAF,1,0
activitySettingsJsonTable,NULL,INTERNAL,INTERNAL,TRANSFORM,LEAF,1,0
activitySubGroupSession,NULL,INTERNAL,INTERNAL,TRANSFORM,LEAF,1,0
activityType,NULL,INTERNAL,INTERNAL,TRANSFORM,LEAF,1,0
activtyname,NULL,INTERNAL,INTERNAL,TRANSFORM,LEAF,1,0
adAccountsCount,NULL,INTERNAL,INTERNAL,TRANSFORM,LEAF,1,0
adAccountsExpiring,NULL,INTERNAL,INTERNAL,TRANSFORM,LEAF,1,0
ADaddMemberToGroup,NULL,INTERNAL,INTERNAL,TRANSFORM,LEAF,1,0
accountStatus,NULL,INTERNAL,INTERNAL,TRANSFORM,LEAF,1,0
accountTableForSpreadsheet,NULL,INTERNAL,INTERNAL,TRANSFORM,LEAF,1,0
accountTableRowLength,NULL,INTERNAL,INTERNAL,TRANSFORM,LEAF,1,0
activityGroups,NULL,INTERNAL,INTERNAL,TRANSFORM,LEAF,1,0
activityInfo,NULL,INTERNAL,INTERNAL,TRANSFORM,LEAF,1,0
addNewGroupingRow,NULL,INTERNAL,INTERNAL,TRANSFORM,LEAF,1,0
addMemoryTableColumn6,NULL,INTERNAL,INTERNAL,TRANSFORM,LEAF,1,0
addMemoryTableRow4,NULL,INTERNAL,INTERNAL,TRANSFORM,LEAF,1,0
addMemoryTableRow5,NULL,INTERNAL,INTERNAL,TRANSFORM,LEAF,1,0
addNameColumn,NULL,INTERNAL,INTERNAL,TRANSFORM,LEAF,1,0
addNewActivityListToGrouping,NULL,INTERNAL,INTERNAL,TRANSFORM,LEAF,1,0
addOutputColumn,NULL,INTERNAL,INTERNAL,TRANSFORM,LEAF,1,0
addPhoneConfigNoUUids,NULL,INTERNAL,INTERNAL,TRANSFORM,LEAF,1,0
addProductColumn,NULL,INTERNAL,INTERNAL,TRANSFORM,LEAF,1,0
addResultsRow,NULL,INTERNAL,INTERNAL,TRANSFORM,LEAF,1,0
addNewRow,NULL,INTERNAL,INTERNAL,TRANSFORM,LEAF,1,0
addNewWorkflowHttp,NULL,INTERNAL,INTERNAL,TRANSFORM,LEAF,1,0
addNewWorkflowTable,NULL,INTERNAL,INTERNAL,TRANSFORM,LEAF,1,0
addRowToLuns,NULL,INTERNAL,INTERNAL,TRANSFORM,LEAF,1,0
AddToGroup,NULL,INTERNAL,INTERNAL,TRANSFORM,LEAF,1,0
addUrlToTable,NULL,INTERNAL,INTERNAL,TRANSFORM,LEAF,1,0
Adduser,NULL,INTERNAL,INTERNAL,TRANSFORM,LEAF,1,0
addSmaxCommenttoJira,NULL,INTERNAL,INTERNAL,TRANSFORM,LEAF,1,0
addSPToPayload,NULL,INTERNAL,INTERNAL,TRANSFORM,LEAF,1,0
addStatusColumn_DISABLED,NULL,INTERNAL,INTERNAL,TRANSFORM,LEAF,1,0
addStatusColumn_ENABLED,NULL,INTERNAL,INTERNAL,TRANSFORM,LEAF,1,0
addSubRow,NULL,INTERNAL,INTERNAL,TRANSFORM,LEAF,1,0
addRowToWfUserTable,NULL,INTERNAL,INTERNAL,TRANSFORM,LEAF,1,0
AddSCSIController,NULL,INTERNAL,INTERNAL,TRANSFORM,LEAF,1,0
AddSCSIControllerError,NULL,INTERNAL,INTERNAL,TRANSFORM,LEAF,1,0
AddSCSIControllers,NULL,INTERNAL,INTERNAL,TRANSFORM,LEAF,1,0
addServerToDb,NULL,INTERNAL,INTERNAL,TRANSFORM,LEAF,1,0
addServerToTable,NULL,INTERNAL,INTERNAL,TRANSFORM,LEAF,1,0
addDescriptionColumn,NULL,INTERNAL,INTERNAL,TRANSFORM,LEAF,1,0
addDeviceProfileNoUUids,NULL,INTERNAL,INTERNAL,TRANSFORM,LEAF,1,0
addDoubleSlashes,NULL,INTERNAL,INTERNAL,TRANSFORM,LEAF,1,0
AddDrives,NULL,INTERNAL,INTERNAL,TRANSFORM,LEAF,1,0
AddDrivesEntry,NULL,INTERNAL,INTERNAL,TRANSFORM,LEAF,1,0
AddDrivesError,NULL,INTERNAL,INTERNAL,TRANSFORM,LEAF,1,0
AddDrivesSuccess,NULL,INTERNAL,INTERNAL,TRANSFORM,LEAF,1,0
adDeleteGroup1,NULL,INTERNAL,INTERNAL,TRANSFORM,LEAF,1,0
addEmptyCellToOutput,NULL,INTERNAL,INTERNAL,TRANSFORM,LEAF,1,0
addEventCounter,NULL,INTERNAL,INTERNAL,TRANSFORM,LEAF,1,0
addFreshSuccessData,NULL,INTERNAL,INTERNAL,TRANSFORM,LEAF,1,0
addHeaderToHttp,NULL,INTERNAL,INTERNAL,TRANSFORM,LEAF,1,0
addHtmlLinesRow,NULL,INTERNAL,INTERNAL,TRANSFORM,LEAF,1,0
addIisSitesToCombined,NULL,INTERNAL,INTERNAL,TRANSFORM,LEAF,1,0
AddingCorrigoCompletionNote,NULL,INTERNAL,INTERNAL,TRANSFORM,LEAF,1,0
AddingLTRfromOFPMeasuredLength,NULL,INTERNAL,INTERNAL,TRANSFORM,LEAF,1,0
AddingLTRmeasuredLength,NULL,INTERNAL,INTERNAL,TRANSFORM,LEAF,1,0
AddingLTRstatus,NULL,INTERNAL,INTERNAL,TRANSFORM,LEAF,1,0
AddingLTRtimestamp,NULL,INTERNAL,INTERNAL,TRANSFORM,LEAF,1,0
AddingLTRtype,NULL,INTERNAL,INTERNAL,TRANSFORM,LEAF,1,0
addInstructionMessage,NULL,INTERNAL,INTERNAL,TRANSFORM,LEAF,1,0
addJournalEntry,39,Cherwell,OTHER,TRANSFORM,LEAF,1,0
AddMachine,NULL,INTERNAL,INTERNAL,TRANSFORM,LEAF,1,0
AddMachinetoCollection,NULL,INTERNAL,INTERNAL,TRANSFORM,LEAF,1,0
AddMachinetoCollectionSCCM,NULL,INTERNAL,INTERNAL,TRANSFORM,LEAF,1,0
addMappingTableRow,NULL,INTERNAL,INTERNAL,TRANSFORM,LEAF,1,0
AdditionalRowServersConclusion,NULL,INTERNAL,INTERNAL,TRANSFORM,LEAF,1,0
addJiraAttachmentLinkToEngage,NULL,INTERNAL,INTERNAL,TRANSFORM,LEAF,1,0
addDate2,NULL,INTERNAL,INTERNAL,TRANSFORM,LEAF,1,0
adCreateGroupAdvanced2,NULL,INTERNAL,INTERNAL,OUTPUT,LEAF,1,0
adCreateGroup1,NULL,INTERNAL,INTERNAL,OUTPUT,LEAF,1,0
addIssuesToOutput,NULL,INTERNAL,INTERNAL,TRANSFORM,LEAF,1,0
additionalResultHtml,NULL,INTERNAL,INTERNAL,TRANSFORM,LEAF,1,0
AllServicesTable,NULL,INTERNAL,INTERNAL,TRANSFORM,LEAF,1,0
AnalyticsAdGroupMappingTableCount,NULL,INTERNAL,INTERNAL,TRANSFORM,LEAF,1,0
animalDataCount,NULL,INTERNAL,INTERNAL,TRANSFORM,LEAF,1,0
apacheApps,NULL,INTERNAL,INTERNAL,TRANSFORM,LEAF,1,0
apacheConfig,NULL,INTERNAL,INTERNAL,TRANSFORM,LEAF,1,0
apacheCount,NULL,INTERNAL,INTERNAL,TRANSFORM,LEAF,1,0
apacheSslSiteCount,NULL,INTERNAL,INTERNAL,TRANSFORM,LEAF,1,0
apacheSslSites,NULL,INTERNAL,INTERNAL,TRANSFORM,LEAF,1,0
apacheVhinfo,NULL,INTERNAL,INTERNAL,TRANSFORM,LEAF,1,0
api_token,NULL,INTERNAL,INTERNAL,TRANSFORM,LEAF,1,0
AllGoodNotes,11,ServiceNow,BUSINESS,TRANSFORM,LEAF,1,0
AllServicesAfter,NULL,INTERNAL,INTERNAL,TRANSFORM,LEAF,1,0
AllServicesAfterReboot,NULL,INTERNAL,INTERNAL,TRANSFORM,LEAF,1,0
alertSeverity,NULL,INTERNAL,INTERNAL,TRANSFORM,LEAF,1,0
alertSeverityWithPrefix,NULL,INTERNAL,INTERNAL,TRANSFORM,LEAF,1,0
app_name_2,NULL,INTERNAL,INTERNAL,TRANSFORM,LEAF,1,0
App1_CloseJIRA,27,Jira,BUSINESS,TRANSFORM,LEAF,1,0
App1_UpdateJIRA_Approved,27,Jira,BUSINESS,OUTPUT,LEAF,1,0
App1_UpdateJIRA_Denied,27,Jira,BUSINESS,OUTPUT,LEAF,1,0
App1_UpdateJIRA_NoResponse,27,Jira,BUSINESS,OUTPUT,LEAF,1,0
App2_CloseJIRA,27,Jira,BUSINESS,TRANSFORM,LEAF,1,0
App2_UpdateJIRA_Approved,27,Jira,BUSINESS,OUTPUT,LEAF,1,0
App2_UpdateJIRA_Denied,27,Jira,BUSINESS,OUTPUT,LEAF,1,0
App2_UpdateJIRA_NoResponse,27,Jira,BUSINESS,OUTPUT,LEAF,1,0
appendCommaToUpdate,NULL,INTERNAL,INTERNAL,OUTPUT,LEAF,1,0
appendDiskReport_BAD,NULL,INTERNAL,INTERNAL,TRANSFORM,LEAF,1,0
appendDiskReport_GOOD,NULL,INTERNAL,INTERNAL,TRANSFORM,LEAF,1,0
appendEventBodyWithCarriageReturn,NULL,INTERNAL,INTERNAL,TRANSFORM,LEAF,1,0
appendLine,NULL,INTERNAL,INTERNAL,TRANSFORM,LEAF,1,0
assciDisplay,NULL,INTERNAL,INTERNAL,TRANSFORM,LEAF,1,0
AssetTypeName,NULL,INTERNAL,INTERNAL,TRANSFORM,LEAF,1,0
AssigneeBlank,27,Jira,BUSINESS,TRANSFORM,LEAF,1,0
AssignJIRA_ITAutomation,27,Jira,BUSINESS,TRANSFORM,LEAF,1,0
AssignJIRA_RemoveITAutomation,27,Jira,BUSINESS,TRANSFORM,LEAF,1,0
AssignToDifferentTeam,NULL,INTERNAL,INTERNAL,TRANSFORM,LEAF,1,0
approvalstatusTicket,NULL,INTERNAL,INTERNAL,TRANSFORM,LEAF,1,0
ApprovedBy,NULL,INTERNAL,INTERNAL,TRANSFORM,LEAF,1,0
approvedMSG,NULL,INTERNAL,INTERNAL,TRANSFORM,LEAF,1,0
ApproverSet,NULL,INTERNAL,INTERNAL,TRANSFORM,LEAF,1,0
appendResults,NULL,INTERNAL,INTERNAL,TRANSFORM,LEAF,1,0
appendStringToOutput,NULL,INTERNAL,INTERNAL,TRANSFORM,LEAF,1,0
APPLICATION,NULL,INTERNAL,INTERNAL,TRANSFORM,LEAF,1,0
applicationPoolStart1,NULL,INTERNAL,INTERNAL,TRANSFORM,LEAF,1,0
applicationPoolStart2,NULL,INTERNAL,INTERNAL,TRANSFORM,LEAF,1,0
applicationPoolStop1,NULL,INTERNAL,INTERNAL,TRANSFORM,LEAF,1,0
appName,NULL,INTERNAL,INTERNAL,TRANSFORM,LEAF,1,0
AppNameError,NULL,INTERNAL,INTERNAL,TRANSFORM,LEAF,1,0
AppPoolName,NULL,INTERNAL,INTERNAL,TRANSFORM,LEAF,1,0
Approval1,NULL,INTERNAL,INTERNAL,TRANSFORM,LEAF,1,0
Approval1_Approved,NULL,INTERNAL,INTERNAL,TRANSFORM,LEAF,1,0
Approval1_Denied,NULL,INTERNAL,INTERNAL,TRANSFORM,LEAF,1,0
Approval1_NoResponse,NULL,INTERNAL,INTERNAL,TRANSFORM,LEAF,1,0
Approval1_Response,NULL,INTERNAL,INTERNAL,TRANSFORM,LEAF,1,0
Approval1_ReturnNoResponse,NULL,INTERNAL,INTERNAL,TRANSFORM,LEAF,1,0
Approval1_ReturnResponse,NULL,INTERNAL,INTERNAL,TRANSFORM,LEAF,1,0
Approval2,NULL,INTERNAL,INTERNAL,TRANSFORM,LEAF,1,0
Approval2_Approved,NULL,INTERNAL,INTERNAL,TRANSFORM,LEAF,1,0
Approval2_Denied,NULL,INTERNAL,INTERNAL,TRANSFORM,LEAF,1,0
Approval2_NoResponse,NULL,INTERNAL,INTERNAL,TRANSFORM,LEAF,1,0
Approval2_Response,NULL,INTERNAL,INTERNAL,TRANSFORM,LEAF,1,0
Approval2_ReturnNoResponse,NULL,INTERNAL,INTERNAL,TRANSFORM,LEAF,1,0
Approval2_ReturnResponse,NULL,INTERNAL,INTERNAL,TRANSFORM,LEAF,1,0
addVcenter,NULL,INTERNAL,INTERNAL,TRANSFORM,LEAF,1,0
addVcenterVmsToList,NULL,INTERNAL,INTERNAL,TRANSFORM,LEAF,1,0
addWfDataInfoToOutput,NULL,INTERNAL,INTERNAL,TRANSFORM,LEAF,1,0
addUserJobsTitleAdd,NULL,INTERNAL,INTERNAL,TRANSFORM,LEAF,1,0
addUserJobsRankAdd,NULL,INTERNAL,INTERNAL,TRANSFORM,LEAF,1,0
ADEnabledUsersCount,NULL,INTERNAL,INTERNAL,TRANSFORM,LEAF,1,0
adFindNewAccount,NULL,INTERNAL,INTERNAL,TRANSFORM,LEAF,1,0
adFullName,NULL,INTERNAL,INTERNAL,TRANSFORM,LEAF,1,0
addXmlPathDepthToXml,NULL,INTERNAL,INTERNAL,TRANSFORM,LEAF,1,0
AddUserToM3LicGrp,NULL,INTERNAL,INTERNAL,TRANSFORM,LEAF,1,0
addUserToSecGroups,NULL,INTERNAL,INTERNAL,TRANSFORM,LEAF,1,0
adGetProperty1,NULL,INTERNAL,INTERNAL,INPUT,LEAF,1,0
ADgroupAddError,NULL,INTERNAL,INTERNAL,TRANSFORM,LEAF,1,0
adgroups,NULL,INTERNAL,INTERNAL,TRANSFORM,LEAF,1,0
AdGroupsGlobalVAR,NULL,INTERNAL,INTERNAL,TRANSFORM,LEAF,1,0
adjustDate,NULL,INTERNAL,INTERNAL,TRANSFORM,LEAF,1,0
adldapQueryEnabled,NULL,INTERNAL,INTERNAL,INPUT,LEAF,1,0
adListUserGroups1,NULL,INTERNAL,INTERNAL,TRANSFORM,LEAF,1,0
adMoveAccount1,NULL,INTERNAL,INTERNAL,TRANSFORM,LEAF,1,0
ADObjectError,NULL,INTERNAL,INTERNAL,TRANSFORM,LEAF,1,0
ADOUdatabase,NULL,INTERNAL,INTERNAL,TRANSFORM,LEAF,1,0
ADOUother,NULL,INTERNAL,INTERNAL,TRANSFORM,LEAF,1,0
adSearchUserLogonName1,NULL,INTERNAL,INTERNAL,TRANSFORM,LEAF,1,0
adListGroup2,NULL,INTERNAL,INTERNAL,TRANSFORM,LEAF,1,0
ADProperties,NULL,INTERNAL,INTERNAL,TRANSFORM,LEAF,1,0
adRemoveFromGroup1,NULL,INTERNAL,INTERNAL,TRANSFORM,LEAF,1,0
adRenameAccount1,NULL,INTERNAL,INTERNAL,TRANSFORM,LEAF,1,0
adSearchAccount1,NULL,INTERNAL,INTERNAL,TRANSFORM,LEAF,1,0
adSetProperty3,NULL,INTERNAL,INTERNAL,TRANSFORM,LEAF,1,0
adUserResult,NULL,INTERNAL,INTERNAL,TRANSFORM,LEAF,1,0
ADUsersDisabledCount,NULL,INTERNAL,INTERNAL,TRANSFORM,LEAF,1,0
adUserData,NULL,INTERNAL,INTERNAL,TRANSFORM,LEAF,1,0
adUserDataCount,NULL,INTERNAL,INTERNAL,TRANSFORM,LEAF,1,0
adUserListDisabled,NULL,INTERNAL,INTERNAL,TRANSFORM,LEAF,1,0
AgentInstall,NULL,INTERNAL,INTERNAL,TRANSFORM,LEAF,1,0
aiAgentToolListCount,NULL,INTERNAL,INTERNAL,TRANSFORM,LEAF,1,0
aiAgentToolListJson,NULL,INTERNAL,INTERNAL,TRANSFORM,LEAF,1,0
Alarm_processed_twice,NULL,INTERNAL,INTERNAL,TRANSFORM,LEAF,1,0
alertContainsThreshold,NULL,INTERNAL,INTERNAL,TRANSFORM,LEAF,1,0
alertHostIP,NULL,INTERNAL,INTERNAL,TRANSFORM,LEAF,1,0
alertMappingCount,NULL,INTERNAL,INTERNAL,TRANSFORM,LEAF,1,0
buildMyClassification,NULL,INTERNAL,INTERNAL,TRANSFORM,LEAF,1,0
buildMyInfo,NULL,INTERNAL,INTERNAL,TRANSFORM,LEAF,1,0
buildNetsuiteAuth1,NULL,INTERNAL,INTERNAL,TRANSFORM,LEAF,1,0
buildNetSuiteUrl,NULL,INTERNAL,INTERNAL,TRANSFORM,LEAF,1,0
buildEvidenceUserDbTable,NULL,INTERNAL,INTERNAL,TRANSFORM,LEAF,1,0
buildEvidenceComGroupUserUrl,NULL,INTERNAL,INTERNAL,TRANSFORM,LEAF,1,0
buildEvidenceComUserUrl,NULL,INTERNAL,INTERNAL,TRANSFORM,LEAF,1,0
buildPersonnelExcludedDeptsDbTable,NULL,INTERNAL,INTERNAL,TRANSFORM,LEAF,1,0
buildOutputLineData,NULL,INTERNAL,INTERNAL,TRANSFORM,LEAF,1,0
buildPass,NULL,INTERNAL,INTERNAL,TRANSFORM,LEAF,1,0
buildNewSqlStatement,NULL,INTERNAL,INTERNAL,TRANSFORM,LEAF,1,0
buildNewVM,NULL,INTERNAL,INTERNAL,TRANSFORM,LEAF,1,0
buildNextNsDataQuery,NULL,INTERNAL,INTERNAL,INPUT,LEAF,1,0
buildHttpPayload,NULL,INTERNAL,INTERNAL,TRANSFORM,LEAF,1,0
buildInitialNetSuiteAuth,NULL,INTERNAL,INTERNAL,TRANSFORM,LEAF,1,0
buildInsertStatement,NULL,INTERNAL,INTERNAL,TRANSFORM,LEAF,1,0
buildKey,NULL,INTERNAL,INTERNAL,TRANSFORM,LEAF,1,0
buildLocalPersonnelGroupTable,NULL,INTERNAL,INTERNAL,TRANSFORM,LEAF,1,0
buildLocalTLDomainsTable,NULL,INTERNAL,INTERNAL,TRANSFORM,LEAF,1,0
buildManagertable,NULL,INTERNAL,INTERNAL,TRANSFORM,LEAF,1,0
buildFollowUpAuth,NULL,INTERNAL,INTERNAL,TRANSFORM,LEAF,1,0
buildFsSubscriptionUrl,NULL,INTERNAL,INTERNAL,TRANSFORM,LEAF,1,0
buildFtInsertLine,NULL,INTERNAL,INTERNAL,TRANSFORM,LEAF,1,0
buildGroupQuery,NULL,INTERNAL,INTERNAL,INPUT,LEAF,1,0
buildHardPhone,NULL,INTERNAL,INTERNAL,TRANSFORM,LEAF,1,0
buildHardPhoneResult,NULL,INTERNAL,INTERNAL,TRANSFORM,LEAF,1,0
buildHardPhoneStatusCode,NULL,INTERNAL,INTERNAL,TRANSFORM,LEAF,1,0
buildSqlQueryForParsing,NULL,INTERNAL,INTERNAL,INPUT,LEAF,1,0
BuildSuccess,NULL,INTERNAL,INTERNAL,TRANSFORM,LEAF,1,0
buildTESTvars,NULL,INTERNAL,INTERNAL,TRANSFORM,LEAF,1,0
buildUpdatePayload,NULL,INTERNAL,INTERNAL,OUTPUT,LEAF,1,0
buildUpdateSql,NULL,INTERNAL,INTERNAL,OUTPUT,LEAF,1,0
buildUpdateSqlStatement,NULL,INTERNAL,INTERNAL,OUTPUT,LEAF,1,0
buildSmtpPayload,NULL,INTERNAL,INTERNAL,TRANSFORM,LEAF,1,0
buildRecordRequestUrl,NULL,INTERNAL,INTERNAL,TRANSFORM,LEAF,1,0
buildRedisVersion,NULL,INTERNAL,INTERNAL,TRANSFORM,LEAF,1,0
buildPsCommand,NULL,INTERNAL,INTERNAL,TRANSFORM,LEAF,1,0
BusinessOwnerNumber,NULL,INTERNAL,INTERNAL,TRANSFORM,LEAF,1,0
BusinessOwnerNumberTEMP,NULL,INTERNAL,INTERNAL,TRANSFORM,LEAF,1,0
bypassDayOfWeekCheck,NULL,INTERNAL,INTERNAL,TRANSFORM,LEAF,1,0
CA_ChangeRequest,NULL,INTERNAL,INTERNAL,TRANSFORM,LEAF,1,0
calcTimeDiff,NULL,INTERNAL,INTERNAL,TRANSFORM,LEAF,1,0
CalculatePatchBucket,NULL,INTERNAL,INTERNAL,TRANSFORM,LEAF,1,0
callClearADGroups,NULL,INTERNAL,INTERNAL,TRANSFORM,LEAF,1,0
CannotProcess,NULL,INTERNAL,INTERNAL,TRANSFORM,LEAF,1,0
CannotProcessEmail1,NULL,INTERNAL,INTERNAL,TRANSFORM,LEAF,1,0
CannotProcessEmail2,NULL,INTERNAL,INTERNAL,TRANSFORM,LEAF,1,0
CanProcess,NULL,INTERNAL,INTERNAL,TRANSFORM,LEAF,1,0
builtExpressUrl,NULL,INTERNAL,INTERNAL,TRANSFORM,LEAF,1,0
BusinessOwner,NULL,INTERNAL,INTERNAL,TRANSFORM,LEAF,1,0
buildSqlConclusionRowAdd,NULL,INTERNAL,INTERNAL,TRANSFORM,LEAF,1,0
buildUserPropsQuery,NULL,INTERNAL,INTERNAL,INPUT,LEAF,1,0
buildUserQuery,NULL,INTERNAL,INTERNAL,INPUT,LEAF,1,0
buildUserTable,NULL,INTERNAL,INTERNAL,TRANSFORM,LEAF,1,0
buildVars,NULL,INTERNAL,INTERNAL,TRANSFORM,LEAF,1,0
chatGPTQuery1,NULL,INTERNAL,INTERNAL,INPUT,LEAF,1,0
chatGPTQueryPython1,NULL,INTERNAL,INTERNAL,INPUT,LEAF,1,0
Check_If_User_Exists,NULL,INTERNAL,INTERNAL,TRANSFORM,LEAF,1,0
cartReqeustedFor,NULL,INTERNAL,INTERNAL,TRANSFORM,LEAF,1,0
casAcknowledgeAlert1,46,CA Spectrum,OTHER,TRANSFORM,LEAF,1,0
casCancelMaintenanceMode1,46,CA Spectrum,OTHER,TRANSFORM,LEAF,1,0
casClearAlert1,46,CA Spectrum,OTHER,TRANSFORM,LEAF,1,0
casCreateEvent1,46,CA Spectrum,OTHER,OUTPUT,LEAF,1,0
casSetMaintenanceMode1,46,CA Spectrum,OTHER,TRANSFORM,LEAF,1,0
casUnacknowledgeAlert1,46,CA Spectrum,OTHER,TRANSFORM,LEAF,1,0
CatalogItemsCount,NULL,INTERNAL,INTERNAL,TRANSFORM,LEAF,1,0
CatalogItemsList,NULL,INTERNAL,INTERNAL,TRANSFORM,LEAF,1,0
CatalogVariableError,NULL,INTERNAL,INTERNAL,TRANSFORM,LEAF,1,0
CatExistingVar,NULL,INTERNAL,INTERNAL,TRANSFORM,LEAF,1,0
CatItemRun,NULL,INTERNAL,INTERNAL,TRANSFORM,LEAF,1,0
Check_SystemUptime,NULL,INTERNAL,INTERNAL,TRANSFORM,LEAF,1,0
Check_User_Status,NULL,INTERNAL,INTERNAL,TRANSFORM,LEAF,1,0
Check_Visio_Installation,NULL,INTERNAL,INTERNAL,TRANSFORM,LEAF,1,0
CheckAllServersPatch,NULL,INTERNAL,INTERNAL,TRANSFORM,LEAF,1,0
CheckAuthAfterUpdate,NULL,INTERNAL,INTERNAL,OUTPUT,LEAF,1,0
checkAuthortizedUser,NULL,INTERNAL,INTERNAL,TRANSFORM,LEAF,1,0
Check_Project_Installation,NULL,INTERNAL,INTERNAL,TRANSFORM,LEAF,1,0
ceiling1,NULL,INTERNAL,INTERNAL,TRANSFORM,LEAF,1,0
certCount,NULL,INTERNAL,INTERNAL,TRANSFORM,LEAF,1,0
CatRowReturn,NULL,INTERNAL,INTERNAL,TRANSFORM,LEAF,1,0
CatVarApprovalError,NULL,INTERNAL,INTERNAL,TRANSFORM,LEAF,1,0
CatVarClusterError,NULL,INTERNAL,INTERNAL,TRANSFORM,LEAF,1,0
CheckDatastore,NULL,INTERNAL,INTERNAL,TRANSFORM,LEAF,1,0
checkDates,NULL,INTERNAL,INTERNAL,TRANSFORM,LEAF,1,0
checkDbForHcModuleTable,NULL,INTERNAL,INTERNAL,TRANSFORM,LEAF,1,0
Check_Screen_Saver,NULL,INTERNAL,INTERNAL,TRANSFORM,LEAF,1,0
CheckBackupFinish,NULL,INTERNAL,INTERNAL,TRANSFORM,LEAF,1,0
checkChildProcs,NULL,INTERNAL,INTERNAL,TRANSFORM,LEAF,1,0
checkFailedInstalls,NULL,INTERNAL,INTERNAL,TRANSFORM,LEAF,1,0
CheckFailureRestart,NULL,INTERNAL,INTERNAL,TRANSFORM,LEAF,1,0
checkForDbTable,NULL,INTERNAL,INTERNAL,TRANSFORM,LEAF,1,0
CheckDiffTimePatch,NULL,INTERNAL,INTERNAL,TRANSFORM,LEAF,1,0
checkDbForServer,NULL,INTERNAL,INTERNAL,TRANSFORM,LEAF,1,0
checkDdmUi,NULL,INTERNAL,INTERNAL,TRANSFORM,LEAF,1,0
checkForPreviousUserTable,NULL,INTERNAL,INTERNAL,TRANSFORM,LEAF,1,0
checkForMultipleFlows,NULL,INTERNAL,INTERNAL,TRANSFORM,LEAF,1,0
checkForNewADAccountAgain,NULL,INTERNAL,INTERNAL,TRANSFORM,LEAF,1,0
checkForExistingCert,NULL,INTERNAL,INTERNAL,TRANSFORM,LEAF,1,0
checkForExistingLinuxTicket,39,Cherwell,OTHER,TRANSFORM,LEAF,1,0
checkForExistingWindowsTicket,39,Cherwell,OTHER,TRANSFORM,LEAF,1,0
CheckForFailedPatch,NULL,INTERNAL,INTERNAL,TRANSFORM,LEAF,1,0
checkForTicketInfo,NULL,INTERNAL,INTERNAL,TRANSFORM,LEAF,1,0
checkForSecurityUpdates,NULL,INTERNAL,INTERNAL,OUTPUT,LEAF,1,0
checkForSubActivities,NULL,INTERNAL,INTERNAL,TRANSFORM,LEAF,1,0
checkForSubActivitiesCount,NULL,INTERNAL,INTERNAL,TRANSFORM,LEAF,1,0
attachFileToThread,NULL,INTERNAL,INTERNAL,TRANSFORM,LEAF,1,0
attachFolderCount,NULL,INTERNAL,INTERNAL,TRANSFORM,LEAF,1,0
attachList,NULL,INTERNAL,INTERNAL,TRANSFORM,LEAF,1,0
assistantMessageJson,NULL,INTERNAL,INTERNAL,TRANSFORM,LEAF,1,0
assistantResponse,NULL,INTERNAL,INTERNAL,TRANSFORM,LEAF,1,0
assistantResponseJson,NULL,INTERNAL,INTERNAL,TRANSFORM,LEAF,1,0
assistantResponseJsonCount,NULL,INTERNAL,INTERNAL,TRANSFORM,LEAF,1,0
assistantResponseText,NULL,INTERNAL,INTERNAL,TRANSFORM,LEAF,1,0
associatedDevices,NULL,INTERNAL,INTERNAL,TRANSFORM,LEAF,1,0
Attempts,NULL,INTERNAL,INTERNAL,TRANSFORM,LEAF,1,0
AuditSuccess,NULL,INTERNAL,INTERNAL,TRANSFORM,LEAF,1,0
authToken,NULL,INTERNAL,INTERNAL,TRANSFORM,LEAF,1,0
authTokenSession,NULL,INTERNAL,INTERNAL,TRANSFORM,LEAF,1,0
attachmentFileExists,NULL,INTERNAL,INTERNAL,TRANSFORM,LEAF,1,0
attachmentFileName,NULL,INTERNAL,INTERNAL,TRANSFORM,LEAF,1,0
attachmentPath,NULL,INTERNAL,INTERNAL,TRANSFORM,LEAF,1,0
AVInstalled,NULL,INTERNAL,INTERNAL,TRANSFORM,LEAF,1,0
AVNotInstalled,NULL,INTERNAL,INTERNAL,TRANSFORM,LEAF,1,0
awsAttachNetworkInterface1,41,AWS,INFRA,TRANSFORM,LEAF,1,0
awsAttachVolume1,41,AWS,INFRA,TRANSFORM,LEAF,1,0
awsCopyImage1,41,AWS,INFRA,TRANSFORM,LEAF,1,0
awsCopySnapshot1,41,AWS,INFRA,TRANSFORM,LEAF,1,0
awsCreateImage1,41,AWS,INFRA,OUTPUT,LEAF,1,0
awsCreateSnapshot1,41,AWS,INFRA,OUTPUT,LEAF,1,0
awsCreateVolume1,41,AWS,INFRA,OUTPUT,LEAF,1,0
awsDeleteSnapshot1,41,AWS,INFRA,TRANSFORM,LEAF,1,0
awsDeleteVolume1,41,AWS,INFRA,TRANSFORM,LEAF,1,0
awsDeregisterImage1,41,AWS,INFRA,TRANSFORM,LEAF,1,0
awsDetachNetworkInterface1,41,AWS,INFRA,TRANSFORM,LEAF,1,0
awsDetachVolume1,41,AWS,INFRA,TRANSFORM,LEAF,1,0
awsExecuteCLI1,41,AWS,INFRA,TRANSFORM,LEAF,1,0
awsGetObject1,41,AWS,INFRA,INPUT,LEAF,1,0
awsLaunchInstance1,41,AWS,INFRA,TRANSFORM,LEAF,1,0
awsRebootInstance1,41,AWS,INFRA,TRANSFORM,LEAF,1,0
awsssmCommandExecute1,NULL,INTERNAL,INTERNAL,TRANSFORM,LEAF,1,0
awsStartInstance1,41,AWS,INFRA,TRANSFORM,LEAF,1,0
awsStopInstance1,41,AWS,INFRA,TRANSFORM,LEAF,1,0
awsTerminateInstance1,41,AWS,INFRA,TRANSFORM,LEAF,1,0
ayAccountLoginResponse1,NULL,INTERNAL,INTERNAL,TRANSFORM,LEAF,1,0
azureADUserGroupsMemberGet1,NULL,INTERNAL,INTERNAL,INPUT,LEAF,1,0
azureADUsersSynchronization1,NULL,INTERNAL,INTERNAL,TRANSFORM,LEAF,1,0
azureCreateVMInstance1,NULL,INTERNAL,INTERNAL,OUTPUT,LEAF,1,0
azureDiskGetInfo1,NULL,INTERNAL,INTERNAL,INPUT,LEAF,1,0
azureDiskResize1,NULL,INTERNAL,INTERNAL,TRANSFORM,LEAF,1,0
azureDNSGetRecordSet1,NULL,INTERNAL,INTERNAL,INPUT,LEAF,1,0
azureDNSUpdateOrCreateRecordSet1,NULL,INTERNAL,INTERNAL,OUTPUT,LEAF,1,0
azureGetResourceInfoByName1,NULL,INTERNAL,INTERNAL,INPUT,LEAF,1,0
azureImageCreate1,NULL,INTERNAL,INTERNAL,OUTPUT,LEAF,1,0
azureImageDelete1,NULL,INTERNAL,INTERNAL,TRANSFORM,LEAF,1,0
azureImageGet1,NULL,INTERNAL,INTERNAL,INPUT,LEAF,1,0
azureImageList1,NULL,INTERNAL,INTERNAL,TRANSFORM,LEAF,1,0
azureListResources1,NULL,INTERNAL,INTERNAL,TRANSFORM,LEAF,1,0
azureMySQLServerCreateFirewallRule1,NULL,INTERNAL,INTERNAL,OUTPUT,LEAF,1,0
azureMySQLServerGetFirewallRules1,NULL,INTERNAL,INTERNAL,INPUT,LEAF,1,0
azureMySQLServerGetMetrics1,NULL,INTERNAL,INTERNAL,INPUT,LEAF,1,0
azureNetworkInterfaceAttach1,NULL,INTERNAL,INTERNAL,TRANSFORM,LEAF,1,0
azureNetworkInterfaceDelete1,NULL,INTERNAL,INTERNAL,TRANSFORM,LEAF,1,0
azureNetworkInterfaceDetach1,NULL,INTERNAL,INTERNAL,TRANSFORM,LEAF,1,0
azureNetworkInterfaceGetInfo1,NULL,INTERNAL,INTERNAL,INPUT,LEAF,1,0
azureNetworkSecurityGroupCreateFirewallRule1,NULL,INTERNAL,INTERNAL,OUTPUT,LEAF,1,0
azureNetworkSecurityGroupGetInfo1,NULL,INTERNAL,INTERNAL,INPUT,LEAF,1,0
azureResourcesList1,NULL,INTERNAL,INTERNAL,TRANSFORM,LEAF,1,0
azureRetrieveAccessToken1,NULL,INTERNAL,INTERNAL,TRANSFORM,LEAF,1,0
azureRoleAssignmentCreate1,NULL,INTERNAL,INTERNAL,OUTPUT,LEAF,1,0
azureRowsCount,NULL,INTERNAL,INTERNAL,TRANSFORM,LEAF,1,0
azureServicePlanDelete1,NULL,INTERNAL,INTERNAL,TRANSFORM,LEAF,1,0
azureSnapshotCreate1,NULL,INTERNAL,INTERNAL,OUTPUT,LEAF,1,0
azureSnapshotDelete1,NULL,INTERNAL,INTERNAL,TRANSFORM,LEAF,1,0
azureSnapshotGet1,NULL,INTERNAL,INTERNAL,INPUT,LEAF,1,0
azureSnapshotGetList1,NULL,INTERNAL,INTERNAL,INPUT,LEAF,1,0
azureSQLFirewallRuleCreate1,NULL,INTERNAL,INTERNAL,OUTPUT,LEAF,1,0
azureStorageAccountDelete1,NULL,INTERNAL,INTERNAL,TRANSFORM,LEAF,1,0
azureStorageAcctFirewallRuleCreate1,NULL,INTERNAL,INTERNAL,OUTPUT,LEAF,1,0
ayehuNgExportWorkflows1,NULL,INTERNAL,INTERNAL,TRANSFORM,LEAF,1,0
ayehuNgGetWorkflowIds1,NULL,INTERNAL,INTERNAL,INPUT,LEAF,1,0
ayehuNgLoginToken1,NULL,INTERNAL,INTERNAL,TRANSFORM,LEAF,1,0
AUTOREPAIR,NULL,INTERNAL,INTERNAL,TRANSFORM,LEAF,1,0
BEGIN_WF,NULL,INTERNAL,INTERNAL,TRANSFORM,LEAF,1,0
beginRun,NULL,INTERNAL,INTERNAL,TRANSFORM,LEAF,1,0
bmcHelixRemedyforceCreateRecord1,43,BMC Helix Remedyforce,OTHER,OUTPUT,LEAF,1,0
bmcHelixRemedyforceExecuteSOQL1,43,BMC Helix Remedyforce,OTHER,TRANSFORM,LEAF,1,0
bmcHelixRemedyforceGetRecord1,43,BMC Helix Remedyforce,OTHER,INPUT,LEAF,1,0
bmcHelixRemedyforceUpdateRecord1,43,BMC Helix Remedyforce,OTHER,OUTPUT,LEAF,1,0
bmcRemedyAddWorkLog1,44,BMC - Remedy,OTHER,TRANSFORM,LEAF,1,0
bmcRemedyCreateRecord1,44,BMC - Remedy,OTHER,OUTPUT,LEAF,1,0
bmcRemedyGetRecord1,44,BMC - Remedy,OTHER,INPUT,LEAF,1,0
bmcRemedyUpdateRecord1,44,BMC - Remedy,OTHER,OUTPUT,LEAF,1,0
bottomOfLoop,NULL,INTERNAL,INTERNAL,TRANSFORM,LEAF,1,0
BranchALLGood,NULL,INTERNAL,INTERNAL,TRANSFORM,LEAF,1,0
BranchMemOrCPUHigh,NULL,INTERNAL,INTERNAL,TRANSFORM,LEAF,1,0
BranchServiceFailure,NULL,INTERNAL,INTERNAL,TRANSFORM,LEAF,1,0
BrusselsTime_NOW,NULL,INTERNAL,INTERNAL,TRANSFORM,LEAF,1,0
Build,NULL,INTERNAL,INTERNAL,TRANSFORM,LEAF,1,0
buildAddPayload,NULL,INTERNAL,INTERNAL,TRANSFORM,LEAF,1,0
buildAdUserListDbTable,NULL,INTERNAL,INTERNAL,TRANSFORM,LEAF,1,0
buildBaseString,NULL,INTERNAL,INTERNAL,TRANSFORM,LEAF,1,0
buildChildGroupTable,NULL,INTERNAL,INTERNAL,TRANSFORM,LEAF,1,0
azureVMPowerOff1,NULL,INTERNAL,INTERNAL,TRANSFORM,LEAF,1,0
azureVMPowerOn1,NULL,INTERNAL,INTERNAL,TRANSFORM,LEAF,1,0
buildDdmUrl,NULL,INTERNAL,INTERNAL,TRANSFORM,LEAF,1,0
buildDeleteUrl,NULL,INTERNAL,INTERNAL,TRANSFORM,LEAF,1,0
buildDevName,NULL,INTERNAL,INTERNAL,TRANSFORM,LEAF,1,0
buildDiagram,NULL,INTERNAL,INTERNAL,TRANSFORM,LEAF,1,0
bcp_servers,NULL,INTERNAL,INTERNAL,TRANSFORM,LEAF,1,0
badNextRenewalDate,NULL,INTERNAL,INTERNAL,TRANSFORM,LEAF,1,0
badPing,NULL,INTERNAL,INTERNAL,TRANSFORM,LEAF,1,0
badPreviousRenewalDate,NULL,INTERNAL,INTERNAL,TRANSFORM,LEAF,1,0
badDate,NULL,INTERNAL,INTERNAL,TRANSFORM,LEAF,1,0
badEffectiveEndDate,NULL,INTERNAL,INTERNAL,TRANSFORM,LEAF,1,0
badEffectiveStartDate,NULL,INTERNAL,INTERNAL,TRANSFORM,LEAF,1,0
BackupNotRunning,NULL,INTERNAL,INTERNAL,TRANSFORM,LEAF,1,0
BackupReq,NULL,INTERNAL,INTERNAL,TRANSFORM,LEAF,1,0
backupReqTicket,37,ServiceNow,BUSINESS,TRANSFORM,LEAF,1,0
BackupRunning,NULL,INTERNAL,INTERNAL,TRANSFORM,LEAF,1,0
BackupSoftware,NULL,INTERNAL,INTERNAL,TRANSFORM,LEAF,1,0
azureVMReboot1,NULL,INTERNAL,INTERNAL,TRANSFORM,LEAF,1,0
azureVMResize1,NULL,INTERNAL,INTERNAL,TRANSFORM,LEAF,1,0
azureVmStorageInfo,NULL,INTERNAL,INTERNAL,TRANSFORM,LEAF,1,0
BackupActiveNotesConclusion,NULL,INTERNAL,INTERNAL,TRANSFORM,LEAF,1,0
backupFileCount,NULL,INTERNAL,INTERNAL,TRANSFORM,LEAF,1,0
azureResourceDelete1,NULL,INTERNAL,INTERNAL,TRANSFORM,LEAF,1,0
azureResourceExist1,NULL,INTERNAL,INTERNAL,TRANSFORM,LEAF,1,0
azureResourceGetInfo1,NULL,INTERNAL,INTERNAL,INPUT,LEAF,1,0
ayInsightGetAuditTrail1,NULL,INTERNAL,INTERNAL,INPUT,LEAF,1,0
azureVMInstanceDelete1,NULL,INTERNAL,INTERNAL,TRANSFORM,LEAF,1,0
azureVMDeallocate1,NULL,INTERNAL,INTERNAL,TRANSFORM,LEAF,1,0
azureVMDiskAttach1,NULL,INTERNAL,INTERNAL,TRANSFORM,LEAF,1,0
azureVMDiskCreate1,NULL,INTERNAL,INTERNAL,OUTPUT,LEAF,1,0
azureVMDiskDelete1,NULL,INTERNAL,INTERNAL,TRANSFORM,LEAF,1,0
azureVMDiskDetach1,NULL,INTERNAL,INTERNAL,TRANSFORM,LEAF,1,0
azureVMGetCpuUsage1,NULL,INTERNAL,INTERNAL,INPUT,LEAF,1,0
azureVMGetInfo1,NULL,INTERNAL,INTERNAL,INPUT,LEAF,1,0
azureVMGetInstanceState1,NULL,INTERNAL,INTERNAL,INPUT,LEAF,1,0
azureVMGetMetrics1,NULL,INTERNAL,INTERNAL,INPUT,LEAF,1,0
CreateEventPerTicket,NULL,INTERNAL,INTERNAL,OUTPUT,LEAF,1,0
createExchangeAndADAccount,NULL,INTERNAL,INTERNAL,OUTPUT,LEAF,1,0
createExistingAttachmentFolder,NULL,INTERNAL,INTERNAL,OUTPUT,LEAF,1,0
createGroupingActivityTypeTable,NULL,INTERNAL,INTERNAL,OUTPUT,LEAF,1,0
createGroupingListingTable,NULL,INTERNAL,INTERNAL,OUTPUT,LEAF,1,0
CreateHardphone,NULL,INTERNAL,INTERNAL,OUTPUT,LEAF,1,0
createHcModuleTable,NULL,INTERNAL,INTERNAL,OUTPUT,LEAF,1,0
createHomeDriveFolder,NULL,INTERNAL,INTERNAL,OUTPUT,LEAF,1,0
createIisSitesTable,NULL,INTERNAL,INTERNAL,OUTPUT,LEAF,1,0
CreateIncidentSN,11,ServiceNow,BUSINESS,OUTPUT,LEAF,1,0
createJiraTicket_CPSS,27,Jira,BUSINESS,OUTPUT,LEAF,1,0
createJiraTicket_DCO,27,Jira,BUSINESS,OUTPUT,LEAF,1,0
createJiraTicket_IAMS,27,Jira,BUSINESS,OUTPUT,LEAF,1,0
createJiraTicket_L2O,27,Jira,BUSINESS,OUTPUT,LEAF,1,0
createJiraTicket_NETOP,27,Jira,BUSINESS,OUTPUT,LEAF,1,0
createJiraTicket_PEOS,27,Jira,BUSINESS,OUTPUT,LEAF,1,0
createJiraTicket_places,7,INTERNAL,OTHER,OUTPUT,LEAF,1,1
createJiraTicket_PROPS,27,Jira,BUSINESS,OUTPUT,LEAF,1,0
createJiraTicket_SRES,27,Jira,BUSINESS,OUTPUT,LEAF,1,0
createJiraTicket_UCC,7,INTERNAL,OTHER,OUTPUT,LEAF,1,1
createLastPasswordResetReport,NULL,INTERNAL,INTERNAL,OUTPUT,LEAF,1,0
CreateLine,NULL,INTERNAL,INTERNAL,OUTPUT,LEAF,1,0
createLinuxServerIncident,39,Cherwell,OTHER,OUTPUT,LEAF,1,0
createDecomTasks,NULL,INTERNAL,INTERNAL,OUTPUT,LEAF,1,0
createDestVolume,9,INTERNAL,OTHER,OUTPUT,LEAF,1,1
createEcomRefTable,NULL,INTERNAL,INTERNAL,OUTPUT,LEAF,1,0
CreateEM,NULL,INTERNAL,INTERNAL,OUTPUT,LEAF,1,0
createErrorList,NULL,INTERNAL,INTERNAL,OUTPUT,LEAF,1,0
createBatchScript,NULL,INTERNAL,INTERNAL,OUTPUT,LEAF,1,0
createBodyCall,NULL,INTERNAL,INTERNAL,OUTPUT,LEAF,1,0
createCatalogTask,37,ServiceNow,BUSINESS,OUTPUT,LEAF,1,0
createCategoryTable,NULL,INTERNAL,INTERNAL,OUTPUT,LEAF,1,0
createCert,NULL,INTERNAL,INTERNAL,OUTPUT,LEAF,1,0
createCertBindingOutput,NULL,INTERNAL,INTERNAL,OUTPUT,LEAF,1,0
createCertOutput,NULL,INTERNAL,INTERNAL,OUTPUT,LEAF,1,0
createChildWorkflowEvent,NULL,INTERNAL,INTERNAL,OUTPUT,LEAF,1,0
CreateCompletedBackups,NULL,INTERNAL,INTERNAL,OUTPUT,LEAF,1,0
createNewChild,NULL,INTERNAL,INTERNAL,OUTPUT,LEAF,1,0
createNewEngageTicket,NULL,INTERNAL,INTERNAL,INPUT,LEAF,1,0
createNewEvent,NULL,INTERNAL,INTERNAL,OUTPUT,LEAF,1,0
createNewJiraTicket,NULL,INTERNAL,INTERNAL,OUTPUT,LEAF,1,0
CreateNewMailbox,NULL,INTERNAL,INTERNAL,OUTPUT,LEAF,1,0
createNewPatchEvent,NULL,INTERNAL,INTERNAL,OUTPUT,LEAF,1,0
CreateNewTicket_mySumary,NULL,INTERNAL,INTERNAL,OUTPUT,LEAF,1,0
createNewTicketHTTP,NULL,INTERNAL,INTERNAL,OUTPUT,LEAF,1,0
createNewTicketworkflow,NULL,INTERNAL,INTERNAL,OUTPUT,LEAF,1,0
createDbInputTable,NULL,INTERNAL,INTERNAL,OUTPUT,LEAF,1,0
createPrevTUserTable,NULL,INTERNAL,INTERNAL,OUTPUT,LEAF,1,0
createOutputTableRow,NULL,INTERNAL,INTERNAL,OUTPUT,LEAF,1,0
createMemoryTableDCO,NULL,INTERNAL,INTERNAL,OUTPUT,LEAF,1,0
createMemoryTableL2O,NULL,INTERNAL,INTERNAL,OUTPUT,LEAF,1,0
createMemoryTablePEOS,NULL,INTERNAL,INTERNAL,OUTPUT,LEAF,1,0
createMemoryTablePlaces,NULL,INTERNAL,INTERNAL,OUTPUT,LEAF,1,0
createMemoryTableSRES,NULL,INTERNAL,INTERNAL,OUTPUT,LEAF,1,0
createAttachmentDownloadFolder,NULL,INTERNAL,INTERNAL,OUTPUT,LEAF,1,0
createApacheWebSites,NULL,INTERNAL,INTERNAL,OUTPUT,LEAF,1,0
CreateMailBox,NULL,INTERNAL,INTERNAL,OUTPUT,LEAF,1,0
createManualIncidentNoCI,39,Cherwell,OTHER,OUTPUT,LEAF,1,0
createManualIncidentWithCI,39,Cherwell,OTHER,OUTPUT,LEAF,1,0
createMemoryTable_PROPS,NULL,INTERNAL,INTERNAL,OUTPUT,LEAF,1,0
CountCA_ChangeRequest,NULL,INTERNAL,INTERNAL,TRANSFORM,LEAF,1,0
countCorrelatedIncidents,NULL,INTERNAL,INTERNAL,TRANSFORM,LEAF,1,0
CountDomainAudit,NULL,INTERNAL,INTERNAL,TRANSFORM,LEAF,1,0
counter,NULL,INTERNAL,INTERNAL,TRANSFORM,LEAF,1,0
corrigoTicketList,NULL,INTERNAL,INTERNAL,TRANSFORM,LEAF,1,0
corrigoTicketNotesCount,NULL,INTERNAL,INTERNAL,TRANSFORM,LEAF,1,0
CorrigoTicketNotesJson,NULL,INTERNAL,INTERNAL,TRANSFORM,LEAF,1,0
corrigoTenantCode,NULL,INTERNAL,INTERNAL,TRANSFORM,LEAF,1,0
corrigoTenantCodeCount,NULL,INTERNAL,INTERNAL,TRANSFORM,LEAF,1,0
corrigoTenantCodeInfo,NULL,INTERNAL,INTERNAL,TRANSFORM,LEAF,1,0
corrigoTicketDesc,NULL,INTERNAL,INTERNAL,TRANSFORM,LEAF,1,0
corrigoTicketDocCount,NULL,INTERNAL,INTERNAL,TRANSFORM,LEAF,1,0
corrigoWoField,NULL,INTERNAL,INTERNAL,TRANSFORM,LEAF,1,0
CounSSPFormAudit,NULL,INTERNAL,INTERNAL,TRANSFORM,LEAF,1,0
count_CRL_list_FCID_UTAC,NULL,INTERNAL,INTERNAL,TRANSFORM,LEAF,1,0
count_CRL_SPLITTER,NULL,INTERNAL,INTERNAL,TRANSFORM,LEAF,1,0
count_GRD_PW_Splitter_outages,NULL,INTERNAL,INTERNAL,TRANSFORM,LEAF,1,0
count_T_ISAM_DYING_GASPS_RESULTS,NULL,INTERNAL,INTERNAL,TRANSFORM,LEAF,1,0
count_T_PON_LOSS_RESULTS_failing,NULL,INTERNAL,INTERNAL,TRANSFORM,LEAF,1,0
count_T_show_alarm_current,NULL,INTERNAL,INTERNAL,TRANSFORM,LEAF,1,0
count_T_show_olt_pon_INDEX,NULL,INTERNAL,INTERNAL,TRANSFORM,LEAF,1,0
count_T_show_olt_pon_loss,NULL,INTERNAL,INTERNAL,TRANSFORM,LEAF,1,0
count_T_show_olt_pon_PORT,NULL,INTERNAL,INTERNAL,TRANSFORM,LEAF,1,0
count_T_XPON_LOSS_RESULTS,NULL,INTERNAL,INTERNAL,TRANSFORM,LEAF,1,0
count_T_XPON_LOSS_RESULTS_failing,NULL,INTERNAL,INTERNAL,TRANSFORM,LEAF,1,0
count_unique_alert_keys,NULL,INTERNAL,INTERNAL,TRANSFORM,LEAF,1,0
count_when_already_processed,NULL,INTERNAL,INTERNAL,TRANSFORM,LEAF,1,0
CountNodes,NULL,INTERNAL,INTERNAL,TRANSFORM,LEAF,1,0
CountOptimalServices,NULL,INTERNAL,INTERNAL,TRANSFORM,LEAF,1,0
CountOrganizeAuditTable,NULL,INTERNAL,INTERNAL,TRANSFORM,LEAF,1,0
CountQuery,NULL,INTERNAL,INTERNAL,INPUT,LEAF,1,0
CountROIAudit,NULL,INTERNAL,INTERNAL,TRANSFORM,LEAF,1,0
CountRulesAudit,NULL,INTERNAL,INTERNAL,TRANSFORM,LEAF,1,0
CountSchedulerAudit,NULL,INTERNAL,INTERNAL,TRANSFORM,LEAF,1,0
CountNetHosts,NULL,INTERNAL,INTERNAL,TRANSFORM,LEAF,1,0
CountNetServers,NULL,INTERNAL,INTERNAL,TRANSFORM,LEAF,1,0
CounterStart,NULL,INTERNAL,INTERNAL,TRANSFORM,LEAF,1,0
CounterUpdatesTentative,NULL,INTERNAL,INTERNAL,OUTPUT,LEAF,1,0
CounterWindowsUpdatesRetries,NULL,INTERNAL,INTERNAL,OUTPUT,LEAF,1,0
CPUnMEmStillHighNotes,11,ServiceNow,BUSINESS,TRANSFORM,LEAF,1,0
CPUPerVM,NULL,INTERNAL,INTERNAL,TRANSFORM,LEAF,1,0
crawlWebsiteExtractText1,NULL,INTERNAL,INTERNAL,TRANSFORM,LEAF,1,0
Create_DB_Table,NULL,INTERNAL,INTERNAL,OUTPUT,LEAF,1,0
createActivityOutputFormatting,NULL,INTERNAL,INTERNAL,OUTPUT,LEAF,1,0
createActivityTable,NULL,INTERNAL,INTERNAL,OUTPUT,LEAF,1,0
createActivtyInstances,NULL,INTERNAL,INTERNAL,OUTPUT,LEAF,1,0
covertAccessRecipJSON,NULL,INTERNAL,INTERNAL,TRANSFORM,LEAF,1,0
CPSSStatus,NULL,INTERNAL,INTERNAL,TRANSFORM,LEAF,1,0
CountSSPLogAudit,NULL,INTERNAL,INTERNAL,TRANSFORM,LEAF,1,0
CreationDate,NULL,INTERNAL,INTERNAL,TRANSFORM,LEAF,1,0
CreationTime,NULL,INTERNAL,INTERNAL,TRANSFORM,LEAF,1,0
CRL_data_quality_check,NULL,INTERNAL,INTERNAL,TRANSFORM,LEAF,1,0
CRL_GRD_PW_SPLITTER_END,NULL,INTERNAL,INTERNAL,TRANSFORM,LEAF,1,0
CRL_GRD_PW_SPLITTER_END_epoch,NULL,INTERNAL,INTERNAL,TRANSFORM,LEAF,1,0
CRL_GRD_PW_SPLITTER_ESTIMATED_END,NULL,INTERNAL,INTERNAL,TRANSFORM,LEAF,1,0
CRL_GRD_PW_SPLITTER_ESTIMATED_END_epoch,NULL,INTERNAL,INTERNAL,TRANSFORM,LEAF,1,0
CRL_GRD_PW_SPLITTER_START,NULL,INTERNAL,INTERNAL,TRANSFORM,LEAF,1,0
CRL_ISAM,NULL,INTERNAL,INTERNAL,TRANSFORM,LEAF,1,0
CRL_ISAM_chassis_spec_name,NULL,INTERNAL,INTERNAL,TRANSFORM,LEAF,1,0
CRL_ISAM_IP,NULL,INTERNAL,INTERNAL,TRANSFORM,LEAF,1,0
CRL_ISAM_lambert_coordinates_a,NULL,INTERNAL,INTERNAL,TRANSFORM,LEAF,1,0
CRL_list_FCID_UTAC,NULL,INTERNAL,INTERNAL,TRANSFORM,LEAF,1,0
CRL_SPLITTER,NULL,INTERNAL,INTERNAL,TRANSFORM,LEAF,1,0
CRLP_gponID_list,NULL,INTERNAL,INTERNAL,TRANSFORM,LEAF,1,0
CRLP_gponID_splitted_slash,NULL,INTERNAL,INTERNAL,TRANSFORM,LEAF,1,0
cSharpCode1,NULL,INTERNAL,INTERNAL,TRANSFORM,LEAF,1,0
csvAttachmentList,NULL,INTERNAL,INTERNAL,TRANSFORM,LEAF,1,0
csvCount,NULL,INTERNAL,INTERNAL,TRANSFORM,LEAF,1,0
csvIn,NULL,INTERNAL,INTERNAL,TRANSFORM,LEAF,1,0
csvRowCount,NULL,INTERNAL,INTERNAL,TRANSFORM,LEAF,1,0
CUCMDeviceProfileName,NULL,INTERNAL,INTERNAL,TRANSFORM,LEAF,1,0
CUCMPassword,NULL,INTERNAL,INTERNAL,TRANSFORM,LEAF,1,0
CUCMSever,NULL,INTERNAL,INTERNAL,TRANSFORM,LEAF,1,0
CUCMSoftPhoneName,NULL,INTERNAL,INTERNAL,TRANSFORM,LEAF,1,0
cucmUserGroupRoles,NULL,INTERNAL,INTERNAL,TRANSFORM,LEAF,1,0
CUCMUsername,NULL,INTERNAL,INTERNAL,TRANSFORM,LEAF,1,0
currActivityGroupList,NULL,INTERNAL,INTERNAL,TRANSFORM,LEAF,1,0
currActivityGroupName,NULL,INTERNAL,INTERNAL,TRANSFORM,LEAF,1,0
currActivity,NULL,INTERNAL,INTERNAL,TRANSFORM,LEAF,1,0
currAccountOutputRowNum,NULL,INTERNAL,INTERNAL,TRANSFORM,LEAF,1,0
currAccountTableRowNum,NULL,INTERNAL,INTERNAL,TRANSFORM,LEAF,1,0
currAccountMrr,NULL,INTERNAL,INTERNAL,TRANSFORM,LEAF,1,0
currAccountInteraction,NULL,INTERNAL,INTERNAL,TRANSFORM,LEAF,1,0
currAccountCadence,NULL,INTERNAL,INTERNAL,TRANSFORM,LEAF,1,0
currAccount,NULL,INTERNAL,INTERNAL,TRANSFORM,LEAF,1,0
createUnknownActivityCategories,NULL,INTERNAL,INTERNAL,OUTPUT,LEAF,1,0
CreateRunningBackups,NULL,INTERNAL,INTERNAL,OUTPUT,LEAF,1,0
createSampleTable,NULL,INTERNAL,INTERNAL,OUTPUT,LEAF,1,0
CreateUpdateFile,NULL,INTERNAL,INTERNAL,OUTPUT,LEAF,1,0
CreateUserAccount,NULL,INTERNAL,INTERNAL,OUTPUT,LEAF,1,0
createVirtualDirectory1,NULL,INTERNAL,INTERNAL,OUTPUT,LEAF,1,0
createVPCTasks,NULL,INTERNAL,INTERNAL,OUTPUT,LEAF,1,0
createWebSiteUrlTable,NULL,INTERNAL,INTERNAL,OUTPUT,LEAF,1,0
createWindowsEventLog1,NULL,INTERNAL,INTERNAL,OUTPUT,LEAF,1,0
createWindowsServerIncident,39,Cherwell,OTHER,OUTPUT,LEAF,1,0
createWorkflowCountTable,NULL,INTERNAL,INTERNAL,OUTPUT,LEAF,1,0
CreateVMStatusFailure,NULL,INTERNAL,INTERNAL,OUTPUT,LEAF,1,0
CreateVMSuccess,NULL,INTERNAL,INTERNAL,OUTPUT,LEAF,1,0
createServerListTable99,NULL,INTERNAL,INTERNAL,OUTPUT,LEAF,1,0
createServerOutput,NULL,INTERNAL,INTERNAL,OUTPUT,LEAF,1,0
CreateServersConclusion,NULL,INTERNAL,INTERNAL,OUTPUT,LEAF,1,0
CreateSnapShotLog,NULL,INTERNAL,INTERNAL,OUTPUT,LEAF,1,0
CreateSoftphone,NULL,INTERNAL,INTERNAL,OUTPUT,LEAF,1,0
CreateTable,NULL,INTERNAL,INTERNAL,OUTPUT,LEAF,1,0
createTempDataTable,NULL,INTERNAL,INTERNAL,OUTPUT,LEAF,1,0
createTerminationTicket,11,ServiceNow,BUSINESS,OUTPUT,LEAF,1,0
createTestingTable,NULL,INTERNAL,INTERNAL,OUTPUT,LEAF,1,0
createTestTable,NULL,INTERNAL,INTERNAL,OUTPUT,LEAF,1,0
createResumeListTable,NULL,INTERNAL,INTERNAL,OUTPUT,LEAF,1,0
createResumeReviewerTable,NULL,INTERNAL,INTERNAL,OUTPUT,LEAF,1,0
CreateRITM,NULL,INTERNAL,INTERNAL,OUTPUT,LEAF,1,0
createRitm,37,ServiceNow,BUSINESS,OUTPUT,LEAF,1,0
createRequestTicket,37,ServiceNow,BUSINESS,OUTPUT,LEAF,1,0
CreateResolveAuditTable,NULL,INTERNAL,INTERNAL,OUTPUT,LEAF,1,0
createResultsTable,NULL,INTERNAL,INTERNAL,OUTPUT,LEAF,1,0
currChildJobRowNum,NULL,INTERNAL,INTERNAL,TRANSFORM,LEAF,1,0
currChildJobTitle,NULL,INTERNAL,INTERNAL,TRANSFORM,LEAF,1,0
currChildNum,NULL,INTERNAL,INTERNAL,TRANSFORM,LEAF,1,0
currClassification,NULL,INTERNAL,INTERNAL,TRANSFORM,LEAF,1,0
currColA,NULL,INTERNAL,INTERNAL,TRANSFORM,LEAF,1,0
currColB,NULL,INTERNAL,INTERNAL,TRANSFORM,LEAF,1,0
currColC,NULL,INTERNAL,INTERNAL,TRANSFORM,LEAF,1,0
currColD,NULL,INTERNAL,INTERNAL,TRANSFORM,LEAF,1,0
currColName,NULL,INTERNAL,INTERNAL,TRANSFORM,LEAF,1,0
currColNameRowNum,NULL,INTERNAL,INTERNAL,TRANSFORM,LEAF,1,0
currColor,NULL,INTERNAL,INTERNAL,TRANSFORM,LEAF,1,0
currColRowNum,NULL,INTERNAL,INTERNAL,TRANSFORM,LEAF,1,0
currColumnName,NULL,INTERNAL,INTERNAL,TRANSFORM,LEAF,1,0
currCombinedVmRowNum,NULL,INTERNAL,INTERNAL,TRANSFORM,LEAF,1,0
currCommandLine,NULL,INTERNAL,INTERNAL,TRANSFORM,LEAF,1,0
currContractorLine,NULL,INTERNAL,INTERNAL,TRANSFORM,LEAF,1,0
currControlRowNum,NULL,INTERNAL,INTERNAL,TRANSFORM,LEAF,1,0
currAdGroupRowNum,NULL,INTERNAL,INTERNAL,TRANSFORM,LEAF,1,0
currAlertMetric,NULL,INTERNAL,INTERNAL,TRANSFORM,LEAF,1,0
currAlertThreshold,NULL,INTERNAL,INTERNAL,TRANSFORM,LEAF,1,0
currAllDataRowNum,NULL,INTERNAL,INTERNAL,TRANSFORM,LEAF,1,0
currAnimalRowNum,NULL,INTERNAL,INTERNAL,TRANSFORM,LEAF,1,0
currAnimalType,NULL,INTERNAL,INTERNAL,TRANSFORM,LEAF,1,0
currApachePort,NULL,INTERNAL,INTERNAL,TRANSFORM,LEAF,1,0
currApacheSiteRowNum,NULL,INTERNAL,INTERNAL,TRANSFORM,LEAF,1,0
currActivityInstanceCount,NULL,INTERNAL,INTERNAL,TRANSFORM,LEAF,1,0
currActivityInstanceRowNum,NULL,INTERNAL,INTERNAL,TRANSFORM,LEAF,1,0
currActivityLicType,NULL,INTERNAL,INTERNAL,TRANSFORM,LEAF,1,0
currActivityList,NULL,INTERNAL,INTERNAL,TRANSFORM,LEAF,1,0
currActivityListRowNum,NULL,INTERNAL,INTERNAL,TRANSFORM,LEAF,1,0
currActivityName,NULL,INTERNAL,INTERNAL,TRANSFORM,LEAF,1,0
currAssistantCheck,NULL,INTERNAL,INTERNAL,TRANSFORM,LEAF,1,0
currAdGroupListName,NULL,INTERNAL,INTERNAL,TRANSFORM,LEAF,1,0
currAdGroupListRowNum,NULL,INTERNAL,INTERNAL,TRANSFORM,LEAF,1,0
currDataColNum,NULL,INTERNAL,INTERNAL,TRANSFORM,LEAF,1,0
currDataLine,NULL,INTERNAL,INTERNAL,TRANSFORM,LEAF,1,0
currDataPoint,NULL,INTERNAL,INTERNAL,TRANSFORM,LEAF,1,0
currCertDetails,NULL,INTERNAL,INTERNAL,TRANSFORM,LEAF,1,0
currCertRowNum,NULL,INTERNAL,INTERNAL,TRANSFORM,LEAF,1,0
currCustomEventDimensions,NULL,INTERNAL,INTERNAL,TRANSFORM,LEAF,1,0
currCustomLabelDimensions,NULL,INTERNAL,INTERNAL,TRANSFORM,LEAF,1,0
currCustomValueDimensions,NULL,INTERNAL,INTERNAL,TRANSFORM,LEAF,1,0
currCycleLength,NULL,INTERNAL,INTERNAL,TRANSFORM,LEAF,1,0
currCycleUnit,NULL,INTERNAL,INTERNAL,TRANSFORM,LEAF,1,0
currData,NULL,INTERNAL,INTERNAL,TRANSFORM,LEAF,1,0
currDatacenter,NULL,INTERNAL,INTERNAL,TRANSFORM,LEAF,1,0
currCorrigoDocName,NULL,INTERNAL,INTERNAL,TRANSFORM,LEAF,1,0
currCorrigoDocRowNum,NULL,INTERNAL,INTERNAL,TRANSFORM,LEAF,1,0
currCorrigoDocUrl,NULL,INTERNAL,INTERNAL,TRANSFORM,LEAF,1,0
currCorrigoNotes,NULL,INTERNAL,INTERNAL,TRANSFORM,LEAF,1,0
currCorrigoNotesRowNum,NULL,INTERNAL,INTERNAL,TRANSFORM,LEAF,1,0
currCorrigoNoteText,NULL,INTERNAL,INTERNAL,TRANSFORM,LEAF,1,0
currCorrigoStatus,NULL,INTERNAL,INTERNAL,TRANSFORM,LEAF,1,0
currCorrigoTicketNotes,NULL,INTERNAL,INTERNAL,TRANSFORM,LEAF,1,0
currCreateDate,NULL,INTERNAL,INTERNAL,OUTPUT,LEAF,1,0
currAzureRowNum,NULL,INTERNAL,INTERNAL,TRANSFORM,LEAF,1,0
currAzureVmIPs,NULL,INTERNAL,INTERNAL,TRANSFORM,LEAF,1,0
currBackupFileRowNum,NULL,INTERNAL,INTERNAL,TRANSFORM,LEAF,1,0
currBadgeOldTitle,NULL,INTERNAL,INTERNAL,TRANSFORM,LEAF,1,0
currBindingPortIndex,NULL,INTERNAL,INTERNAL,TRANSFORM,LEAF,1,0
currBindingRowNum,NULL,INTERNAL,INTERNAL,TRANSFORM,LEAF,1,0
configSoftPhone,NULL,INTERNAL,INTERNAL,TRANSFORM,LEAF,1,0
configSoftPhoneResult,NULL,INTERNAL,INTERNAL,TRANSFORM,LEAF,1,0
configSoftPhoneStatusCode,NULL,INTERNAL,INTERNAL,TRANSFORM,LEAF,1,0
ConfigSuccess,NULL,INTERNAL,INTERNAL,TRANSFORM,LEAF,1,0
ConfigurationSuccess,NULL,INTERNAL,INTERNAL,TRANSFORM,LEAF,1,0
ConfigureNIC,NULL,INTERNAL,INTERNAL,TRANSFORM,LEAF,1,0
ConfigureNICNotes,NULL,INTERNAL,INTERNAL,TRANSFORM,LEAF,1,0
ConfigureNICStatus,NULL,INTERNAL,INTERNAL,TRANSFORM,LEAF,1,0
Computer,NULL,INTERNAL,INTERNAL,TRANSFORM,LEAF,1,0
Conclusions_affter_ssh2,NULL,INTERNAL,INTERNAL,TRANSFORM,LEAF,1,0
Conclusions_variables_debug,NULL,INTERNAL,INTERNAL,TRANSFORM,LEAF,1,0
conditionalWait2,NULL,INTERNAL,INTERNAL,WAIT,LEAF,1,0
conditionalWait3,NULL,INTERNAL,INTERNAL,WAIT,LEAF,1,0
conditionalWait4,NULL,INTERNAL,INTERNAL,WAIT,LEAF,1,0
configDeviceProfile,NULL,INTERNAL,INTERNAL,TRANSFORM,LEAF,1,0
configIPTableCount,NULL,INTERNAL,INTERNAL,TRANSFORM,LEAF,1,0
ConfigLineResult,NULL,INTERNAL,INTERNAL,TRANSFORM,LEAF,1,0
confirmAttachmentPresence,NULL,INTERNAL,INTERNAL,TRANSFORM,LEAF,1,0
confirmFileMove,NULL,INTERNAL,INTERNAL,TRANSFORM,LEAF,1,0
contains4,NULL,INTERNAL,INTERNAL,TRANSFORM,LEAF,1,0
contains5,NULL,INTERNAL,INTERNAL,TRANSFORM,LEAF,1,0
contains200,NULL,INTERNAL,INTERNAL,TRANSFORM,LEAF,1,0
CONNECT_TO_ISAM,NULL,INTERNAL,INTERNAL,TRANSFORM,LEAF,1,0
CONNECTION_ERROR_command_not_executed,NULL,INTERNAL,INTERNAL,TRANSFORM,LEAF,1,0
CONNECTION_ERROR_command_not_executed_SSH2,NULL,INTERNAL,INTERNAL,TRANSFORM,LEAF,1,0
CONNECTION_ERROR_ELSE,NULL,INTERNAL,INTERNAL,TRANSFORM,LEAF,1,0
CONNECTION_ERROR_ELSE_SSH2,NULL,INTERNAL,INTERNAL,TRANSFORM,LEAF,1,0
CONNECTION_ERROR_result_is_unknown,NULL,INTERNAL,INTERNAL,TRANSFORM,LEAF,1,0
CONNECTION_ERROR_result_is_unknown_SSH2,NULL,INTERNAL,INTERNAL,TRANSFORM,LEAF,1,0
CONNECTION_OK,NULL,INTERNAL,INTERNAL,TRANSFORM,LEAF,1,0
CONNECTION_OK_SSH2,NULL,INTERNAL,INTERNAL,TRANSFORM,LEAF,1,0
connectToROP,NULL,INTERNAL,INTERNAL,TRANSFORM,LEAF,1,0
Contains_Error,NULL,INTERNAL,INTERNAL,TRANSFORM,LEAF,1,0
contractorAdUser,NULL,INTERNAL,INTERNAL,TRANSFORM,LEAF,1,0
contractorAdUserCount,NULL,INTERNAL,INTERNAL,TRANSFORM,LEAF,1,0
contractorBodyCount,NULL,INTERNAL,INTERNAL,TRANSFORM,LEAF,1,0
contractorBodyUser,NULL,INTERNAL,INTERNAL,TRANSFORM,LEAF,1,0
contractorEmpNum,NULL,INTERNAL,INTERNAL,TRANSFORM,LEAF,1,0
contractorFullName,NULL,INTERNAL,INTERNAL,TRANSFORM,LEAF,1,0
contractorSamName,NULL,INTERNAL,INTERNAL,TRANSFORM,LEAF,1,0
ContractorTermDate,NULL,INTERNAL,INTERNAL,TRANSFORM,LEAF,1,0
conveartToHTMLTable1,NULL,INTERNAL,INTERNAL,TRANSFORM,LEAF,1,0
convertBase64ToFile,NULL,INTERNAL,INTERNAL,TRANSFORM,LEAF,1,0
ConvertCR_XMLToTable,NULL,INTERNAL,INTERNAL,TRANSFORM,LEAF,1,0
ConvertCreateDate,NULL,INTERNAL,INTERNAL,OUTPUT,LEAF,1,0
convertcurrModifiedDate,NULL,INTERNAL,INTERNAL,TRANSFORM,LEAF,1,0
convertDataToSqlData,NULL,INTERNAL,INTERNAL,TRANSFORM,LEAF,1,0
convertDateToFileTime1,NULL,INTERNAL,INTERNAL,TRANSFORM,LEAF,1,0
convertDbResultsToHTML,NULL,INTERNAL,INTERNAL,TRANSFORM,LEAF,1,0
convertedProcList,NULL,INTERNAL,INTERNAL,TRANSFORM,LEAF,1,0
convertEffEndDate,NULL,INTERNAL,INTERNAL,TRANSFORM,LEAF,1,0
convertEffStartDate,NULL,INTERNAL,INTERNAL,TRANSFORM,LEAF,1,0
convertHexStringToDecimal1,NULL,INTERNAL,INTERNAL,TRANSFORM,LEAF,1,0
convertHtmlToPlainText1,NULL,INTERNAL,INTERNAL,TRANSFORM,LEAF,1,0
convertNextRenewalDate,NULL,INTERNAL,INTERNAL,TRANSFORM,LEAF,1,0
containsGrouping,NULL,INTERNAL,INTERNAL,TRANSFORM,LEAF,1,0
containsHrList,NULL,INTERNAL,INTERNAL,TRANSFORM,LEAF,1,0
containsHTTPS,NULL,INTERNAL,INTERNAL,TRANSFORM,LEAF,1,0
containsIsEmpty,NULL,INTERNAL,INTERNAL,TRANSFORM,LEAF,1,0
containsBamboo,NULL,INTERNAL,INTERNAL,TRANSFORM,LEAF,1,0
containsCentos,NULL,INTERNAL,INTERNAL,TRANSFORM,LEAF,1,0
containsColon,NULL,INTERNAL,INTERNAL,TRANSFORM,LEAF,1,0
containsDays,NULL,INTERNAL,INTERNAL,TRANSFORM,LEAF,1,0
containsEmpty,NULL,INTERNAL,INTERNAL,TRANSFORM,LEAF,1,0
containsPercent,NULL,INTERNAL,INTERNAL,TRANSFORM,LEAF,1,0
containsNositesfound,NULL,INTERNAL,INTERNAL,TRANSFORM,LEAF,1,0
containsLocalMachine,NULL,INTERNAL,INTERNAL,TRANSFORM,LEAF,1,0
containsMeridian,NULL,INTERNAL,INTERNAL,TRANSFORM,LEAF,1,0
containsErrorPreDBInsert,NULL,INTERNAL,INTERNAL,TRANSFORM,LEAF,1,0
containsErrors,NULL,INTERNAL,INTERNAL,TRANSFORM,LEAF,1,0
convertPreviousRenewalDate,NULL,INTERNAL,INTERNAL,TRANSFORM,LEAF,1,0
convertQueryResults,NULL,INTERNAL,INTERNAL,INPUT,LEAF,1,0
convertTabletoCSV1,NULL,INTERNAL,INTERNAL,TRANSFORM,LEAF,1,0
containsTotal,NULL,INTERNAL,INTERNAL,TRANSFORM,LEAF,1,0
containsTotalCountZero,NULL,INTERNAL,INTERNAL,TRANSFORM,LEAF,1,0
containsTrue,NULL,INTERNAL,INTERNAL,TRANSFORM,LEAF,1,0
containsUbuntu,NULL,INTERNAL,INTERNAL,TRANSFORM,LEAF,1,0
containsUseCases,NULL,INTERNAL,INTERNAL,TRANSFORM,LEAF,1,0
containsUserInGroup,NULL,INTERNAL,INTERNAL,TRANSFORM,LEAF,1,0
containsRedHat,NULL,INTERNAL,INTERNAL,TRANSFORM,LEAF,1,0
containsWindows,NULL,INTERNAL,INTERNAL,TRANSFORM,LEAF,1,0
containsYes,NULL,INTERNAL,INTERNAL,TRANSFORM,LEAF,1,0
convertTextToTable1,NULL,INTERNAL,INTERNAL,TRANSFORM,LEAF,1,0
convertToBaseSixtyFourString1,NULL,INTERNAL,INTERNAL,TRANSFORM,LEAF,1,0
ConverttoJSon,NULL,INTERNAL,INTERNAL,TRANSFORM,LEAF,1,0
convertToHTMLTable2,NULL,INTERNAL,INTERNAL,TRANSFORM,LEAF,1,0
copyToNewTable,NULL,INTERNAL,INTERNAL,TRANSFORM,LEAF,1,0
copyUserTableToPrevious,NULL,INTERNAL,INTERNAL,TRANSFORM,LEAF,1,0
CoresPerCPU,NULL,INTERNAL,INTERNAL,TRANSFORM,LEAF,1,0
copyMSI,NULL,INTERNAL,INTERNAL,TRANSFORM,LEAF,1,0
convertUNIXTimeToHumanReadable1,NULL,INTERNAL,INTERNAL,TRANSFORM,LEAF,1,0
ConvertUserOptionValueTable,NULL,INTERNAL,INTERNAL,TRANSFORM,LEAF,1,0
convertVmToTemplate,NULL,INTERNAL,INTERNAL,TRANSFORM,LEAF,1,0
CopyALLLogs,NULL,INTERNAL,INTERNAL,TRANSFORM,LEAF,1,0
CopyIIS,NULL,INTERNAL,INTERNAL,TRANSFORM,LEAF,1,0
CopyIISError,NULL,INTERNAL,INTERNAL,TRANSFORM,LEAF,1,0
copyInstallScript,NULL,INTERNAL,INTERNAL,TRANSFORM,LEAF,1,0
CopyLogFile,NULL,INTERNAL,INTERNAL,TRANSFORM,LEAF,1,0
CopyLogFileAfterRestart,NULL,INTERNAL,INTERNAL,TRANSFORM,LEAF,1,0
corrigoCompletionNote,NULL,INTERNAL,INTERNAL,TRANSFORM,LEAF,1,0
corrigoCompNoteJson,NULL,INTERNAL,INTERNAL,TRANSFORM,LEAF,1,0
corrigoCompNoteTable,NULL,INTERNAL,INTERNAL,TRANSFORM,LEAF,1,0
corrigoAssetTaskCount,NULL,INTERNAL,INTERNAL,TRANSFORM,LEAF,1,0
CorrigoCommentCompare,NULL,INTERNAL,INTERNAL,TRANSFORM,LEAF,1,0
corrigoAssetAndTaskInfo,NULL,INTERNAL,INTERNAL,TRANSFORM,LEAF,1,0
CorrigoCurrentStatusNotCompleted,NULL,INTERNAL,INTERNAL,TRANSFORM,LEAF,1,0
corrigoCustomFields,NULL,INTERNAL,INTERNAL,TRANSFORM,LEAF,1,0
corrigoCustomFieldsJson,NULL,INTERNAL,INTERNAL,TRANSFORM,LEAF,1,0
corrigoCustomFieldsTable,NULL,INTERNAL,INTERNAL,TRANSFORM,LEAF,1,0
corrigoDownloadedCount,NULL,INTERNAL,INTERNAL,TRANSFORM,LEAF,1,0
corrigoDownloadedDocs,NULL,INTERNAL,INTERNAL,TRANSFORM,LEAF,1,0
corrigoGetTicketsByDate1,NULL,INTERNAL,INTERNAL,INPUT,LEAF,1,0
corrigoGetTicketsByDesc1,NULL,INTERNAL,INTERNAL,INPUT,LEAF,1,0
corrigoGetTicketsByWO1,NULL,INTERNAL,INTERNAL,INPUT,LEAF,1,0
corrigoGetToken1,NULL,INTERNAL,INTERNAL,INPUT,LEAF,1,0
corrigoItems,NULL,INTERNAL,INTERNAL,TRANSFORM,LEAF,1,0
corrigoItemsJson,NULL,INTERNAL,INTERNAL,TRANSFORM,LEAF,1,0
corrigoItemsTable,NULL,INTERNAL,INTERNAL,TRANSFORM,LEAF,1,0
corrigoMappingCount,NULL,INTERNAL,INTERNAL,TRANSFORM,LEAF,1,0
ClosedJIRA_Denied1,27,Jira,BUSINESS,TRANSFORM,LEAF,1,0
closeExchangeTask,11,ServiceNow,BUSINESS,INPUT,LEAF,1,0
closeTicketAfterRestart,11,ServiceNow,BUSINESS,TRANSFORM,LEAF,1,0
closeTicketIssueResolved,11,ServiceNow,BUSINESS,TRANSFORM,LEAF,1,0
closeUserRolesString,NULL,INTERNAL,INTERNAL,TRANSFORM,LEAF,1,0
clearUserTable,NULL,INTERNAL,INTERNAL,TRANSFORM,LEAF,1,0
ClearUserValues,NULL,INTERNAL,INTERNAL,TRANSFORM,LEAF,1,0
closeDataDiskPayload,NULL,INTERNAL,INTERNAL,TRANSFORM,LEAF,1,0
closeOutputString,NULL,INTERNAL,INTERNAL,TRANSFORM,LEAF,1,0
closePayloadData,NULL,INTERNAL,INTERNAL,TRANSFORM,LEAF,1,0
closeSpPayloadData,NULL,INTERNAL,INTERNAL,TRANSFORM,LEAF,1,0
collectAccountInfoSubErrors,NULL,INTERNAL,INTERNAL,TRANSFORM,LEAF,1,0
collectResultsFromSubWf,NULL,INTERNAL,INTERNAL,TRANSFORM,LEAF,1,0
collectUserGroupRoles,NULL,INTERNAL,INTERNAL,TRANSFORM,LEAF,1,0
colNameEnd,NULL,INTERNAL,INTERNAL,TRANSFORM,LEAF,1,0
colNames,NULL,INTERNAL,INTERNAL,TRANSFORM,LEAF,1,0
colNamesCount,NULL,INTERNAL,INTERNAL,TRANSFORM,LEAF,1,0
color_change,NULL,INTERNAL,INTERNAL,TRANSFORM,LEAF,1,0
combinedVmCount,NULL,INTERNAL,INTERNAL,TRANSFORM,LEAF,1,0
commandCount,NULL,INTERNAL,INTERNAL,TRANSFORM,LEAF,1,0
Comments,NULL,INTERNAL,INTERNAL,TRANSFORM,LEAF,1,0
Comments_PROPS,NULL,INTERNAL,INTERNAL,TRANSFORM,LEAF,1,0
CommentStatusInJira,NULL,INTERNAL,INTERNAL,TRANSFORM,LEAF,1,0
CommentToAddScheduleTask,27,Jira,BUSINESS,TRANSFORM,LEAF,1,0
communicate1,NULL,INTERNAL,INTERNAL,TRANSFORM,LEAF,1,0
Compareexistingjiracomment,NULL,INTERNAL,INTERNAL,TRANSFORM,LEAF,1,0
CompareexistingSMAXCommnets,NULL,INTERNAL,INTERNAL,TRANSFORM,LEAF,1,0
compareSvcsStrings,NULL,INTERNAL,INTERNAL,TRANSFORM,LEAF,1,0
CloneName,NULL,INTERNAL,INTERNAL,TRANSFORM,LEAF,1,0
CloneVDError,NULL,INTERNAL,INTERNAL,TRANSFORM,LEAF,1,0
CloneVDnotes,NULL,INTERNAL,INTERNAL,TRANSFORM,LEAF,1,0
CloneVDstatus,NULL,INTERNAL,INTERNAL,TRANSFORM,LEAF,1,0
CloneVirtualDesktop,NULL,INTERNAL,INTERNAL,TRANSFORM,LEAF,1,0
closeCase_CLUSTER_UP,11,ServiceNow,BUSINESS,TRANSFORM,LEAF,1,0
clearOldTitle,NULL,INTERNAL,INTERNAL,TRANSFORM,LEAF,1,0
clearPreviousUserTable,NULL,INTERNAL,INTERNAL,TRANSFORM,LEAF,1,0
ClearGroupData,NULL,INTERNAL,INTERNAL,TRANSFORM,LEAF,1,0
clearNewTitle,NULL,INTERNAL,INTERNAL,TRANSFORM,LEAF,1,0
cleanServerNotes,NULL,INTERNAL,INTERNAL,TRANSFORM,LEAF,1,0
cleanserverNotesText,NULL,INTERNAL,INTERNAL,TRANSFORM,LEAF,1,0
cleanMyVar,NULL,INTERNAL,INTERNAL,TRANSFORM,LEAF,1,0
cleanUnlock,NULL,INTERNAL,INTERNAL,TRANSFORM,LEAF,1,0
clearDisplayedIncident1,NULL,INTERNAL,INTERNAL,TRANSFORM,LEAF,1,0
ClearDomainData,NULL,INTERNAL,INTERNAL,TRANSFORM,LEAF,1,0
clearErrorList,NULL,INTERNAL,INTERNAL,TRANSFORM,LEAF,1,0
cleanVerticaDatabaseName_1,NULL,INTERNAL,INTERNAL,TRANSFORM,LEAF,1,0
cleanVerticaDatabaseName_2,NULL,INTERNAL,INTERNAL,TRANSFORM,LEAF,1,0
cleanVerticaLogStartTime,NULL,INTERNAL,INTERNAL,TRANSFORM,LEAF,1,0
clearAdDataTable,NULL,INTERNAL,INTERNAL,TRANSFORM,LEAF,1,0
cherwellCreateRecord1,18,INTERNAL,OTHER,OUTPUT,LEAF,1,1
cherwellCreateRecord1,39,Cherwell,OTHER,OUTPUT,LEAF,1,0
cherwellDownloadAttachment1,39,Cherwell,OTHER,TRANSFORM,LEAF,1,0
cherwellGetAttachmentList1,39,Cherwell,OTHER,INPUT,LEAF,1,0
cherwellUpdateRecord2,NULL,INTERNAL,INTERNAL,OUTPUT,LEAF,1,0
cherwellUpdateRecord3,18,INTERNAL,OTHER,OUTPUT,LEAF,1,1
cherwellUploadAttachment1,39,Cherwell,OTHER,TRANSFORM,LEAF,1,0
CheckUptimeCounter,NULL,INTERNAL,INTERNAL,TRANSFORM,LEAF,1,0
CheckUserAuth,NULL,INTERNAL,INTERNAL,TRANSFORM,LEAF,1,0
CheckScreenSaverStatus,NULL,INTERNAL,INTERNAL,TRANSFORM,LEAF,1,0
chownRedisAndRestartServices,NULL,INTERNAL,INTERNAL,TRANSFORM,LEAF,1,0
CiscoBackup,NULL,INTERNAL,INTERNAL,TRANSFORM,LEAF,1,0
ciscoChangeVlan1,NULL,INTERNAL,INTERNAL,TRANSFORM,LEAF,1,0
CiscoVersion,NULL,INTERNAL,INTERNAL,TRANSFORM,LEAF,1,0
cleanBadProcess,NULL,INTERNAL,INTERNAL,TRANSFORM,LEAF,1,0
cleancurrIisListSites,NULL,INTERNAL,INTERNAL,TRANSFORM,LEAF,1,0
cleancurrIisSiteResult,NULL,INTERNAL,INTERNAL,TRANSFORM,LEAF,1,0
cleancurrInstalledSoftware,NULL,INTERNAL,INTERNAL,TRANSFORM,LEAF,1,0
cleanCurrRow,NULL,INTERNAL,INTERNAL,TRANSFORM,LEAF,1,0
cleancurrServerName,NULL,INTERNAL,INTERNAL,TRANSFORM,LEAF,1,0
cleancurrServerOs,NULL,INTERNAL,INTERNAL,TRANSFORM,LEAF,1,0
cleanedWfData,NULL,INTERNAL,INTERNAL,TRANSFORM,LEAF,1,0
cleanExtractedIPs,NULL,INTERNAL,INTERNAL,TRANSFORM,LEAF,1,0
cleanHtmlData,NULL,INTERNAL,INTERNAL,TRANSFORM,LEAF,1,0
childDataSession,NULL,INTERNAL,INTERNAL,TRANSFORM,LEAF,1,0
childProcessCounter,NULL,INTERNAL,INTERNAL,TRANSFORM,LEAF,1,0
cherwellUpdateRecord1,18,INTERNAL,OTHER,OUTPUT,LEAF,1,1
CheckRebootFinishAfterRestart,NULL,INTERNAL,INTERNAL,TRANSFORM,LEAF,1,0
checkRedisOwnership,NULL,INTERNAL,INTERNAL,TRANSFORM,LEAF,1,0
CheckRemainingUpdatesLog,NULL,INTERNAL,INTERNAL,OUTPUT,LEAF,1,0
checkRunForResponse,NULL,INTERNAL,INTERNAL,TRANSFORM,LEAF,1,0
checkRunningChildrenAgain,NULL,INTERNAL,INTERNAL,TRANSFORM,LEAF,1,0
CheckNextNameAD,NULL,INTERNAL,INTERNAL,TRANSFORM,LEAF,1,0
checkNumberField,NULL,INTERNAL,INTERNAL,TRANSFORM,LEAF,1,0
CheckOS,NULL,INTERNAL,INTERNAL,TRANSFORM,LEAF,1,0
checkPeer,9,INTERNAL,OTHER,TRANSFORM,LEAF,1,1
CheckMachineStart,NULL,INTERNAL,INTERNAL,TRANSFORM,LEAF,1,0
CheckMemorySecond,NULL,INTERNAL,INTERNAL,TRANSFORM,LEAF,1,0
CheckSystemStartError,NULL,INTERNAL,INTERNAL,TRANSFORM,LEAF,1,0
CheckSystemStartSuccess,NULL,INTERNAL,INTERNAL,TRANSFORM,LEAF,1,0
CheckTableExist,NULL,INTERNAL,INTERNAL,TRANSFORM,LEAF,1,0
checkTotalRevenue,NULL,INTERNAL,INTERNAL,TRANSFORM,LEAF,1,0
checkPingSuccess,NULL,INTERNAL,INTERNAL,TRANSFORM,LEAF,1,0
CheckProcessCount,NULL,INTERNAL,INTERNAL,TRANSFORM,LEAF,1,0
checkProject,NULL,INTERNAL,INTERNAL,TRANSFORM,LEAF,1,0
CheckServerIsBusyUpdate,NULL,INTERNAL,INTERNAL,OUTPUT,LEAF,1,0
CheckServerIsBusyUpdateAfterReboot,NULL,INTERNAL,INTERNAL,OUTPUT,LEAF,1,0
checkServices,NULL,INTERNAL,INTERNAL,TRANSFORM,LEAF,1,0
checkServicesDeltaCount,NULL,INTERNAL,INTERNAL,TRANSFORM,LEAF,1,0
CheckServicesStatus,NULL,INTERNAL,INTERNAL,TRANSFORM,LEAF,1,0
getJiraProjectCount,NULL,INTERNAL,INTERNAL,INPUT,LEAF,1,0
getJiraTicketCountDCO,NULL,INTERNAL,INTERNAL,INPUT,LEAF,1,0
getJiraTicketCountIAM,NULL,INTERNAL,INTERNAL,INPUT,LEAF,1,0
getJiraTicketCountL2O,NULL,INTERNAL,INTERNAL,INPUT,LEAF,1,0
getJiraTicketCountNETOP,NULL,INTERNAL,INTERNAL,INPUT,LEAF,1,0
getJiraTicketCountPEOS,NULL,INTERNAL,INTERNAL,INPUT,LEAF,1,0
getJiraTicketCountPlaces,NULL,INTERNAL,INTERNAL,INPUT,LEAF,1,0
getJiraTicketCountSRES,NULL,INTERNAL,INTERNAL,INPUT,LEAF,1,0
getJiraTicketCountUCC,NULL,INTERNAL,INTERNAL,INPUT,LEAF,1,0
GetIPAddress,NULL,INTERNAL,INTERNAL,INPUT,LEAF,1,0
getInstallationPath,NULL,INTERNAL,INTERNAL,INPUT,LEAF,1,0
getInstalledSoftware2,NULL,INTERNAL,INTERNAL,INPUT,LEAF,1,0
GetJIRA_Info,27,Jira,BUSINESS,INPUT,LEAF,1,0
getJiraAttachFilePath,NULL,INTERNAL,INTERNAL,INPUT,LEAF,1,0
getKilledStatus,NULL,INTERNAL,INTERNAL,INPUT,LEAF,1,0
getLocation,NULL,INTERNAL,INTERNAL,INPUT,LEAF,1,0
getLogLinesByInterval,NULL,INTERNAL,INTERNAL,INPUT,LEAF,1,0
getLuns,9,INTERNAL,OTHER,INPUT,LEAF,1,1
getLunsCount,NULL,INTERNAL,INTERNAL,INPUT,LEAF,1,0
GetMasterServer,NULL,INTERNAL,INTERNAL,INPUT,LEAF,1,0
GetMemRunning,NULL,INTERNAL,INTERNAL,INPUT,LEAF,1,0
getMeridianStatus,NULL,INTERNAL,INTERNAL,INPUT,LEAF,1,0
GetMachineType,NULL,INTERNAL,INTERNAL,INPUT,LEAF,1,0
GetMailbox,NULL,INTERNAL,INTERNAL,INPUT,LEAF,1,0
getManagerInfo,NULL,INTERNAL,INTERNAL,INPUT,LEAF,1,0
getModuleInfo,NULL,INTERNAL,INTERNAL,INPUT,LEAF,1,0
getMonthlyInfo,NULL,INTERNAL,INTERNAL,INPUT,LEAF,1,0
GetOptimalServiceName,NULL,INTERNAL,INTERNAL,INPUT,LEAF,1,0
GetNBUVersion,NULL,INTERNAL,INTERNAL,INPUT,LEAF,1,0
getNetFramework,NULL,INTERNAL,INTERNAL,INPUT,LEAF,1,0
getNewEventCount,NULL,INTERNAL,INTERNAL,INPUT,LEAF,1,0
getNewUserInfo,NULL,INTERNAL,INTERNAL,INPUT,LEAF,1,0
getNewVMTask,NULL,INTERNAL,INTERNAL,INPUT,LEAF,1,0
GetNextADComputerObjects,NULL,INTERNAL,INTERNAL,INPUT,LEAF,1,0
GetNextName,NULL,INTERNAL,INTERNAL,INPUT,LEAF,1,0
getNow,NULL,INTERNAL,INTERNAL,INPUT,LEAF,1,0
getOfferingMapping,NULL,INTERNAL,INTERNAL,INPUT,LEAF,1,0
GetPrimaryOncallPhone,NULL,INTERNAL,INTERNAL,INPUT,LEAF,1,0
GetProcessNameFromLM,NULL,INTERNAL,INTERNAL,INPUT,LEAF,1,0
getPwdLastSet,NULL,INTERNAL,INTERNAL,INPUT,LEAF,1,0
getRedisInfo,NULL,INTERNAL,INTERNAL,INPUT,LEAF,1,0
getresourcePoolObj,NULL,INTERNAL,INTERNAL,INPUT,LEAF,1,0
getPatchingStatusAndNotes,NULL,INTERNAL,INTERNAL,INPUT,LEAF,1,0
getPath,NULL,INTERNAL,INTERNAL,INPUT,LEAF,1,0
getPercentageSizeUsed,NULL,INTERNAL,INTERNAL,INPUT,LEAF,1,0
getPidLine,NULL,INTERNAL,INTERNAL,INPUT,LEAF,1,0
GetOSVersion,NULL,INTERNAL,INTERNAL,INPUT,LEAF,1,0
getOwnedByTeamIDLinux,NULL,INTERNAL,INTERNAL,INPUT,LEAF,1,0
getOwnedByTeamIDWindows,NULL,INTERNAL,INTERNAL,INPUT,LEAF,1,0
getHrEmailByCountry,NULL,INTERNAL,INTERNAL,INPUT,LEAF,1,0
getHttpData,NULL,INTERNAL,INTERNAL,INPUT,LEAF,1,0
getIncs,NULL,INTERNAL,INTERNAL,INPUT,LEAF,1,0
GetHostCPUBefore,NULL,INTERNAL,INTERNAL,INPUT,LEAF,1,0
GetHostMemBefore,NULL,INTERNAL,INTERNAL,INPUT,LEAF,1,0
getExternalInternetIPAddress1,NULL,INTERNAL,INTERNAL,INPUT,LEAF,1,0
getFileCreationDate,NULL,INTERNAL,INTERNAL,INPUT,LEAF,1,0
getGlobalCreds,NULL,INTERNAL,INTERNAL,INPUT,LEAF,1,0
getGlobalMappingData,NULL,INTERNAL,INTERNAL,INPUT,LEAF,1,0
getGlobals,NULL,INTERNAL,INTERNAL,INPUT,LEAF,1,0
getHardPhoneTemplate,NULL,INTERNAL,INTERNAL,INPUT,LEAF,1,0
getHeaderValue1,NULL,INTERNAL,INTERNAL,INPUT,LEAF,1,0
getHomeDrivePath,NULL,INTERNAL,INTERNAL,INPUT,LEAF,1,0
getExpiredMonth,NULL,INTERNAL,INTERNAL,INPUT,LEAF,1,0
getExpiredYear,NULL,INTERNAL,INTERNAL,INPUT,LEAF,1,0
getFirstInitial,NULL,INTERNAL,INTERNAL,INPUT,LEAF,1,0
getFolderforDel,NULL,INTERNAL,INTERNAL,INPUT,LEAF,1,0
getfolderObj,NULL,INTERNAL,INTERNAL,INPUT,LEAF,1,0
GetEventName,NULL,INTERNAL,INTERNAL,INPUT,LEAF,1,0
getdatastoreObj,NULL,INTERNAL,INTERNAL,INPUT,LEAF,1,0
getDataTemplateDeviceProfile,NULL,INTERNAL,INTERNAL,INPUT,LEAF,1,0
getDataTemplateLine,NULL,INTERNAL,INTERNAL,INPUT,LEAF,1,0
getDataTemplateSoftPhone,NULL,INTERNAL,INTERNAL,INPUT,LEAF,1,0
getDataPoint,NULL,INTERNAL,INTERNAL,INPUT,LEAF,1,0
getCustomerProfile,39,Cherwell,OTHER,INPUT,LEAF,1,0
getCustomers,NULL,INTERNAL,INTERNAL,INPUT,LEAF,1,0
getCurrentSecond,NULL,INTERNAL,INTERNAL,INPUT,LEAF,1,0
getCurrentSize,NULL,INTERNAL,INTERNAL,INPUT,LEAF,1,0
getCurrDate,NULL,INTERNAL,INTERNAL,INPUT,LEAF,1,0
getDatePEOSDueDate,NULL,INTERNAL,INTERNAL,INPUT,LEAF,1,0
getDdmPage,NULL,INTERNAL,INTERNAL,INPUT,LEAF,1,0
getDefaultEmail,NULL,INTERNAL,INTERNAL,INPUT,LEAF,1,0
getDeployment,NULL,INTERNAL,INTERNAL,INPUT,LEAF,1,0
GetDescription,NULL,INTERNAL,INTERNAL,INPUT,LEAF,1,0
GetDeviceProfileTemplate,NULL,INTERNAL,INTERNAL,INPUT,LEAF,1,0
GetDNSName,NULL,INTERNAL,INTERNAL,INPUT,LEAF,1,0
getDotNetSection,NULL,INTERNAL,INTERNAL,INPUT,LEAF,1,0
getEndTime,NULL,INTERNAL,INTERNAL,INPUT,LEAF,1,0
GetComputerName,NULL,INTERNAL,INTERNAL,INPUT,LEAF,1,0
GetComputers,NULL,INTERNAL,INTERNAL,INPUT,LEAF,1,0
getConditions,NULL,INTERNAL,INTERNAL,INPUT,LEAF,1,0
getConfirmUserInImport,NULL,INTERNAL,INTERNAL,INPUT,LEAF,1,0
getCorrigoDoc,NULL,INTERNAL,INTERNAL,INPUT,LEAF,1,0
getCorrigoLastPoll,NULL,INTERNAL,INTERNAL,INPUT,LEAF,1,0
getCorrigoMappings,NULL,INTERNAL,INTERNAL,INPUT,LEAF,1,0
getCurrentDateTime,NULL,INTERNAL,INTERNAL,INPUT,LEAF,1,0
getCurrentDay,NULL,INTERNAL,INTERNAL,INPUT,LEAF,1,0
getCurrentFileName,NULL,INTERNAL,INTERNAL,INPUT,LEAF,1,0
getCurrentHour,NULL,INTERNAL,INTERNAL,INPUT,LEAF,1,0
getCurrentMinute,NULL,INTERNAL,INTERNAL,INPUT,LEAF,1,0
GetCPURunning,NULL,INTERNAL,INTERNAL,INPUT,LEAF,1,0
getCellValue4,NULL,INTERNAL,INTERNAL,INPUT,LEAF,1,0
getCellValue5,NULL,INTERNAL,INTERNAL,INPUT,LEAF,1,0
getCellValue6,NULL,INTERNAL,INTERNAL,INPUT,LEAF,1,0
getCellValueAdvanced1,NULL,INTERNAL,INTERNAL,INPUT,LEAF,1,0
getCellValueNoError1,NULL,INTERNAL,INTERNAL,INPUT,LEAF,1,0
GetClassification,NULL,INTERNAL,INTERNAL,INPUT,LEAF,1,0
getclusterObj,NULL,INTERNAL,INTERNAL,INPUT,LEAF,1,0
getColumnName1,NULL,INTERNAL,INTERNAL,INPUT,LEAF,1,0
getAttachFolderList,NULL,INTERNAL,INTERNAL,INPUT,LEAF,1,0
getAttachmentName,NULL,INTERNAL,INTERNAL,INPUT,LEAF,1,0
getColumns2,NULL,INTERNAL,INTERNAL,INPUT,LEAF,1,0
getAdditionalPages,NULL,INTERNAL,INTERNAL,INPUT,LEAF,1,0
getAddress,NULL,INTERNAL,INTERNAL,INPUT,LEAF,1,0
getActivityInstanceRowInfo,NULL,INTERNAL,INTERNAL,INPUT,LEAF,1,0
ftpRenameFolder1,NULL,INTERNAL,INTERNAL,TRANSFORM,LEAF,1,0
ftUserCount,NULL,INTERNAL,INTERNAL,TRANSFORM,LEAF,1,0
fullName,NULL,INTERNAL,INTERNAL,TRANSFORM,LEAF,1,0
getAzureVm,NULL,INTERNAL,INTERNAL,INPUT,LEAF,1,0
getBodyFromTemplateHardPhone,NULL,INTERNAL,INTERNAL,INPUT,LEAF,1,0
getCatalogItems,11,ServiceNow,BUSINESS,INPUT,LEAF,1,0
getCatalogItemsError,NULL,INTERNAL,INTERNAL,INPUT,LEAF,1,0
getCategory,NULL,INTERNAL,INTERNAL,INPUT,LEAF,1,0
getAddressSQL,NULL,INTERNAL,INTERNAL,INPUT,LEAF,1,0
getADGroup,NULL,INTERNAL,INTERNAL,INPUT,LEAF,1,0
getAlias,11,ServiceNow,BUSINESS,INPUT,LEAF,1,0
GetAllServices,NULL,INTERNAL,INTERNAL,INPUT,LEAF,1,0
getAssetCategory,NULL,INTERNAL,INTERNAL,INPUT,LEAF,1,0
generateVerticaLogs,NULL,INTERNAL,INTERNAL,TRANSFORM,LEAF,1,0
Get_Email,NULL,INTERNAL,INTERNAL,INPUT,LEAF,1,0
get_host,NULL,INTERNAL,INTERNAL,INPUT,LEAF,1,0
get_hostname,NULL,INTERNAL,INTERNAL,INPUT,LEAF,1,0
get_Mname,NULL,INTERNAL,INTERNAL,INPUT,LEAF,1,0
get_Mnumber,NULL,INTERNAL,INTERNAL,INPUT,LEAF,1,0
get_port,NULL,INTERNAL,INTERNAL,INPUT,LEAF,1,0
Get_sname,NULL,INTERNAL,INTERNAL,INPUT,LEAF,1,0
Get_VMHostName_2016,NULL,INTERNAL,INTERNAL,INPUT,LEAF,1,0
Get_VMHostName_R2,NULL,INTERNAL,INTERNAL,INPUT,LEAF,1,0
Get_VMInfo,NULL,INTERNAL,INTERNAL,INPUT,LEAF,1,0
Get_VMInfo_2016,NULL,INTERNAL,INTERNAL,INPUT,LEAF,1,0
getActivity,NULL,INTERNAL,INTERNAL,INPUT,LEAF,1,0
getActivityCategories,NULL,INTERNAL,INTERNAL,INPUT,LEAF,1,0
gDriveGetFile1,NULL,INTERNAL,INTERNAL,INPUT,LEAF,1,0
gDriveUploadFile1,NULL,INTERNAL,INTERNAL,TRANSFORM,LEAF,1,0
GeneralConfigMgrError,NULL,INTERNAL,INTERNAL,TRANSFORM,LEAF,1,0
generateAyehuNGToken,NULL,INTERNAL,INTERNAL,TRANSFORM,LEAF,1,0
generateEpochTimestamp,NULL,INTERNAL,INTERNAL,TRANSFORM,LEAF,1,0
generateNewTicketValues,NULL,INTERNAL,INTERNAL,TRANSFORM,LEAF,1,0
generateRandomString,NULL,INTERNAL,INTERNAL,TRANSFORM,LEAF,1,0
GenerateRequest,NULL,INTERNAL,INTERNAL,TRANSFORM,LEAF,1,0
folderRename1,NULL,INTERNAL,INTERNAL,TRANSFORM,LEAF,1,0
ftpDeleteFolder1,NULL,INTERNAL,INTERNAL,TRANSFORM,LEAF,1,0
ftpFileExists1,NULL,INTERNAL,INTERNAL,TRANSFORM,LEAF,1,0
ftpPutFile1,NULL,INTERNAL,INTERNAL,TRANSFORM,LEAF,1,0
fsRecordModifyTime,NULL,INTERNAL,INTERNAL,TRANSFORM,LEAF,1,0
ftEmailDataCount,NULL,INTERNAL,INTERNAL,TRANSFORM,LEAF,1,0
ftpCreateFolder1,NULL,INTERNAL,INTERNAL,OUTPUT,LEAF,1,0
FoldersToBeCreated,NULL,INTERNAL,INTERNAL,OUTPUT,LEAF,1,0
ForceDCforENT2,NULL,INTERNAL,INTERNAL,TRANSFORM,LEAF,1,0
formatDate1,NULL,INTERNAL,INTERNAL,TRANSFORM,LEAF,1,0
formatDate2,NULL,INTERNAL,INTERNAL,TRANSFORM,LEAF,1,0
formatEffectiveEndDate,NULL,INTERNAL,INTERNAL,TRANSFORM,LEAF,1,0
formatEffectiveStartDate,NULL,INTERNAL,INTERNAL,TRANSFORM,LEAF,1,0
formatNextRenewalDate,NULL,INTERNAL,INTERNAL,TRANSFORM,LEAF,1,0
formatPreviousRenewalDate,NULL,INTERNAL,INTERNAL,TRANSFORM,LEAF,1,0
foundAlert,NULL,INTERNAL,INTERNAL,TRANSFORM,LEAF,1,0
foundEnableScripts,NULL,INTERNAL,INTERNAL,TRANSFORM,LEAF,1,0
foundExecutionPolicy,NULL,INTERNAL,INTERNAL,TRANSFORM,LEAF,1,0
freshSuccessDataCount,NULL,INTERNAL,INTERNAL,TRANSFORM,LEAF,1,0
FromJIRA,NULL,INTERNAL,INTERNAL,TRANSFORM,LEAF,1,0
folderCopy2,NULL,INTERNAL,INTERNAL,TRANSFORM,LEAF,1,0
folderCopywait,NULL,INTERNAL,INTERNAL,WAIT,LEAF,1,0
folderExistMyScannedFiles,NULL,INTERNAL,INTERNAL,TRANSFORM,LEAF,1,0
fixSingleQuotes,NULL,INTERNAL,INTERNAL,TRANSFORM,LEAF,1,0
fixZayo,NULL,INTERNAL,INTERNAL,TRANSFORM,LEAF,1,0
flag_successul_connection,NULL,INTERNAL,INTERNAL,TRANSFORM,LEAF,1,0
flag_successul_connection_SSH2,NULL,INTERNAL,INTERNAL,TRANSFORM,LEAF,1,0
floor1,NULL,INTERNAL,INTERNAL,TRANSFORM,LEAF,1,0
Folder1,NULL,INTERNAL,INTERNAL,TRANSFORM,LEAF,1,0
Folder2,NULL,INTERNAL,INTERNAL,TRANSFORM,LEAF,1,0
FindLastNameError,NULL,INTERNAL,INTERNAL,TRANSFORM,LEAF,1,0
findLineStarts,NULL,INTERNAL,INTERNAL,TRANSFORM,LEAF,1,0
FirstNotificationToRequestor,NULL,INTERNAL,INTERNAL,TRANSFORM,LEAF,1,0
folderCreateFail,11,ServiceNow,BUSINESS,OUTPUT,LEAF,1,0
folderCreateSuccess,11,ServiceNow,BUSINESS,OUTPUT,LEAF,1,0
finishWf,NULL,INTERNAL,INTERNAL,TRANSFORM,LEAF,1,0
first_command_duration,NULL,INTERNAL,INTERNAL,TRANSFORM,LEAF,1,0
first_command_duration_SSH2,NULL,INTERNAL,INTERNAL,TRANSFORM,LEAF,1,0
first_command_result,NULL,INTERNAL,INTERNAL,TRANSFORM,LEAF,1,0
first_command_result_SSH2,NULL,INTERNAL,INTERNAL,TRANSFORM,LEAF,1,0
First_Last_Name,NULL,INTERNAL,INTERNAL,TRANSFORM,LEAF,1,0
First_Name,NULL,INTERNAL,INTERNAL,TRANSFORM,LEAF,1,0
First_UTAC,NULL,INTERNAL,INTERNAL,TRANSFORM,LEAF,1,0
filterVarLogRedis,NULL,INTERNAL,INTERNAL,TRANSFORM,LEAF,1,0
filterVmName,NULL,INTERNAL,INTERNAL,TRANSFORM,LEAF,1,0
filterWfData,NULL,INTERNAL,INTERNAL,TRANSFORM,LEAF,1,0
filterWfDataActivityName,NULL,INTERNAL,INTERNAL,TRANSFORM,LEAF,1,0
filterWfDataActivityNameCount,NULL,INTERNAL,INTERNAL,TRANSFORM,LEAF,1,0
filterWfDataActivityNameHtml,NULL,INTERNAL,INTERNAL,TRANSFORM,LEAF,1,0
filterWorkflowsByName,NULL,INTERNAL,INTERNAL,TRANSFORM,LEAF,1,0
finalizeOutput,NULL,INTERNAL,INTERNAL,TRANSFORM,LEAF,1,0
filterStatusMapping,NULL,INTERNAL,INTERNAL,TRANSFORM,LEAF,1,0
filterSubActivities,NULL,INTERNAL,INTERNAL,TRANSFORM,LEAF,1,0
filterSubActivitiesCount,NULL,INTERNAL,INTERNAL,TRANSFORM,LEAF,1,0
filterServiceList,NULL,INTERNAL,INTERNAL,TRANSFORM,LEAF,1,0
filterServiceListCount,NULL,INTERNAL,INTERNAL,TRANSFORM,LEAF,1,0
filterForBuildTask,NULL,INTERNAL,INTERNAL,TRANSFORM,LEAF,1,0
filterTaskEntryResults,NULL,INTERNAL,INTERNAL,TRANSFORM,LEAF,1,0
filterTaskEntryResultsCount,NULL,INTERNAL,INTERNAL,TRANSFORM,LEAF,1,0
filterTaskList,NULL,INTERNAL,INTERNAL,TRANSFORM,LEAF,1,0
filterTaskListCount,NULL,INTERNAL,INTERNAL,TRANSFORM,LEAF,1,0
FailedSnapshotLog,NULL,INTERNAL,INTERNAL,TRANSFORM,LEAF,1,0
failedSwCount,NULL,INTERNAL,INTERNAL,TRANSFORM,LEAF,1,0
FailedTimeLimitLogs,NULL,INTERNAL,INTERNAL,TRANSFORM,LEAF,1,0
FailedToCheckRemainingUpdatesLogs,NULL,INTERNAL,INTERNAL,OUTPUT,LEAF,1,0
Failure_PingServer,NULL,INTERNAL,INTERNAL,TRANSFORM,LEAF,1,0
False_Emergency,NULL,INTERNAL,INTERNAL,TRANSFORM,LEAF,1,0
False_IsApproval2_Approved,NULL,INTERNAL,INTERNAL,TRANSFORM,LEAF,1,0
False_Scheduled,NULL,INTERNAL,INTERNAL,TRANSFORM,LEAF,1,0
False_SeeApproval2_NoResponse,NULL,INTERNAL,INTERNAL,TRANSFORM,LEAF,1,0
fileBuildDate,NULL,INTERNAL,INTERNAL,TRANSFORM,LEAF,1,0
fileCopy2,NULL,INTERNAL,INTERNAL,TRANSFORM,LEAF,1,0
fileCopyRemote1,NULL,INTERNAL,INTERNAL,TRANSFORM,LEAF,1,0
fileCount1,NULL,INTERNAL,INTERNAL,TRANSFORM,LEAF,1,0
fileCreatedDate1,NULL,INTERNAL,INTERNAL,OUTPUT,LEAF,1,0
fileExist2,NULL,INTERNAL,INTERNAL,TRANSFORM,LEAF,1,0
fileExistRemote1,NULL,INTERNAL,INTERNAL,TRANSFORM,LEAF,1,0
fileExtension,NULL,INTERNAL,INTERNAL,TRANSFORM,LEAF,1,0
fileGetExt1,NULL,INTERNAL,INTERNAL,INPUT,LEAF,1,0
fileGetNameWithoutExt1,NULL,INTERNAL,INTERNAL,INPUT,LEAF,1,0
fileGetPath1,NULL,INTERNAL,INTERNAL,INPUT,LEAF,1,0
fileGetRoot1,NULL,INTERNAL,INTERNAL,INPUT,LEAF,1,0
fileHash1,NULL,INTERNAL,INTERNAL,TRANSFORM,LEAF,1,0
ExtractTemplateLine,NULL,INTERNAL,INTERNAL,TRANSFORM,LEAF,1,0
extractVerticaTarball,NULL,INTERNAL,INTERNAL,TRANSFORM,LEAF,1,0
extractVerticaTarballTable,NULL,INTERNAL,INTERNAL,TRANSFORM,LEAF,1,0
EyeShareChildActionRulesQuery,NULL,INTERNAL,INTERNAL,INPUT,LEAF,1,0
eyeshareIntegrationsQuery,NULL,INTERNAL,INTERNAL,INPUT,LEAF,1,0
eyeshareStatsQuery,NULL,INTERNAL,INTERNAL,INPUT,LEAF,1,0
eyeShareWorkflowActivitiesQuery,NULL,INTERNAL,INTERNAL,INPUT,LEAF,1,0
Failed_HyperVRestart,NULL,INTERNAL,INTERNAL,TRANSFORM,LEAF,1,0
Failed_Restart,NULL,INTERNAL,INTERNAL,TRANSFORM,LEAF,1,0
Failed_ServerRestart,NULL,INTERNAL,INTERNAL,TRANSFORM,LEAF,1,0
failedHttp,NULL,INTERNAL,INTERNAL,TRANSFORM,LEAF,1,0
FailedRestartUpdateSN,11,ServiceNow,BUSINESS,OUTPUT,LEAF,1,0
exitWhile11,NULL,INTERNAL,INTERNAL,DECISION,CONTAINER,1,0
exportWorkflowsBase64,NULL,INTERNAL,INTERNAL,TRANSFORM,LEAF,1,0
expressToken,NULL,INTERNAL,INTERNAL,TRANSFORM,LEAF,1,0
extractByPattern1,NULL,INTERNAL,INTERNAL,TRANSFORM,LEAF,1,0
extractEngineData,NULL,INTERNAL,INTERNAL,TRANSFORM,LEAF,1,0
extractIPsFromConfig,NULL,INTERNAL,INTERNAL,TRANSFORM,LEAF,1,0
extractLine1,NULL,INTERNAL,INTERNAL,TRANSFORM,LEAF,1,0
extractLine2,NULL,INTERNAL,INTERNAL,TRANSFORM,LEAF,1,0
existingSMAXCommentsCount,NULL,INTERNAL,INTERNAL,TRANSFORM,LEAF,1,0
existingWorkflowExecutions,NULL,INTERNAL,INTERNAL,TRANSFORM,LEAF,1,0
exitDataRows,NULL,INTERNAL,INTERNAL,TRANSFORM,LEAF,1,0
exitFtWhile,NULL,INTERNAL,INTERNAL,DECISION,CONTAINER,1,0
exitWhileSuccess,NULL,INTERNAL,INTERNAL,DECISION,CONTAINER,1,0
filter1,NULL,INTERNAL,INTERNAL,TRANSFORM,LEAF,1,0
filterActivityInstanceCount,NULL,INTERNAL,INTERNAL,TRANSFORM,LEAF,1,0
filterActivityList,NULL,INTERNAL,INTERNAL,TRANSFORM,LEAF,1,0
filterActivityListCount,NULL,INTERNAL,INTERNAL,TRANSFORM,LEAF,1,0
filterActivityListSettings,NULL,INTERNAL,INTERNAL,TRANSFORM,LEAF,1,0
filterActivityListSettingsCount,NULL,INTERNAL,INTERNAL,TRANSFORM,LEAF,1,0
filterActivityNames,NULL,INTERNAL,INTERNAL,TRANSFORM,LEAF,1,0
filterAdUserData,NULL,INTERNAL,INTERNAL,TRANSFORM,LEAF,1,0
filterAdUserDataCount,NULL,INTERNAL,INTERNAL,TRANSFORM,LEAF,1,0
filterAssistantResponses,NULL,INTERNAL,INTERNAL,TRANSFORM,LEAF,1,0
filterAssistantResponsesCount,NULL,INTERNAL,INTERNAL,TRANSFORM,LEAF,1,0
filterAlertSeverity,NULL,INTERNAL,INTERNAL,TRANSFORM,LEAF,1,0
filterAlertSeverityCount,NULL,INTERNAL,INTERNAL,TRANSFORM,LEAF,1,0
filePathParser1,NULL,INTERNAL,INTERNAL,TRANSFORM,LEAF,1,0
fileReadDevariablized1,NULL,INTERNAL,INTERNAL,TRANSFORM,LEAF,1,0
fileSize2,NULL,INTERNAL,INTERNAL,TRANSFORM,LEAF,1,0
fileSizeInBytes,NULL,INTERNAL,INTERNAL,TRANSFORM,LEAF,1,0
fileVersion1,NULL,INTERNAL,INTERNAL,TRANSFORM,LEAF,1,0
fileWritable1,NULL,INTERNAL,INTERNAL,TRANSFORM,LEAF,1,0
fileNamePathCount,NULL,INTERNAL,INTERNAL,TRANSFORM,LEAF,1,0
fileMimeType,NULL,INTERNAL,INTERNAL,TRANSFORM,LEAF,1,0
fileMoveRemote2,NULL,INTERNAL,INTERNAL,TRANSFORM,LEAF,1,0
filterDownServices,NULL,INTERNAL,INTERNAL,TRANSFORM,LEAF,1,0
filtered_show_alarm_table_on_index,NULL,INTERNAL,INTERNAL,TRANSFORM,LEAF,1,0
filtered_show_LOS_alarm_table_on_index,NULL,INTERNAL,INTERNAL,TRANSFORM,LEAF,1,0
filteredAzureServerNames,NULL,INTERNAL,INTERNAL,TRANSFORM,LEAF,1,0
filteredAzureVmList,NULL,INTERNAL,INTERNAL,TRANSFORM,LEAF,1,0
filteredBackupFolderList,NULL,INTERNAL,INTERNAL,TRANSFORM,LEAF,1,0
filteredColumns,NULL,INTERNAL,INTERNAL,TRANSFORM,LEAF,1,0
filteredLines,NULL,INTERNAL,INTERNAL,TRANSFORM,LEAF,1,0
filteredVcenterServerNames,NULL,INTERNAL,INTERNAL,TRANSFORM,LEAF,1,0
filterEmailDest,NULL,INTERNAL,INTERNAL,TRANSFORM,LEAF,1,0
filterEmailSubject,NULL,INTERNAL,INTERNAL,TRANSFORM,LEAF,1,0
filterEngageJiraStatus,NULL,INTERNAL,INTERNAL,TRANSFORM,LEAF,1,0
filterDevServers,NULL,INTERNAL,INTERNAL,TRANSFORM,LEAF,1,0
filterDate,NULL,INTERNAL,INTERNAL,TRANSFORM,LEAF,1,0
filterBackupFolderList,NULL,INTERNAL,INTERNAL,TRANSFORM,LEAF,1,0
filterByName,NULL,INTERNAL,INTERNAL,TRANSFORM,LEAF,1,0
filterControl,NULL,INTERNAL,INTERNAL,TRANSFORM,LEAF,1,0
filterControlCount,NULL,INTERNAL,INTERNAL,TRANSFORM,LEAF,1,0
filterCurrOutputActivity,NULL,INTERNAL,INTERNAL,TRANSFORM,LEAF,1,0
filterJobinfo,NULL,INTERNAL,INTERNAL,TRANSFORM,LEAF,1,0
filterLinesCount,NULL,INTERNAL,INTERNAL,TRANSFORM,LEAF,1,0
filterMimeTypes,NULL,INTERNAL,INTERNAL,TRANSFORM,LEAF,1,0
filterMimeTypesCount,NULL,INTERNAL,INTERNAL,TRANSFORM,LEAF,1,0
filterOfferingIds,NULL,INTERNAL,INTERNAL,TRANSFORM,LEAF,1,0
filterOnFiles1,NULL,INTERNAL,INTERNAL,TRANSFORM,LEAF,1,0
FilterOptimalTest,NULL,INTERNAL,INTERNAL,TRANSFORM,LEAF,1,0
filterOutPNG_Files,NULL,INTERNAL,INTERNAL,TRANSFORM,LEAF,1,0
FilterScheduledDate,NULL,INTERNAL,INTERNAL,TRANSFORM,LEAF,1,0
filterForGroupingActivityNames,NULL,INTERNAL,INTERNAL,TRANSFORM,LEAF,1,0
filterForGroupingActivityNamesCount,NULL,INTERNAL,INTERNAL,TRANSFORM,LEAF,1,0
filterForNewVNTask,NULL,INTERNAL,INTERNAL,TRANSFORM,LEAF,1,0
filterHardPhone,NULL,INTERNAL,INTERNAL,TRANSFORM,LEAF,1,0
filterHostGroup,NULL,INTERNAL,INTERNAL,TRANSFORM,LEAF,1,0
filterImagesFolderList,NULL,INTERNAL,INTERNAL,TRANSFORM,LEAF,1,0
filtering_alarms_on_index,NULL,INTERNAL,INTERNAL,TRANSFORM,LEAF,1,0
filtering_on_this_pon_row_ALARMINDEX_corrected,NULL,INTERNAL,INTERNAL,TRANSFORM,LEAF,1,0
filterInputFolderList,NULL,INTERNAL,INTERNAL,TRANSFORM,LEAF,1,0
ERROR_MultipleJiraTickets,NULL,INTERNAL,INTERNAL,TRANSFORM,LEAF,1,0
errorFound,NULL,INTERNAL,INTERNAL,TRANSFORM,LEAF,1,0
ErrorGettingPreference,NULL,INTERNAL,INTERNAL,INPUT,LEAF,1,0
errorListCount,NULL,INTERNAL,INTERNAL,TRANSFORM,LEAF,1,0
errorListCounter,NULL,INTERNAL,INTERNAL,TRANSFORM,LEAF,1,0
errorListHtml,NULL,INTERNAL,INTERNAL,TRANSFORM,LEAF,1,0
errorListJson,NULL,INTERNAL,INTERNAL,TRANSFORM,LEAF,1,0
errorMessage,NULL,INTERNAL,INTERNAL,TRANSFORM,LEAF,1,0
Escalate,NULL,INTERNAL,INTERNAL,TRANSFORM,LEAF,1,0
escalateTicketAfterRestart,11,ServiceNow,BUSINESS,TRANSFORM,LEAF,1,0
escalateTicketNoStop,11,ServiceNow,BUSINESS,TRANSFORM,LEAF,1,0
EndWorkflow_Condition,NULL,INTERNAL,INTERNAL,TRANSFORM,LEAF,1,0
engageJiraAttachmentPrefix,NULL,INTERNAL,INTERNAL,TRANSFORM,LEAF,1,0
engageJiraStatusCount,NULL,INTERNAL,INTERNAL,TRANSFORM,LEAF,1,0
engageTicketNumber,NULL,INTERNAL,INTERNAL,INPUT,LEAF,1,0
engineDataIn,NULL,INTERNAL,INTERNAL,TRANSFORM,LEAF,1,0
engineDataRowCount,NULL,INTERNAL,INTERNAL,TRANSFORM,LEAF,1,0
EndOfIteration,NULL,INTERNAL,INTERNAL,TRANSFORM,LEAF,1,0
escapeCarriage,NULL,INTERNAL,INTERNAL,TRANSFORM,LEAF,1,0
escapeDescription,NULL,INTERNAL,INTERNAL,TRANSFORM,LEAF,1,0
EPOCH,NULL,INTERNAL,INTERNAL,TRANSFORM,LEAF,1,0
epoch_AutoTTActTime_plus_defaultPostpone,NULL,INTERNAL,INTERNAL,TRANSFORM,LEAF,1,0
epochConverter1,NULL,INTERNAL,INTERNAL,TRANSFORM,LEAF,1,0
esmAcknowledgeAlert1,52,McAfee ESM,OTHER,TRANSFORM,LEAF,1,0
esmDeleteAlert1,52,McAfee ESM,OTHER,TRANSFORM,LEAF,1,0
esmGetAlert1,52,McAfee ESM,OTHER,INPUT,LEAF,1,0
esmGetEvent1,52,McAfee ESM,OTHER,INPUT,LEAF,1,0
esmGetEvent1,2026,INTERNAL,OTHER,INPUT,LEAF,1,1
esmUnAcknowledgeAlert1,52,McAfee ESM,OTHER,TRANSFORM,LEAF,1,0
eventsCounter,NULL,INTERNAL,INTERNAL,TRANSFORM,LEAF,1,0
executorListCount,NULL,INTERNAL,INTERNAL,TRANSFORM,LEAF,1,0
executorListDb,NULL,INTERNAL,INTERNAL,TRANSFORM,LEAF,1,0
executorListFile,NULL,INTERNAL,INTERNAL,TRANSFORM,LEAF,1,0
ExecutorUser,NULL,INTERNAL,INTERNAL,TRANSFORM,LEAF,1,0
existingJiraTicketNumber,NULL,INTERNAL,INTERNAL,TRANSFORM,LEAF,1,0
existingJiraTicketStatus,NULL,INTERNAL,INTERNAL,TRANSFORM,LEAF,1,0
existingSMAXAttachmentCount,NULL,INTERNAL,INTERNAL,TRANSFORM,LEAF,1,0
existingSMAXAttachmentFileName,NULL,INTERNAL,INTERNAL,TRANSFORM,LEAF,1,0
excelManagerList,NULL,INTERNAL,INTERNAL,TRANSFORM,LEAF,1,0
excelWrite5,NULL,INTERNAL,INTERNAL,TRANSFORM,LEAF,1,0
exec_check_version,NULL,INTERNAL,INTERNAL,TRANSFORM,LEAF,1,0
ExecCounter,NULL,INTERNAL,INTERNAL,TRANSFORM,LEAF,1,0
ExecCounter1,NULL,INTERNAL,INTERNAL,TRANSFORM,LEAF,1,0
executeCurrentCommand,NULL,INTERNAL,INTERNAL,TRANSFORM,LEAF,1,0
executeInstallScript,NULL,INTERNAL,INTERNAL,TRANSFORM,LEAF,1,0
evidenceComGroupList,NULL,INTERNAL,INTERNAL,TRANSFORM,LEAF,1,0
evidenceComGroupListCount,NULL,INTERNAL,INTERNAL,TRANSFORM,LEAF,1,0
evidenceComUserCount,NULL,INTERNAL,INTERNAL,TRANSFORM,LEAF,1,0
excelWrite2,NULL,INTERNAL,INTERNAL,TRANSFORM,LEAF,1,0
excelWrite3,NULL,INTERNAL,INTERNAL,TRANSFORM,LEAF,1,0
excludedDepts,NULL,INTERNAL,INTERNAL,TRANSFORM,LEAF,1,0
excludedDeptsCount,NULL,INTERNAL,INTERNAL,TRANSFORM,LEAF,1,0
excludedDeptsIn,NULL,INTERNAL,INTERNAL,TRANSFORM,LEAF,1,0
eComUserUpdates,NULL,INTERNAL,INTERNAL,OUTPUT,LEAF,1,0
eDisclosureReport,NULL,INTERNAL,INTERNAL,TRANSFORM,LEAF,1,0
editVirtualDirectory1,NULL,INTERNAL,INTERNAL,TRANSFORM,LEAF,1,0
effStartDateTS,NULL,INTERNAL,INTERNAL,TRANSFORM,LEAF,1,0
DomainAudit,NULL,INTERNAL,INTERNAL,TRANSFORM,LEAF,1,0
domainCount,NULL,INTERNAL,INTERNAL,TRANSFORM,LEAF,1,0
duoEditUser1,NULL,INTERNAL,INTERNAL,TRANSFORM,LEAF,1,0
duoGetPhoneInfo1,NULL,INTERNAL,INTERNAL,INPUT,LEAF,1,0
duoSendVerification,NULL,INTERNAL,INTERNAL,OUTPUT,LEAF,1,0
duoUserInfo,NULL,INTERNAL,INTERNAL,TRANSFORM,LEAF,1,0
duoVerifyIdentity1,NULL,INTERNAL,INTERNAL,TRANSFORM,LEAF,1,0
DVclean,NULL,INTERNAL,INTERNAL,TRANSFORM,LEAF,1,0
DYING_GASPS_stuff,NULL,INTERNAL,INTERNAL,TRANSFORM,LEAF,1,0
DrivesCount,NULL,INTERNAL,INTERNAL,TRANSFORM,LEAF,1,0
DriveSizeCell,NULL,INTERNAL,INTERNAL,TRANSFORM,LEAF,1,0
DriveSizeError,NULL,INTERNAL,INTERNAL,TRANSFORM,LEAF,1,0
DriveSizeRow,NULL,INTERNAL,INTERNAL,TRANSFORM,LEAF,1,0
DrivesRowsCount,NULL,INTERNAL,INTERNAL,TRANSFORM,LEAF,1,0
DriveVal,NULL,INTERNAL,INTERNAL,TRANSFORM,LEAF,1,0
dropdownEndRow,NULL,INTERNAL,INTERNAL,TRANSFORM,LEAF,1,0
distance_ISAM_Splitter_KM,NULL,INTERNAL,INTERNAL,TRANSFORM,LEAF,1,0
distinctAccountIds,NULL,INTERNAL,INTERNAL,TRANSFORM,LEAF,1,0
distinctUsers,NULL,INTERNAL,INTERNAL,TRANSFORM,LEAF,1,0
distinctUsersCount,NULL,INTERNAL,INTERNAL,TRANSFORM,LEAF,1,0
emailBodyWithoutFooter,NULL,INTERNAL,INTERNAL,TRANSFORM,LEAF,1,0
emailDestination,NULL,INTERNAL,INTERNAL,TRANSFORM,LEAF,1,0
eMailOld,NULL,INTERNAL,INTERNAL,TRANSFORM,LEAF,1,0
EmailOncall,NULL,INTERNAL,INTERNAL,TRANSFORM,LEAF,1,0
emailSubject,NULL,INTERNAL,INTERNAL,TRANSFORM,LEAF,1,0
emptyEvidenceChildGroupTable,NULL,INTERNAL,INTERNAL,TRANSFORM,LEAF,1,0
emptyEvidenceGroupTable,NULL,INTERNAL,INTERNAL,TRANSFORM,LEAF,1,0
emptyEvidenceUserTable,NULL,INTERNAL,INTERNAL,TRANSFORM,LEAF,1,0
encodedSecret,NULL,INTERNAL,INTERNAL,TRANSFORM,LEAF,1,0
encodeLdapUserUrl,NULL,INTERNAL,INTERNAL,TRANSFORM,LEAF,1,0
encodeURL1,NULL,INTERNAL,INTERNAL,TRANSFORM,LEAF,1,0
enabledAccounts,NULL,INTERNAL,INTERNAL,TRANSFORM,LEAF,1,0
currFileListRowNum,NULL,INTERNAL,INTERNAL,TRANSFORM,LEAF,1,0
currGroupNumber,NULL,INTERNAL,INTERNAL,TRANSFORM,LEAF,1,0
currGroupRowNum,NULL,INTERNAL,INTERNAL,TRANSFORM,LEAF,1,0
currGroupsRowNum,NULL,INTERNAL,INTERNAL,TRANSFORM,LEAF,1,0
currGroupTypeActivityRowNum,NULL,INTERNAL,INTERNAL,TRANSFORM,LEAF,1,0
currHex,NULL,INTERNAL,INTERNAL,TRANSFORM,LEAF,1,0
currFilterSyntax,NULL,INTERNAL,INTERNAL,TRANSFORM,LEAF,1,0
currFolderListRowNum,NULL,INTERNAL,INTERNAL,TRANSFORM,LEAF,1,0
currFqdn,NULL,INTERNAL,INTERNAL,TRANSFORM,LEAF,1,0
currFsRowNum,NULL,INTERNAL,INTERNAL,TRANSFORM,LEAF,1,0
currFtEmailRow,NULL,INTERNAL,INTERNAL,TRANSFORM,LEAF,1,0
currFtEmailRowNum,NULL,INTERNAL,INTERNAL,TRANSFORM,LEAF,1,0
currGlobalRowNum,NULL,INTERNAL,INTERNAL,TRANSFORM,LEAF,1,0
currGroupingTypeActivity,NULL,INTERNAL,INTERNAL,TRANSFORM,LEAF,1,0
currentWorkflowNumber,NULL,INTERNAL,INTERNAL,TRANSFORM,LEAF,1,0
currentWorkflowStartTime,NULL,INTERNAL,INTERNAL,TRANSFORM,LEAF,1,0
currentWorkflowName,NULL,INTERNAL,INTERNAL,TRANSFORM,LEAF,1,0
currFailedName,NULL,INTERNAL,INTERNAL,TRANSFORM,LEAF,1,0
currFailedRowNum,NULL,INTERNAL,INTERNAL,TRANSFORM,LEAF,1,0
currFailedStatus,NULL,INTERNAL,INTERNAL,TRANSFORM,LEAF,1,0
currFieldName,NULL,INTERNAL,INTERNAL,TRANSFORM,LEAF,1,0
currExecutorRowNum,NULL,INTERNAL,INTERNAL,TRANSFORM,LEAF,1,0
currExpressUseCases,NULL,INTERNAL,INTERNAL,TRANSFORM,LEAF,1,0
currMask,NULL,INTERNAL,INTERNAL,TRANSFORM,LEAF,1,0
currIpRowNum,NULL,INTERNAL,INTERNAL,TRANSFORM,LEAF,1,0
currJsonStructure,NULL,INTERNAL,INTERNAL,TRANSFORM,LEAF,1,0
currKey,NULL,INTERNAL,INTERNAL,TRANSFORM,LEAF,1,0
currLegacyResultRowNum,NULL,INTERNAL,INTERNAL,TRANSFORM,LEAF,1,0
currLicenseType,NULL,INTERNAL,INTERNAL,TRANSFORM,LEAF,1,0
currLocation,NULL,INTERNAL,INTERNAL,TRANSFORM,LEAF,1,0
currJiraTicketNum,NULL,INTERNAL,INTERNAL,TRANSFORM,LEAF,1,0
currJiraTicketRowNum,NULL,INTERNAL,INTERNAL,TRANSFORM,LEAF,1,0
currJobDesc,NULL,INTERNAL,INTERNAL,TRANSFORM,LEAF,1,0
currJobRowNum,NULL,INTERNAL,INTERNAL,TRANSFORM,LEAF,1,0
currJobTitle,NULL,INTERNAL,INTERNAL,TRANSFORM,LEAF,1,0
currIisSiteResult,NULL,INTERNAL,INTERNAL,TRANSFORM,LEAF,1,0
currInstalledSoftwareWindows,NULL,INTERNAL,INTERNAL,TRANSFORM,LEAF,1,0
currIncRowNum,NULL,INTERNAL,INTERNAL,TRANSFORM,LEAF,1,0
currInputFileName,NULL,INTERNAL,INTERNAL,TRANSFORM,LEAF,1,0
currInputFilePath,NULL,INTERNAL,INTERNAL,TRANSFORM,LEAF,1,0
currHostNumber,NULL,INTERNAL,INTERNAL,TRANSFORM,LEAF,1,0
currHostRowNum,NULL,INTERNAL,INTERNAL,TRANSFORM,LEAF,1,0
currHostVmName,NULL,INTERNAL,INTERNAL,TRANSFORM,LEAF,1,0
currIisListSites,NULL,INTERNAL,INTERNAL,TRANSFORM,LEAF,1,0
currHostIp,NULL,INTERNAL,INTERNAL,TRANSFORM,LEAF,1,0
currentCommentPlaces,NULL,INTERNAL,INTERNAL,TRANSFORM,LEAF,1,0
currentCommentRow,NULL,INTERNAL,INTERNAL,TRANSFORM,LEAF,1,0
currentConfigIPRow,NULL,INTERNAL,INTERNAL,TRANSFORM,LEAF,1,0
currDateCreated,NULL,INTERNAL,INTERNAL,OUTPUT,LEAF,1,0
currentCommand,NULL,INTERNAL,INTERNAL,TRANSFORM,LEAF,1,0
currentCommandRow,NULL,INTERNAL,INTERNAL,TRANSFORM,LEAF,1,0
currentComment,NULL,INTERNAL,INTERNAL,TRANSFORM,LEAF,1,0
currentCommentEncoded_CPSS,NULL,INTERNAL,INTERNAL,TRANSFORM,LEAF,1,0
currentCommentEncoded_DCO,NULL,INTERNAL,INTERNAL,TRANSFORM,LEAF,1,0
currentCommentEncoded_IAMS,NULL,INTERNAL,INTERNAL,TRANSFORM,LEAF,1,0
currentCommentEncoded_L2O,NULL,INTERNAL,INTERNAL,TRANSFORM,LEAF,1,0
currentCommentEncoded_NETOP,NULL,INTERNAL,INTERNAL,TRANSFORM,LEAF,1,0
currentCommentEncoded_PEOS,NULL,INTERNAL,INTERNAL,TRANSFORM,LEAF,1,0
currentCommentEncoded_places,NULL,INTERNAL,INTERNAL,TRANSFORM,LEAF,1,0
currentCommentEncoded_PROPS,NULL,INTERNAL,INTERNAL,TRANSFORM,LEAF,1,0
currentCommentEncoded_SRES,NULL,INTERNAL,INTERNAL,TRANSFORM,LEAF,1,0
currentCommentEncoded_UCC,NULL,INTERNAL,INTERNAL,TRANSFORM,LEAF,1,0
currentCommentHTML,NULL,INTERNAL,INTERNAL,TRANSFORM,LEAF,1,0
currDotNetReleasesRowNum,NULL,INTERNAL,INTERNAL,TRANSFORM,LEAF,1,0
currDotNetRowNum,NULL,INTERNAL,INTERNAL,TRANSFORM,LEAF,1,0
currDotNetVersion,NULL,INTERNAL,INTERNAL,TRANSFORM,LEAF,1,0
currDownloadedRowNum,NULL,INTERNAL,INTERNAL,TRANSFORM,LEAF,1,0
currDownloadRowNum,NULL,INTERNAL,INTERNAL,TRANSFORM,LEAF,1,0
currEcomUploadRowNum,NULL,INTERNAL,INTERNAL,TRANSFORM,LEAF,1,0
currEffectiveEndDate,NULL,INTERNAL,INTERNAL,TRANSFORM,LEAF,1,0
currEffectiveStartDate,NULL,INTERNAL,INTERNAL,TRANSFORM,LEAF,1,0
currEffEndDate,NULL,INTERNAL,INTERNAL,TRANSFORM,LEAF,1,0
currEffEndDateTS,NULL,INTERNAL,INTERNAL,TRANSFORM,LEAF,1,0
currEffStartDate,NULL,INTERNAL,INTERNAL,TRANSFORM,LEAF,1,0
currEffStartDateTS,NULL,INTERNAL,INTERNAL,TRANSFORM,LEAF,1,0
currCsms,NULL,INTERNAL,INTERNAL,TRANSFORM,LEAF,1,0
currCsvRowCount,NULL,INTERNAL,INTERNAL,TRANSFORM,LEAF,1,0
currDay,NULL,INTERNAL,INTERNAL,TRANSFORM,LEAF,1,0
currDevicesUnderMgmt,NULL,INTERNAL,INTERNAL,TRANSFORM,LEAF,1,0
currDiskType,NULL,INTERNAL,INTERNAL,TRANSFORM,LEAF,1,0
currDisplayName,NULL,INTERNAL,INTERNAL,TRANSFORM,LEAF,1,0
currDN,NULL,INTERNAL,INTERNAL,TRANSFORM,LEAF,1,0
currentRowData,NULL,INTERNAL,INTERNAL,TRANSFORM,LEAF,1,0
currentPublicIPRow,NULL,INTERNAL,INTERNAL,TRANSFORM,LEAF,1,0
currentExistingJiraComment,NULL,INTERNAL,INTERNAL,TRANSFORM,LEAF,1,0
currentExistingSMAXAttachmentRow,NULL,INTERNAL,INTERNAL,TRANSFORM,LEAF,1,0
currentExistingSMAXComment,NULL,INTERNAL,INTERNAL,TRANSFORM,LEAF,1,0
currentExistingSMAXCommentHTML,NULL,INTERNAL,INTERNAL,TRANSFORM,LEAF,1,0
currentExistingSMAXCommentRow,NULL,INTERNAL,INTERNAL,TRANSFORM,LEAF,1,0
currentFilteredRow,NULL,INTERNAL,INTERNAL,TRANSFORM,LEAF,1,0
currentJiraAttachmentFound,NULL,INTERNAL,INTERNAL,TRANSFORM,LEAF,1,0
currentLunPath,NULL,INTERNAL,INTERNAL,TRANSFORM,LEAF,1,0
currentManagerRow,NULL,INTERNAL,INTERNAL,TRANSFORM,LEAF,1,0
CurrentMemory,NULL,INTERNAL,INTERNAL,TRANSFORM,LEAF,1,0
currentNodeRootDiskCheck,NULL,INTERNAL,INTERNAL,TRANSFORM,LEAF,1,0
currentNodeStatusRow,NULL,INTERNAL,INTERNAL,TRANSFORM,LEAF,1,0
currentOnboardingRequestRow,NULL,INTERNAL,INTERNAL,TRANSFORM,LEAF,1,0
currentStartupLogNode_START_CLUSTER,NULL,INTERNAL,INTERNAL,TRANSFORM,LEAF,1,0
currentStatus,NULL,INTERNAL,INTERNAL,TRANSFORM,LEAF,1,0
currentTaskRow,NULL,INTERNAL,INTERNAL,TRANSFORM,LEAF,1,0
currentTicket,NULL,INTERNAL,INTERNAL,TRANSFORM,LEAF,1,0
currentTicket_PROPS,NULL,INTERNAL,INTERNAL,TRANSFORM,LEAF,1,0
currentSMAXCommentIsAttachment,NULL,INTERNAL,INTERNAL,TRANSFORM,LEAF,1,0
currentWorkflowCount,NULL,INTERNAL,INTERNAL,TRANSFORM,LEAF,1,0
currentWorkflowEndTime,NULL,INTERNAL,INTERNAL,TRANSFORM,LEAF,1,0
currentSampleTableColumn,NULL,INTERNAL,INTERNAL,TRANSFORM,LEAF,1,0
currentSampleTableRow,NULL,INTERNAL,INTERNAL,TRANSFORM,LEAF,1,0
currentUserColNum,NULL,INTERNAL,INTERNAL,TRANSFORM,LEAF,1,0
currentUserDbRowNum,NULL,INTERNAL,INTERNAL,TRANSFORM,LEAF,1,0
currentUserRowNum,NULL,INTERNAL,INTERNAL,TRANSFORM,LEAF,1,0
currNextRenewalDateTS,NULL,INTERNAL,INTERNAL,TRANSFORM,LEAF,1,0
currPreviousRenewalDateTS,NULL,INTERNAL,INTERNAL,TRANSFORM,LEAF,1,0
currRenewalDateTs,NULL,INTERNAL,INTERNAL,TRANSFORM,LEAF,1,0
currRequired,NULL,INTERNAL,INTERNAL,TRANSFORM,LEAF,1,0
currResponse,NULL,INTERNAL,INTERNAL,TRANSFORM,LEAF,1,0
currResultName,NULL,INTERNAL,INTERNAL,TRANSFORM,LEAF,1,0
currQuery,NULL,INTERNAL,INTERNAL,INPUT,LEAF,1,0
currQueryTableRowNum,NULL,INTERNAL,INTERNAL,INPUT,LEAF,1,0
currMonth,NULL,INTERNAL,INTERNAL,TRANSFORM,LEAF,1,0
currModifiedDateTS,NULL,INTERNAL,INTERNAL,TRANSFORM,LEAF,1,0
currNewFieldName,NULL,INTERNAL,INTERNAL,TRANSFORM,LEAF,1,0
currNewTicketRowNum,NULL,INTERNAL,INTERNAL,TRANSFORM,LEAF,1,0
currNotFoundRowNum,NULL,INTERNAL,INTERNAL,TRANSFORM,LEAF,1,0
currNotFoundServer,NULL,INTERNAL,INTERNAL,TRANSFORM,LEAF,1,0
currNpsScore,NULL,INTERNAL,INTERNAL,TRANSFORM,LEAF,1,0
currObjectDescription,NULL,INTERNAL,INTERNAL,TRANSFORM,LEAF,1,0
currObjectName,NULL,INTERNAL,INTERNAL,TRANSFORM,LEAF,1,0
currObjRefRowNum,NULL,INTERNAL,INTERNAL,TRANSFORM,LEAF,1,0
currOutputHtmlLine,NULL,INTERNAL,INTERNAL,TRANSFORM,LEAF,1,0
currOutputXmlActivtyName,NULL,INTERNAL,INTERNAL,TRANSFORM,LEAF,1,0
currPath,NULL,INTERNAL,INTERNAL,TRANSFORM,LEAF,1,0
currPayloadData,NULL,INTERNAL,INTERNAL,TRANSFORM,LEAF,1,0
currRole,NULL,INTERNAL,INTERNAL,TRANSFORM,LEAF,1,0
currRoleRowNum,NULL,INTERNAL,INTERNAL,TRANSFORM,LEAF,1,0
currRowHtml,NULL,INTERNAL,INTERNAL,TRANSFORM,LEAF,1,0
currRowXmlPath,NULL,INTERNAL,INTERNAL,TRANSFORM,LEAF,1,0
currRunbooksInProd,NULL,INTERNAL,INTERNAL,TRANSFORM,LEAF,1,0
currScope,NULL,INTERNAL,INTERNAL,TRANSFORM,LEAF,1,0
currServerSubject,NULL,INTERNAL,INTERNAL,TRANSFORM,LEAF,1,0
currServerThumbprint,NULL,INTERNAL,INTERNAL,TRANSFORM,LEAF,1,0
currServerValidFrom,NULL,INTERNAL,INTERNAL,TRANSFORM,LEAF,1,0
currServerValidTo,NULL,INTERNAL,INTERNAL,TRANSFORM,LEAF,1,0
currServiceName,NULL,INTERNAL,INTERNAL,TRANSFORM,LEAF,1,0
currServicesRowNum,NULL,INTERNAL,INTERNAL,TRANSFORM,LEAF,1,0
currSessionResultRowNum,NULL,INTERNAL,INTERNAL,TRANSFORM,LEAF,1,0
currSnapShotName,NULL,INTERNAL,INTERNAL,TRANSFORM,LEAF,1,0
currSnFieldName,NULL,INTERNAL,INTERNAL,TRANSFORM,LEAF,1,0
currSNTicket,22,INTERNAL,OTHER,TRANSFORM,LEAF,1,1
currSolarwindsRowNum,NULL,INTERNAL,INTERNAL,TRANSFORM,LEAF,1,0
currServerIssuer,NULL,INTERNAL,INTERNAL,TRANSFORM,LEAF,1,0
currServerListRowNum,NULL,INTERNAL,INTERNAL,TRANSFORM,LEAF,1,0
currSearchPageNum,NULL,INTERNAL,INTERNAL,TRANSFORM,LEAF,1,0
currUserOptions,NULL,INTERNAL,INTERNAL,TRANSFORM,LEAF,1,0
currUserTermRowNum,NULL,INTERNAL,INTERNAL,TRANSFORM,LEAF,1,0
currTop50,NULL,INTERNAL,INTERNAL,TRANSFORM,LEAF,1,0
currTotalRevenue,NULL,INTERNAL,INTERNAL,TRANSFORM,LEAF,1,0
currUserFieldUpdatedLog1,NULL,INTERNAL,INTERNAL,OUTPUT,LEAF,1,0
currVcenterRow,NULL,INTERNAL,INTERNAL,TRANSFORM,LEAF,1,0
currVarNumber,NULL,INTERNAL,INTERNAL,TRANSFORM,LEAF,1,0
currVarRowNum,NULL,INTERNAL,INTERNAL,TRANSFORM,LEAF,1,0
currVcenterVmGuest,NULL,INTERNAL,INTERNAL,TRANSFORM,LEAF,1,0
currVcenterVmIpLIst,NULL,INTERNAL,INTERNAL,TRANSFORM,LEAF,1,0
currVcenterVmName,NULL,INTERNAL,INTERNAL,TRANSFORM,LEAF,1,0
currVersion,NULL,INTERNAL,INTERNAL,TRANSFORM,LEAF,1,0
currVersionRowNum,NULL,INTERNAL,INTERNAL,TRANSFORM,LEAF,1,0
currVmIpInfo,NULL,INTERNAL,INTERNAL,TRANSFORM,LEAF,1,0
currVmIpRowCount,NULL,INTERNAL,INTERNAL,TRANSFORM,LEAF,1,0
currSplitBindingRowNum,NULL,INTERNAL,INTERNAL,TRANSFORM,LEAF,1,0
currSplitCreateDate,NULL,INTERNAL,INTERNAL,OUTPUT,LEAF,1,0
currSplitModifiedDate,NULL,INTERNAL,INTERNAL,TRANSFORM,LEAF,1,0
currStartService,NULL,INTERNAL,INTERNAL,TRANSFORM,LEAF,1,0
currStartServiceRowNum,NULL,INTERNAL,INTERNAL,TRANSFORM,LEAF,1,0
currStartupType,NULL,INTERNAL,INTERNAL,TRANSFORM,LEAF,1,0
currStopAttemptIteration,NULL,INTERNAL,INTERNAL,TRANSFORM,LEAF,1,0
currStopServiceRowNum,NULL,INTERNAL,INTERNAL,TRANSFORM,LEAF,1,0
currStructure,NULL,INTERNAL,INTERNAL,TRANSFORM,LEAF,1,0
currSubActivtiyRowNum,NULL,INTERNAL,INTERNAL,TRANSFORM,LEAF,1,0
currSubGroupRowNum,NULL,INTERNAL,INTERNAL,TRANSFORM,LEAF,1,0
currTaskRowNum,NULL,INTERNAL,INTERNAL,TRANSFORM,LEAF,1,0
currTenantCode,NULL,INTERNAL,INTERNAL,TRANSFORM,LEAF,1,0
currTicketAttachRowNum,NULL,INTERNAL,INTERNAL,TRANSFORM,LEAF,1,0
currTicketDataIP,NULL,INTERNAL,INTERNAL,TRANSFORM,LEAF,1,0
currTicketDataRowNum,NULL,INTERNAL,INTERNAL,TRANSFORM,LEAF,1,0
currTicketDataServer,NULL,INTERNAL,INTERNAL,TRANSFORM,LEAF,1,0
currTicketDataSource,NULL,INTERNAL,INTERNAL,TRANSFORM,LEAF,1,0
currUname,NULL,INTERNAL,INTERNAL,TRANSFORM,LEAF,1,0
currUnsupportedActivitiesRowNum,NULL,INTERNAL,INTERNAL,TRANSFORM,LEAF,1,0
currUnumber,NULL,INTERNAL,INTERNAL,TRANSFORM,LEAF,1,0
currUploadFileName,NULL,INTERNAL,INTERNAL,TRANSFORM,LEAF,1,0
currUploadType,NULL,INTERNAL,INTERNAL,TRANSFORM,LEAF,1,0
currUploadUri,NULL,INTERNAL,INTERNAL,TRANSFORM,LEAF,1,0
currTable,NULL,INTERNAL,INTERNAL,TRANSFORM,LEAF,1,0
currTableRowNum,NULL,INTERNAL,INTERNAL,TRANSFORM,LEAF,1,0
currTicketRowNum,NULL,INTERNAL,INTERNAL,TRANSFORM,LEAF,1,0
currTicketUpdateRowNum,NULL,INTERNAL,INTERNAL,OUTPUT,LEAF,1,0
dbConnectionInfo,NULL,INTERNAL,INTERNAL,TRANSFORM,LEAF,1,0
DB_query,NULL,INTERNAL,INTERNAL,INPUT,LEAF,1,0
db2Query1,NULL,INTERNAL,INTERNAL,INPUT,LEAF,1,0
db2Statement1,NULL,INTERNAL,INTERNAL,TRANSFORM,LEAF,1,0
deletedCounter,NULL,INTERNAL,INTERNAL,TRANSFORM,LEAF,1,0
dbExpiringCerts,NULL,INTERNAL,INTERNAL,TRANSFORM,LEAF,1,0
deleteFilesAfterZip,NULL,INTERNAL,INTERNAL,TRANSFORM,LEAF,1,0
datatableifyHTML1,NULL,INTERNAL,INTERNAL,TRANSFORM,LEAF,1,0
Date_Today,NULL,INTERNAL,INTERNAL,TRANSFORM,LEAF,1,0
date_TOMORROW,NULL,INTERNAL,INTERNAL,TRANSFORM,LEAF,1,0
date_TOMORROW_UTC_plus_2,NULL,INTERNAL,INTERNAL,TRANSFORM,LEAF,1,0
DatastoreIDError,NULL,INTERNAL,INTERNAL,TRANSFORM,LEAF,1,0
dateDifference2,NULL,INTERNAL,INTERNAL,TRANSFORM,LEAF,1,0
dateDifference3,NULL,INTERNAL,INTERNAL,TRANSFORM,LEAF,1,0
datemodified,NULL,INTERNAL,INTERNAL,TRANSFORM,LEAF,1,0
dateNow,NULL,INTERNAL,INTERNAL,TRANSFORM,LEAF,1,0
dateSeventeenDaysFromNow,NULL,INTERNAL,INTERNAL,TRANSFORM,LEAF,1,0
dateThirtyDaysFromNow,NULL,INTERNAL,INTERNAL,TRANSFORM,LEAF,1,0
dateTimeNow,NULL,INTERNAL,INTERNAL,TRANSFORM,LEAF,1,0
DateToday,NULL,INTERNAL,INTERNAL,TRANSFORM,LEAF,1,0
DateTodayTemp,NULL,INTERNAL,INTERNAL,TRANSFORM,LEAF,1,0
deleteMSI,NULL,INTERNAL,INTERNAL,TRANSFORM,LEAF,1,0
deleteObjectRelResultColumn,NULL,INTERNAL,INTERNAL,TRANSFORM,LEAF,1,0
DeleteProfie,NULL,INTERNAL,INTERNAL,TRANSFORM,LEAF,1,0
deleteResultFile,NULL,INTERNAL,INTERNAL,TRANSFORM,LEAF,1,0
deleteMemoryTableColumns2,NULL,INTERNAL,INTERNAL,TRANSFORM,LEAF,1,0
deleteIncident1,NULL,INTERNAL,INTERNAL,TRANSFORM,LEAF,1,0
deleteInstallScript,NULL,INTERNAL,INTERNAL,TRANSFORM,LEAF,1,0
DeleteLogsAfterRestart,NULL,INTERNAL,INTERNAL,TRANSFORM,LEAF,1,0
DeleteMachine,NULL,INTERNAL,INTERNAL,TRANSFORM,LEAF,1,0
DetermineCluster,NULL,INTERNAL,INTERNAL,TRANSFORM,LEAF,1,0
DetermineClusterVariables,NULL,INTERNAL,INTERNAL,TRANSFORM,LEAF,1,0
department_practice_drop,NULL,INTERNAL,INTERNAL,TRANSFORM,LEAF,1,0
Description,NULL,INTERNAL,INTERNAL,TRANSFORM,LEAF,1,0
DesktopName,NULL,INTERNAL,INTERNAL,TRANSFORM,LEAF,1,0
deleteTempFile,NULL,INTERNAL,INTERNAL,TRANSFORM,LEAF,1,0
DeleteTempLogs,NULL,INTERNAL,INTERNAL,TRANSFORM,LEAF,1,0
deleteUrlFromTable,NULL,INTERNAL,INTERNAL,TRANSFORM,LEAF,1,0
DeleteUser,NULL,INTERNAL,INTERNAL,TRANSFORM,LEAF,1,0
deleteUserFromEvidenceCom,NULL,INTERNAL,INTERNAL,TRANSFORM,LEAF,1,0
deleteUserListFile,NULL,INTERNAL,INTERNAL,TRANSFORM,LEAF,1,0
DeleteVM,NULL,INTERNAL,INTERNAL,TRANSFORM,LEAF,1,0
DELETEVM_ERROR,NULL,INTERNAL,INTERNAL,TRANSFORM,LEAF,1,0
DeleteVMFailure,NULL,INTERNAL,INTERNAL,TRANSFORM,LEAF,1,0
DeleteVMObj,NULL,INTERNAL,INTERNAL,TRANSFORM,LEAF,1,0
delOldReport,NULL,INTERNAL,INTERNAL,TRANSFORM,LEAF,1,0
deniedMSG,NULL,INTERNAL,INTERNAL,TRANSFORM,LEAF,1,0
currXmlPathToken,NULL,INTERNAL,INTERNAL,TRANSFORM,LEAF,1,0
currXmlPathTokenRowNum,NULL,INTERNAL,INTERNAL,TRANSFORM,LEAF,1,0
currXmlRowNum,NULL,INTERNAL,INTERNAL,TRANSFORM,LEAF,1,0
currYear,NULL,INTERNAL,INTERNAL,TRANSFORM,LEAF,1,0
currXmlActivityOrder,NULL,INTERNAL,INTERNAL,TRANSFORM,LEAF,1,0
currXmlDataOutputRowNum,NULL,INTERNAL,INTERNAL,TRANSFORM,LEAF,1,0
currXmlDataRowNum,NULL,INTERNAL,INTERNAL,TRANSFORM,LEAF,1,0
currWfDateModified,NULL,INTERNAL,INTERNAL,TRANSFORM,LEAF,1,0
currWorkEmail,NULL,INTERNAL,INTERNAL,TRANSFORM,LEAF,1,0
currVmSnapShotInfo,NULL,INTERNAL,INTERNAL,TRANSFORM,LEAF,1,0
currVmSnapshotRowNum,NULL,INTERNAL,INTERNAL,TRANSFORM,LEAF,1,0
currWaitCounterNum,NULL,INTERNAL,INTERNAL,WAIT,LEAF,1,0
cve20156161,NULL,INTERNAL,INTERNAL,TRANSFORM,LEAF,1,0
cyberArkGetPassword1,NULL,INTERNAL,INTERNAL,INPUT,LEAF,1,0
DailySchedule,NULL,INTERNAL,INTERNAL,TRANSFORM,LEAF,1,0
data_QUALITY_FLAG,NULL,INTERNAL,INTERNAL,TRANSFORM,LEAF,1,0
data_QUALITY_FLAG_2,NULL,INTERNAL,INTERNAL,TRANSFORM,LEAF,1,0
dataColCount,NULL,INTERNAL,INTERNAL,TRANSFORM,LEAF,1,0
dataColumnCount,NULL,INTERNAL,INTERNAL,TRANSFORM,LEAF,1,0
dataName,NULL,INTERNAL,INTERNAL,TRANSFORM,LEAF,1,0
dbServerCount,NULL,INTERNAL,INTERNAL,TRANSFORM,LEAF,1,0
dbServerInfo,NULL,INTERNAL,INTERNAL,TRANSFORM,LEAF,1,0
dbSrvCertInfo,NULL,INTERNAL,INTERNAL,TRANSFORM,LEAF,1,0
dbSrvCertInfoCount,NULL,INTERNAL,INTERNAL,TRANSFORM,LEAF,1,0
DBTimeZone,NULL,INTERNAL,INTERNAL,TRANSFORM,LEAF,1,0
DClusterJSON,NULL,INTERNAL,INTERNAL,TRANSFORM,LEAF,1,0
DCOComment,NULL,INTERNAL,INTERNAL,TRANSFORM,LEAF,1,0
DCOIssueTye,NULL,INTERNAL,INTERNAL,TRANSFORM,LEAF,1,0
DCOKey,NULL,INTERNAL,INTERNAL,TRANSFORM,LEAF,1,0
DCOStatus,NULL,INTERNAL,INTERNAL,TRANSFORM,LEAF,1,0
DCOSummary,NULL,INTERNAL,INTERNAL,TRANSFORM,LEAF,1,0
DCOUpdated,NULL,INTERNAL,INTERNAL,OUTPUT,LEAF,1,0
debianInstalledSoftware,NULL,INTERNAL,INTERNAL,TRANSFORM,LEAF,1,0
debianInstalledSoftwareError,NULL,INTERNAL,INTERNAL,TRANSFORM,LEAF,1,0
DEBUG,NULL,INTERNAL,INTERNAL,TRANSFORM,LEAF,1,0
DEBUG_Display_PauseOlaEndDate,NULL,INTERNAL,INTERNAL,TRANSFORM,LEAF,1,0
DEBUG_no_LOS_with_DG,NULL,INTERNAL,INTERNAL,TRANSFORM,LEAF,1,0
DEBUG_notify_to_NSC_cc_FME,NULL,INTERNAL,INTERNAL,TRANSFORM,LEAF,1,0
DEBUG_Unknown_Splitter,NULL,INTERNAL,INTERNAL,TRANSFORM,LEAF,1,0
DEBUG_UTACs,NULL,INTERNAL,INTERNAL,TRANSFORM,LEAF,1,0
DEBUG_XPON_LOSS_confirmed,NULL,INTERNAL,INTERNAL,TRANSFORM,LEAF,1,0
DEBUG_XPON_no_LOSS,NULL,INTERNAL,INTERNAL,TRANSFORM,LEAF,1,0
decodeHTML1,NULL,INTERNAL,INTERNAL,TRANSFORM,LEAF,1,0
DecomTaskName,NULL,INTERNAL,INTERNAL,TRANSFORM,LEAF,1,0
DecomTasksCount,NULL,INTERNAL,INTERNAL,TRANSFORM,LEAF,1,0
DefaultSQLOU,NULL,INTERNAL,INTERNAL,TRANSFORM,LEAF,1,0
DELETE,NULL,INTERNAL,INTERNAL,TRANSFORM,LEAF,1,0
delete_me_2,NULL,INTERNAL,INTERNAL,TRANSFORM,LEAF,1,0
delete_Table_module,NULL,INTERNAL,INTERNAL,TRANSFORM,LEAF,1,0
DELETEADERROR,NULL,INTERNAL,INTERNAL,TRANSFORM,LEAF,1,0
DeleteALLLogs,NULL,INTERNAL,INTERNAL,TRANSFORM,LEAF,1,0
deleteBackupTemplate,NULL,INTERNAL,INTERNAL,TRANSFORM,LEAF,1,0
deleteBatchScript,NULL,INTERNAL,INTERNAL,TRANSFORM,LEAF,1,0
deleteCol7,NULL,INTERNAL,INTERNAL,TRANSFORM,LEAF,1,0
directoryList,NULL,INTERNAL,INTERNAL,TRANSFORM,LEAF,1,0
DeviceName,NULL,INTERNAL,INTERNAL,TRANSFORM,LEAF,1,0
DeviceProfile,NULL,INTERNAL,INTERNAL,TRANSFORM,LEAF,1,0
deviceProfileTemplate,NULL,INTERNAL,INTERNAL,TRANSFORM,LEAF,1,0
diskSpace2,NULL,INTERNAL,INTERNAL,TRANSFORM,LEAF,1,0
diskSpaceAfter,NULL,INTERNAL,INTERNAL,TRANSFORM,LEAF,1,0
diskSpaceBefore,NULL,INTERNAL,INTERNAL,TRANSFORM,LEAF,1,0
display_init,NULL,INTERNAL,INTERNAL,TRANSFORM,LEAF,1,0
Display_Requestor,NULL,INTERNAL,INTERNAL,TRANSFORM,LEAF,1,0
Display_Scenario,NULL,INTERNAL,INTERNAL,TRANSFORM,LEAF,1,0
Display_SCVMM,NULL,INTERNAL,INTERNAL,TRANSFORM,LEAF,1,0
DisplayApproval,NULL,INTERNAL,INTERNAL,TRANSFORM,LEAF,1,0
DisplayApproval1,NULL,INTERNAL,INTERNAL,TRANSFORM,LEAF,1,0
DisplayApproval2,NULL,INTERNAL,INTERNAL,TRANSFORM,LEAF,1,0
disableUserAccount,NULL,INTERNAL,INTERNAL,TRANSFORM,LEAF,1,0
Disk,NULL,INTERNAL,INTERNAL,TRANSFORM,LEAF,1,0
diskAvailable_ROOT,NULL,INTERNAL,INTERNAL,TRANSFORM,LEAF,1,0
diskReportContainsFullDisks,NULL,INTERNAL,INTERNAL,TRANSFORM,LEAF,1,0
disabledAccounts,NULL,INTERNAL,INTERNAL,TRANSFORM,LEAF,1,0
displayCreateVmPayload,NULL,INTERNAL,INTERNAL,OUTPUT,LEAF,1,0
displayDaysBack,NULL,INTERNAL,INTERNAL,TRANSFORM,LEAF,1,0
displayDelta,NULL,INTERNAL,INTERNAL,TRANSFORM,LEAF,1,0
displayDeviceProfile,NULL,INTERNAL,INTERNAL,TRANSFORM,LEAF,1,0
displayDeviceProfileConfig,NULL,INTERNAL,INTERNAL,TRANSFORM,LEAF,1,0
displayMultiValue4,NULL,INTERNAL,INTERNAL,TRANSFORM,LEAF,1,0
displayMultiValue5,NULL,INTERNAL,INTERNAL,TRANSFORM,LEAF,1,0
displayName,NULL,INTERNAL,INTERNAL,TRANSFORM,LEAF,1,0
displayNameCheckResults,NULL,INTERNAL,INTERNAL,TRANSFORM,LEAF,1,0
displayNameCheckResultsError,NULL,INTERNAL,INTERNAL,TRANSFORM,LEAF,1,0
displayNewRow,NULL,INTERNAL,INTERNAL,TRANSFORM,LEAF,1,0
displayPhoneConfig,NULL,INTERNAL,INTERNAL,TRANSFORM,LEAF,1,0
displayPayload,NULL,INTERNAL,INTERNAL,TRANSFORM,LEAF,1,0
displayNoOldRankGroups,NULL,INTERNAL,INTERNAL,TRANSFORM,LEAF,1,0
displayNoOpenTasks,NULL,INTERNAL,INTERNAL,TRANSFORM,LEAF,1,0
displayDotNetVersions,NULL,INTERNAL,INTERNAL,TRANSFORM,LEAF,1,0
displayEpochTimestamp,NULL,INTERNAL,INTERNAL,TRANSFORM,LEAF,1,0
DisplayError,NULL,INTERNAL,INTERNAL,TRANSFORM,LEAF,1,0
displayExistingCert,NULL,INTERNAL,INTERNAL,TRANSFORM,LEAF,1,0
displayFailed,NULL,INTERNAL,INTERNAL,TRANSFORM,LEAF,1,0
displayFinalQueryResults,NULL,INTERNAL,INTERNAL,INPUT,LEAF,1,0
displayFinishedProcessingTicket,NULL,INTERNAL,INTERNAL,TRANSFORM,LEAF,1,0
displayHpTemplatePayload,NULL,INTERNAL,INTERNAL,TRANSFORM,LEAF,1,0
displayIncident1,NULL,INTERNAL,INTERNAL,TRANSFORM,LEAF,1,0
displayInitialServicesList,NULL,INTERNAL,INTERNAL,TRANSFORM,LEAF,1,0
displayInserts,NULL,INTERNAL,INTERNAL,TRANSFORM,LEAF,1,0
displayInstalledSoftware,NULL,INTERNAL,INTERNAL,TRANSFORM,LEAF,1,0
displayInvalidExtNo,NULL,INTERNAL,INTERNAL,TRANSFORM,LEAF,1,0
displayLineConfig,NULL,INTERNAL,INTERNAL,TRANSFORM,LEAF,1,0
displayMacError,NULL,INTERNAL,INTERNAL,TRANSFORM,LEAF,1,0
displayManagerInfo,NULL,INTERNAL,INTERNAL,TRANSFORM,LEAF,1,0
displayTemplateError,NULL,INTERNAL,INTERNAL,TRANSFORM,LEAF,1,0
displayTest1,NULL,INTERNAL,INTERNAL,TRANSFORM,LEAF,1,0
displayTicketUpdateData,NULL,INTERNAL,INTERNAL,OUTPUT,LEAF,1,0
displaytimestamp,NULL,INTERNAL,INTERNAL,TRANSFORM,LEAF,1,0
displaySuccess,NULL,INTERNAL,INTERNAL,TRANSFORM,LEAF,1,0
displayStatusCode,NULL,INTERNAL,INTERNAL,TRANSFORM,LEAF,1,0
displaySubErrors,NULL,INTERNAL,INTERNAL,TRANSFORM,LEAF,1,0
displayQueryResults,NULL,INTERNAL,INTERNAL,INPUT,LEAF,1,0
DisplayResponse1,NULL,INTERNAL,INTERNAL,TRANSFORM,LEAF,1,0
DisplayResponse2,NULL,INTERNAL,INTERNAL,TRANSFORM,LEAF,1,0
displaySessionAndTool,NULL,INTERNAL,INTERNAL,TRANSFORM,LEAF,1,0
displaySiteInfo,NULL,INTERNAL,INTERNAL,TRANSFORM,LEAF,1,0
displayRowNum,NULL,INTERNAL,INTERNAL,TRANSFORM,LEAF,1,0
displayUnknownSeverity,NULL,INTERNAL,INTERNAL,TRANSFORM,LEAF,1,0
displayUpdateResults,NULL,INTERNAL,INTERNAL,OUTPUT,LEAF,1,0
displayTable,NULL,INTERNAL,INTERNAL,TRANSFORM,LEAF,1,0
displayTableValues,NULL,INTERNAL,INTERNAL,TRANSFORM,LEAF,1,0
displayValueResults,NULL,INTERNAL,INTERNAL,TRANSFORM,LEAF,1,0
displayVariables,NULL,INTERNAL,INTERNAL,TRANSFORM,LEAF,1,0
displayVcenterResults,NULL,INTERNAL,INTERNAL,TRANSFORM,LEAF,1,0
displayValueOfDestination,NULL,INTERNAL,INTERNAL,TRANSFORM,LEAF,1,0
DomesticInternational,NULL,INTERNAL,INTERNAL,TRANSFORM,LEAF,1,0
DONEmfsmaxUpdateTicketCompletionCode,NULL,INTERNAL,INTERNAL,OUTPUT,LEAF,1,0
DONEmfsmaxUpdateTicketSolution,NULL,INTERNAL,INTERNAL,OUTPUT,LEAF,1,0
dotNetFrameworkTable,NULL,INTERNAL,INTERNAL,TRANSFORM,LEAF,1,0
dotNetRelease,NULL,INTERNAL,INTERNAL,TRANSFORM,LEAF,1,0
dotNetReleaseHex,NULL,INTERNAL,INTERNAL,TRANSFORM,LEAF,1,0
dotNetReleasesAvailable,NULL,INTERNAL,INTERNAL,TRANSFORM,LEAF,1,0
dotNetReleasesCount,NULL,INTERNAL,INTERNAL,TRANSFORM,LEAF,1,0
dotNetSectionReleaseLine,NULL,INTERNAL,INTERNAL,TRANSFORM,LEAF,1,0
dotNetVersionCounter,NULL,INTERNAL,INTERNAL,TRANSFORM,LEAF,1,0
downCounter,NULL,INTERNAL,INTERNAL,TRANSFORM,LEAF,1,0
downloadAttachment,NULL,INTERNAL,INTERNAL,TRANSFORM,LEAF,1,0
downloadExistingSMAXAttachment,NULL,INTERNAL,INTERNAL,TRANSFORM,LEAF,1,0
downloadWebsiteCertificate1,NULL,INTERNAL,INTERNAL,TRANSFORM,LEAF,1,0
downServicesCount,NULL,INTERNAL,INTERNAL,TRANSFORM,LEAF,1,0
Drive,NULL,INTERNAL,INTERNAL,TRANSFORM,LEAF,1,0
DriveDetail,NULL,INTERNAL,INTERNAL,TRANSFORM,LEAF,1,0
DriveLetter,NULL,INTERNAL,INTERNAL,TRANSFORM,LEAF,1,0
DriveLetterRAW,NULL,INTERNAL,INTERNAL,TRANSFORM,LEAF,1,0
setNextRenewalDate,NULL,INTERNAL,INTERNAL,TRANSFORM,LEAF,1,0
setNgCompany,NULL,INTERNAL,INTERNAL,TRANSFORM,LEAF,1,0
setNgHost,NULL,INTERNAL,INTERNAL,TRANSFORM,LEAF,1,0
setNgPort,NULL,INTERNAL,INTERNAL,TRANSFORM,LEAF,1,0
setNIC,NULL,INTERNAL,INTERNAL,TRANSFORM,LEAF,1,0
setNicType,NULL,INTERNAL,INTERNAL,TRANSFORM,LEAF,1,0
setNotEqual,NULL,INTERNAL,INTERNAL,TRANSFORM,LEAF,1,0
SetNotesConclusion,NULL,INTERNAL,INTERNAL,TRANSFORM,LEAF,1,0
setNotesNoIisSites,NULL,INTERNAL,INTERNAL,TRANSFORM,LEAF,1,0
SetNotesSSHFailed,NULL,INTERNAL,INTERNAL,TRANSFORM,LEAF,1,0
SetNotesPingFailed,NULL,INTERNAL,INTERNAL,TRANSFORM,LEAF,1,0
SetNotesNoUpdated,NULL,INTERNAL,INTERNAL,OUTPUT,LEAF,1,0
SetNotesWUModuleFound,NULL,INTERNAL,INTERNAL,TRANSFORM,LEAF,1,0
setNotUpdated,NULL,INTERNAL,INTERNAL,OUTPUT,LEAF,1,0
setNumber,NULL,INTERNAL,INTERNAL,TRANSFORM,LEAF,1,0
setNotesUknown,NULL,INTERNAL,INTERNAL,TRANSFORM,LEAF,1,0
setNewTermDate,NULL,INTERNAL,INTERNAL,TRANSFORM,LEAF,1,0
setNewToolResult,NULL,INTERNAL,INTERNAL,TRANSFORM,LEAF,1,0
setNewVcenterIp,NULL,INTERNAL,INTERNAL,TRANSFORM,LEAF,1,0
setNewVcenterName,NULL,INTERNAL,INTERNAL,TRANSFORM,LEAF,1,0
setNewVcenterOs,NULL,INTERNAL,INTERNAL,TRANSFORM,LEAF,1,0
setNewVcenterVcenter,NULL,INTERNAL,INTERNAL,TRANSFORM,LEAF,1,0
setNewAzureVmOs,NULL,INTERNAL,INTERNAL,TRANSFORM,LEAF,1,0
setNewGroupingActivityName,NULL,INTERNAL,INTERNAL,TRANSFORM,LEAF,1,0
setNewPassResults,NULL,INTERNAL,INTERNAL,TRANSFORM,LEAF,1,0
setMSI_11x,NULL,INTERNAL,INTERNAL,TRANSFORM,LEAF,1,0
setMSI_20x,NULL,INTERNAL,INTERNAL,TRANSFORM,LEAF,1,0
setMaxWaitCounter,NULL,INTERNAL,INTERNAL,WAIT,LEAF,1,0
SetMermory_JIRA,NULL,INTERNAL,INTERNAL,TRANSFORM,LEAF,1,0
setLogEntry,NULL,INTERNAL,INTERNAL,TRANSFORM,LEAF,1,0
setLoopCount,NULL,INTERNAL,INTERNAL,TRANSFORM,LEAF,1,0
setMessageActivityListResultPayload,NULL,INTERNAL,INTERNAL,TRANSFORM,LEAF,1,0
setMessagePayload,NULL,INTERNAL,INTERNAL,TRANSFORM,LEAF,1,0
setMfaResults,NULL,INTERNAL,INTERNAL,TRANSFORM,LEAF,1,0
setNewAccountIdResult,NULL,INTERNAL,INTERNAL,TRANSFORM,LEAF,1,0
setNewAccountName,NULL,INTERNAL,INTERNAL,TRANSFORM,LEAF,1,0
setNewAccountNameResult,NULL,INTERNAL,INTERNAL,TRANSFORM,LEAF,1,0
setNewApacheSite,NULL,INTERNAL,INTERNAL,TRANSFORM,LEAF,1,0
setNewApacheUrl,NULL,INTERNAL,INTERNAL,TRANSFORM,LEAF,1,0
setNewAzureEnv,NULL,INTERNAL,INTERNAL,TRANSFORM,LEAF,1,0
setNewAzureVmIp,NULL,INTERNAL,INTERNAL,TRANSFORM,LEAF,1,0
setFollowUpAuthData,NULL,INTERNAL,INTERNAL,TRANSFORM,LEAF,1,0
setFoundSubFlag,NULL,INTERNAL,INTERNAL,TRANSFORM,LEAF,1,0
setFsUrl,NULL,INTERNAL,INTERNAL,TRANSFORM,LEAF,1,0
setFullName,NULL,INTERNAL,INTERNAL,TRANSFORM,LEAF,1,0
setFullPath,NULL,INTERNAL,INTERNAL,TRANSFORM,LEAF,1,0
setFilePath,NULL,INTERNAL,INTERNAL,TRANSFORM,LEAF,1,0
setFilePermissions1,NULL,INTERNAL,INTERNAL,TRANSFORM,LEAF,1,0
setFilterData1,NULL,INTERNAL,INTERNAL,TRANSFORM,LEAF,1,0
setFilterData2,NULL,INTERNAL,INTERNAL,TRANSFORM,LEAF,1,0
setExecutorList,NULL,INTERNAL,INTERNAL,TRANSFORM,LEAF,1,0
setExecutorOutPath,NULL,INTERNAL,INTERNAL,TRANSFORM,LEAF,1,0
setDefaultToolResult,NULL,INTERNAL,INTERNAL,TRANSFORM,LEAF,1,0
setDelim,NULL,INTERNAL,INTERNAL,TRANSFORM,LEAF,1,0
setExportPath,NULL,INTERNAL,INTERNAL,TRANSFORM,LEAF,1,0
setExtension,NULL,INTERNAL,INTERNAL,TRANSFORM,LEAF,1,0
setHtmlIfElseBlockStart,NULL,INTERNAL,INTERNAL,DECISION,CONTAINER,1,0
setHtmlIfElseBranchEnd,NULL,INTERNAL,INTERNAL,DECISION,CONTAINER,1,0
setHtmlIfElseBranchStart,NULL,INTERNAL,INTERNAL,DECISION,CONTAINER,1,0
setHtmlIfElseEnd,NULL,INTERNAL,INTERNAL,DECISION,CONTAINER,1,0
setHtmlIfElseSubBranchEnd,NULL,INTERNAL,INTERNAL,DECISION,CONTAINER,1,0
setHtmlIfElseSubBranchStart,NULL,INTERNAL,INTERNAL,DECISION,CONTAINER,1,0
setHtmlLinesActivityName,NULL,INTERNAL,INTERNAL,TRANSFORM,LEAF,1,0
setHtmlLinesHtml,NULL,INTERNAL,INTERNAL,TRANSFORM,LEAF,1,0
setHtmlNonGroupActivity,NULL,INTERNAL,INTERNAL,TRANSFORM,LEAF,1,0
setHtmlParallelEnd,NULL,INTERNAL,INTERNAL,TRANSFORM,CONTAINER,1,0
setHtmlParallelStart,NULL,INTERNAL,INTERNAL,TRANSFORM,CONTAINER,1,0
setHtmlSequenceActivityEnd,NULL,INTERNAL,INTERNAL,TRANSFORM,LEAF,1,0
setHtmlSequenceActivityStart,NULL,INTERNAL,INTERNAL,TRANSFORM,LEAF,1,0
setHtmlUserGroupEnd,NULL,INTERNAL,INTERNAL,TRANSFORM,LEAF,1,0
setHtmlUserGroupStart,NULL,INTERNAL,INTERNAL,TRANSFORM,LEAF,1,0
setHtmlWhileEnd,NULL,INTERNAL,INTERNAL,DECISION,CONTAINER,1,0
setHtmlWhileStart,NULL,INTERNAL,INTERNAL,DECISION,CONTAINER,1,0
setIisFlag,NULL,INTERNAL,INTERNAL,TRANSFORM,LEAF,1,0
setInformation,NULL,INTERNAL,INTERNAL,TRANSFORM,LEAF,1,0
setInitialSheetName,NULL,INTERNAL,INTERNAL,TRANSFORM,LEAF,1,0
setInsertFirstRow,NULL,INTERNAL,INTERNAL,TRANSFORM,LEAF,1,0
setInsertStatement,NULL,INTERNAL,INTERNAL,TRANSFORM,LEAF,1,0
setInstallationpath,NULL,INTERNAL,INTERNAL,TRANSFORM,LEAF,1,0
setInstructionInstructionMessagePayload,NULL,INTERNAL,INTERNAL,TRANSFORM,LEAF,1,0
setIntegratedAuthString,NULL,INTERNAL,INTERNAL,TRANSFORM,LEAF,1,0
setIPCell,NULL,INTERNAL,INTERNAL,TRANSFORM,LEAF,1,0
setIPHtmlNone,NULL,INTERNAL,INTERNAL,TRANSFORM,LEAF,1,0
setIpNA,NULL,INTERNAL,INTERNAL,TRANSFORM,LEAF,1,0
setIssueWithReboot,NULL,INTERNAL,INTERNAL,TRANSFORM,LEAF,1,0
SetJIRA_toInProgress,27,Jira,BUSINESS,TRANSFORM,LEAF,1,0
setJobDescription,NULL,INTERNAL,INTERNAL,TRANSFORM,LEAF,1,0
setGlobals,NULL,INTERNAL,INTERNAL,TRANSFORM,LEAF,1,0
setGoodUrl,NULL,INTERNAL,INTERNAL,TRANSFORM,LEAF,1,0
setGptResult,NULL,INTERNAL,INTERNAL,TRANSFORM,LEAF,1,0
setGroupIds,NULL,INTERNAL,INTERNAL,TRANSFORM,LEAF,1,0
setGroupingActivities,NULL,INTERNAL,INTERNAL,TRANSFORM,LEAF,1,0
setHomeFolderPath,NULL,INTERNAL,INTERNAL,TRANSFORM,LEAF,1,0
setIncidentTicketID3,NULL,INTERNAL,INTERNAL,TRANSFORM,LEAF,1,0
setFirstName,NULL,INTERNAL,INTERNAL,TRANSFORM,LEAF,1,0
setKilledStoppedFlag,NULL,INTERNAL,INTERNAL,TRANSFORM,LEAF,1,0
setLabel,NULL,INTERNAL,INTERNAL,TRANSFORM,LEAF,1,0
setLastName,NULL,INTERNAL,INTERNAL,TRANSFORM,LEAF,1,0
setLineResults,NULL,INTERNAL,INTERNAL,TRANSFORM,LEAF,1,0
setLocalHcVars,NULL,INTERNAL,INTERNAL,TRANSFORM,LEAF,1,0
SetMachineVars,NULL,INTERNAL,INTERNAL,TRANSFORM,LEAF,1,0
SetMachineVarsFailure,NULL,INTERNAL,INTERNAL,TRANSFORM,LEAF,1,0
SetMachineVarsNotes,NULL,INTERNAL,INTERNAL,TRANSFORM,LEAF,1,0
SetMachineVarsReturnData,NULL,INTERNAL,INTERNAL,TRANSFORM,LEAF,1,0
SetMachineVarsSuccess,NULL,INTERNAL,INTERNAL,TRANSFORM,LEAF,1,0
setManagerEmail,NULL,INTERNAL,INTERNAL,TRANSFORM,LEAF,1,0
setManagerListFromExcel,NULL,INTERNAL,INTERNAL,TRANSFORM,LEAF,1,0
setMappingFile,NULL,INTERNAL,INTERNAL,TRANSFORM,LEAF,1,0
setMappingTableActivityName,NULL,INTERNAL,INTERNAL,TRANSFORM,LEAF,1,0
setMappingTableHtml,NULL,INTERNAL,INTERNAL,TRANSFORM,LEAF,1,0
setDir,NULL,INTERNAL,INTERNAL,TRANSFORM,LEAF,1,0
setDiskReport,NULL,INTERNAL,INTERNAL,TRANSFORM,LEAF,1,0
setDisplay,NULL,INTERNAL,INTERNAL,TRANSFORM,LEAF,1,0
SetDomainAuditMeM,NULL,INTERNAL,INTERNAL,TRANSFORM,LEAF,1,0
SetDomainAuditVar,NULL,INTERNAL,INTERNAL,TRANSFORM,LEAF,1,0
SetDriveSize,NULL,INTERNAL,INTERNAL,TRANSFORM,LEAF,1,0
setEffEndDate,NULL,INTERNAL,INTERNAL,TRANSFORM,LEAF,1,0
setEffStartDate,NULL,INTERNAL,INTERNAL,TRANSFORM,LEAF,1,0
setEmailList,NULL,INTERNAL,INTERNAL,TRANSFORM,LEAF,1,0
setEmailReport,NULL,INTERNAL,INTERNAL,TRANSFORM,LEAF,1,0
setEmpNum,NULL,INTERNAL,INTERNAL,TRANSFORM,LEAF,1,0
setEngageStatusFlag,NULL,INTERNAL,INTERNAL,TRANSFORM,LEAF,1,0
setEqual,NULL,INTERNAL,INTERNAL,TRANSFORM,LEAF,1,0
SetDevGlobals,NULL,INTERNAL,INTERNAL,TRANSFORM,LEAF,1,0
setDeviceName,NULL,INTERNAL,INTERNAL,TRANSFORM,LEAF,1,0
setDeviceSDT,NULL,INTERNAL,INTERNAL,TRANSFORM,LEAF,1,0
setDbUser,NULL,INTERNAL,INTERNAL,TRANSFORM,LEAF,1,0
SetDBVariables,NULL,INTERNAL,INTERNAL,TRANSFORM,LEAF,1,0
setDebianInstalledSoftware,NULL,INTERNAL,INTERNAL,TRANSFORM,LEAF,1,0
setDebianServerNotes,NULL,INTERNAL,INTERNAL,TRANSFORM,LEAF,1,0
setdbModifiedDateTs,NULL,INTERNAL,INTERNAL,TRANSFORM,LEAF,1,0
setDbPass,NULL,INTERNAL,INTERNAL,TRANSFORM,LEAF,1,0
setCurrTicketUpdateField,NULL,INTERNAL,INTERNAL,OUTPUT,LEAF,1,0
setCurrUser,NULL,INTERNAL,INTERNAL,TRANSFORM,LEAF,1,0
setCurrWebSiteUrl,NULL,INTERNAL,INTERNAL,TRANSFORM,LEAF,1,0
setData,NULL,INTERNAL,INTERNAL,TRANSFORM,LEAF,1,0
setCurrentSize,NULL,INTERNAL,INTERNAL,TRANSFORM,LEAF,1,0
SetCPUMEMError,NULL,INTERNAL,INTERNAL,TRANSFORM,LEAF,1,0
setCreateDate,NULL,INTERNAL,INTERNAL,OUTPUT,LEAF,1,0
setCreateStatement,NULL,INTERNAL,INTERNAL,OUTPUT,LEAF,1,0
SetCreationTime,NULL,INTERNAL,INTERNAL,TRANSFORM,LEAF,1,0
setcompareSvcsStrings,NULL,INTERNAL,INTERNAL,TRANSFORM,LEAF,1,0
setContractorEmailFullName,NULL,INTERNAL,INTERNAL,TRANSFORM,LEAF,1,0
setContractorEmpNum,NULL,INTERNAL,INTERNAL,TRANSFORM,LEAF,1,0
setContractorFullName,NULL,INTERNAL,INTERNAL,TRANSFORM,LEAF,1,0
setChatPayload,NULL,INTERNAL,INTERNAL,TRANSFORM,LEAF,1,0
setClassification,NULL,INTERNAL,INTERNAL,TRANSFORM,LEAF,1,0
setClaudePayload,NULL,INTERNAL,INTERNAL,TRANSFORM,LEAF,1,0
setCertFilePath,NULL,INTERNAL,INTERNAL,TRANSFORM,LEAF,1,0
setCellValue8,NULL,INTERNAL,INTERNAL,TRANSFORM,LEAF,1,0
setCellValue9,NULL,INTERNAL,INTERNAL,TRANSFORM,LEAF,1,0
setCentosOS,NULL,INTERNAL,INTERNAL,TRANSFORM,LEAF,1,0
SetCatVarsError,NULL,INTERNAL,INTERNAL,TRANSFORM,LEAF,1,0
setCellFieldNameResults,NULL,INTERNAL,INTERNAL,TRANSFORM,LEAF,1,0
setCellResultsFailed,NULL,INTERNAL,INTERNAL,TRANSFORM,LEAF,1,0
setCellResultsSuccess,NULL,INTERNAL,INTERNAL,TRANSFORM,LEAF,1,0
setBranchFlag,NULL,INTERNAL,INTERNAL,TRANSFORM,LEAF,1,0
setCellValue10,NULL,INTERNAL,INTERNAL,TRANSFORM,LEAF,1,0
setActivityInstanceCount,NULL,INTERNAL,INTERNAL,TRANSFORM,LEAF,1,0
setActivityInstanceName,NULL,INTERNAL,INTERNAL,TRANSFORM,LEAF,1,0
setActivityListInstructions,NULL,INTERNAL,INTERNAL,TRANSFORM,LEAF,1,0
setActivityListSettings,NULL,INTERNAL,INTERNAL,TRANSFORM,LEAF,1,0
serviceStatus2,NULL,INTERNAL,INTERNAL,TRANSFORM,LEAF,1,0
ServicesTableNotes,11,ServiceNow,BUSINESS,TRANSFORM,LEAF,1,0
ServicesTableText,NULL,INTERNAL,INTERNAL,TRANSFORM,LEAF,1,0
serviceStartupType1,NULL,INTERNAL,INTERNAL,TRANSFORM,LEAF,1,0
ServiceNowTicket,2073,INTERNAL,OTHER,TRANSFORM,LEAF,1,1
servicePause1,NULL,INTERNAL,INTERNAL,TRANSFORM,LEAF,1,0
serviceRestart1,NULL,INTERNAL,INTERNAL,TRANSFORM,LEAF,1,0
serviceResume1,NULL,INTERNAL,INTERNAL,TRANSFORM,LEAF,1,0
servicesList,NULL,INTERNAL,INTERNAL,TRANSFORM,LEAF,1,0
servicesListCount,NULL,INTERNAL,INTERNAL,TRANSFORM,LEAF,1,0
serviceDeskPlusGetUser1,NULL,INTERNAL,INTERNAL,INPUT,LEAF,1,0
serviceDeskPlusListChange1,NULL,INTERNAL,INTERNAL,TRANSFORM,LEAF,1,0
serviceDeskPlusListProblems1,NULL,INTERNAL,INTERNAL,TRANSFORM,LEAF,1,0
serviceDeskPlusListRequestTask1,NULL,INTERNAL,INTERNAL,TRANSFORM,LEAF,1,0
serviceDeskPlusPickupRequest1,NULL,INTERNAL,INTERNAL,TRANSFORM,LEAF,1,0
serviceDeskPlusUpdateNote1,NULL,INTERNAL,INTERNAL,OUTPUT,LEAF,1,0
serviceDeskPlusUpdateRequest1,NULL,INTERNAL,INTERNAL,OUTPUT,LEAF,1,0
serviceDeskPlusViewNote1,NULL,INTERNAL,INTERNAL,TRANSFORM,LEAF,1,0
serviceDeskPlusGetRequestTask1,NULL,INTERNAL,INTERNAL,INPUT,LEAF,1,0
ServiceFilterPath,NULL,INTERNAL,INTERNAL,TRANSFORM,LEAF,1,0
serviceListAfterRestarts,NULL,INTERNAL,INTERNAL,TRANSFORM,LEAF,1,0
setAuthData,NULL,INTERNAL,INTERNAL,TRANSFORM,LEAF,1,0
setAuthTokenError,NULL,INTERNAL,INTERNAL,TRANSFORM,LEAF,1,0
setAuthUserResults,NULL,INTERNAL,INTERNAL,TRANSFORM,LEAF,1,0
setAutoReplyMessage,NULL,INTERNAL,INTERNAL,TRANSFORM,LEAF,1,0
setAzureInfo,NULL,INTERNAL,INTERNAL,TRANSFORM,LEAF,1,0
setAzureVmOsLinux,NULL,INTERNAL,INTERNAL,TRANSFORM,LEAF,1,0
setAzureVmOsWindows,NULL,INTERNAL,INTERNAL,TRANSFORM,LEAF,1,0
setAzureVms,NULL,INTERNAL,INTERNAL,TRANSFORM,LEAF,1,0
setBadUrl,NULL,INTERNAL,INTERNAL,TRANSFORM,LEAF,1,0
setAddHttpUrl,NULL,INTERNAL,INTERNAL,TRANSFORM,LEAF,1,0
setAddNewWorkflowPayload,NULL,INTERNAL,INTERNAL,TRANSFORM,LEAF,1,0
setAdDomain,NULL,INTERNAL,INTERNAL,TRANSFORM,LEAF,1,0
setAlertingName,NULL,INTERNAL,INTERNAL,TRANSFORM,LEAF,1,0
setAlertMapping,NULL,INTERNAL,INTERNAL,TRANSFORM,LEAF,1,0
SetApprovalStatus1_Approved,NULL,INTERNAL,INTERNAL,TRANSFORM,LEAF,1,0
SetApprovalStatus1_Denied,NULL,INTERNAL,INTERNAL,TRANSFORM,LEAF,1,0
SetApprovalStatus2_Approved,NULL,INTERNAL,INTERNAL,TRANSFORM,LEAF,1,0
SetApprovalStatus2_Denied,NULL,INTERNAL,INTERNAL,TRANSFORM,LEAF,1,0
setAlertSeverityString,NULL,INTERNAL,INTERNAL,TRANSFORM,LEAF,1,0
setAlertTextDetails,NULL,INTERNAL,INTERNAL,TRANSFORM,LEAF,1,0
setApiInfo,NULL,INTERNAL,INTERNAL,TRANSFORM,LEAF,1,0
setZipName,NULL,INTERNAL,INTERNAL,TRANSFORM,LEAF,1,0
sftpEndVerticaNode,NULL,INTERNAL,INTERNAL,TRANSFORM,LEAF,1,0
sftpSession,NULL,INTERNAL,INTERNAL,TRANSFORM,LEAF,1,0
sftpVerticaGetLog,NULL,INTERNAL,INTERNAL,INPUT,LEAF,1,0
sftpVerticaNode,NULL,INTERNAL,INTERNAL,TRANSFORM,LEAF,1,0
sgn1,NULL,INTERNAL,INTERNAL,TRANSFORM,LEAF,1,0
shareFolder1,NULL,INTERNAL,INTERNAL,TRANSFORM,LEAF,1,0
SHELF,NULL,INTERNAL,INTERNAL,TRANSFORM,LEAF,1,0
show_alarm_current,NULL,INTERNAL,INTERNAL,TRANSFORM,LEAF,1,0
show_alarm_table,NULL,INTERNAL,INTERNAL,TRANSFORM,LEAF,1,0
show_dying_gasps,NULL,INTERNAL,INTERNAL,TRANSFORM,LEAF,1,0
show_information,NULL,INTERNAL,INTERNAL,TRANSFORM,LEAF,1,0
show_information_backup,NULL,INTERNAL,INTERNAL,TRANSFORM,LEAF,1,0
show_olt_pon_INDEX,NULL,INTERNAL,INTERNAL,TRANSFORM,LEAF,1,0
show_olt_pon_loss,NULL,INTERNAL,INTERNAL,TRANSFORM,LEAF,1,0
show_olt_pon_PORT,NULL,INTERNAL,INTERNAL,TRANSFORM,LEAF,1,0
show_sntp,NULL,INTERNAL,INTERNAL,TRANSFORM,LEAF,1,0
showConclusionsTable,NULL,INTERNAL,INTERNAL,TRANSFORM,LEAF,1,0
Shutdown_bySCVMM,NULL,INTERNAL,INTERNAL,TRANSFORM,LEAF,1,0
signature,NULL,INTERNAL,INTERNAL,TRANSFORM,LEAF,1,0
SingleCore,NULL,INTERNAL,INTERNAL,TRANSFORM,LEAF,1,0
slackArchiveChannel1,55,Slack,COMMUNICATION,TRANSFORM,LEAF,1,0
slackCreateChannel1,55,Slack,COMMUNICATION,OUTPUT,LEAF,1,0
slackInvitetoChannel1,55,Slack,COMMUNICATION,TRANSFORM,LEAF,1,0
slackKickfromChannel1,55,Slack,COMMUNICATION,TRANSFORM,LEAF,1,0
slackSendMessage1,55,Slack,COMMUNICATION,OUTPUT,LEAF,1,0
slackStartConversation1,55,Slack,COMMUNICATION,TRANSFORM,LEAF,1,0
slackStopConversation1,55,Slack,COMMUNICATION,TRANSFORM,LEAF,1,0
slnpmAcknowledgeAlert1,NULL,INTERNAL,INTERNAL,TRANSFORM,LEAF,1,0
setXmlFileBasePath,NULL,INTERNAL,INTERNAL,TRANSFORM,LEAF,1,0
setXmlPathActivityName,NULL,INTERNAL,INTERNAL,TRANSFORM,LEAF,1,0
skipProcessing,NULL,INTERNAL,INTERNAL,TRANSFORM,LEAF,1,0
slnpmGetNode1,13,INTERNAL,OTHER,INPUT,LEAF,1,1
slnpmGetNode1,28,SolarWinds NPM,OTHER,INPUT,LEAF,1,0
slnpmGetNode2,13,INTERNAL,OTHER,INPUT,LEAF,1,1
slnpmGetNode3,13,INTERNAL,OTHER,INPUT,LEAF,1,1
slnpmManageNode1,13,INTERNAL,OTHER,TRANSFORM,LEAF,1,1
slnpmManageNode1,28,SolarWinds NPM,OTHER,TRANSFORM,LEAF,1,0
slnpmManageNode2,13,INTERNAL,OTHER,TRANSFORM,LEAF,1,1
slnpmManageNode3,13,INTERNAL,OTHER,TRANSFORM,LEAF,1,1
slnpmUnacknowledgeAlert1,28,SolarWinds NPM,OTHER,TRANSFORM,LEAF,1,0
slnpmUnManageNode1,28,SolarWinds NPM,OTHER,TRANSFORM,LEAF,1,0
SLOT,NULL,INTERNAL,INTERNAL,TRANSFORM,LEAF,1,0
SLOT_raw,NULL,INTERNAL,INTERNAL,TRANSFORM,LEAF,1,0
smaxAttachComments,NULL,INTERNAL,INTERNAL,TRANSFORM,LEAF,1,0
smaxAttachmentExistsInJira,NULL,INTERNAL,INTERNAL,TRANSFORM,LEAF,1,0
smtpSendEmail1,NULL,INTERNAL,INTERNAL,OUTPUT,LEAF,1,0
SnapCreationTime,NULL,INTERNAL,INTERNAL,TRANSFORM,LEAF,1,0
SnapFailedNotesConclusion,NULL,INTERNAL,INTERNAL,TRANSFORM,LEAF,1,0
SnapName,NULL,INTERNAL,INTERNAL,TRANSFORM,LEAF,1,0
snapShotInfo,NULL,INTERNAL,INTERNAL,TRANSFORM,LEAF,1,0
SnapshotName,NULL,INTERNAL,INTERNAL,TRANSFORM,LEAF,1,0
snCreateBackupSCTASK,37,ServiceNow,BUSINESS,OUTPUT,LEAF,1,0
SMS_User,NULL,INTERNAL,INTERNAL,TRANSFORM,LEAF,1,0
snCreateRecord1,22,INTERNAL,OTHER,OUTPUT,LEAF,1,1
snCreateRecord1,34,ServiceNow,BUSINESS,OUTPUT,LEAF,1,0
snCreateRecord1,35,ServiceNow,BUSINESS,OUTPUT,LEAF,1,0
setTicketQueryResultName,NULL,INTERNAL,INTERNAL,INPUT,LEAF,1,0
setTicketQueryResults,NULL,INTERNAL,INTERNAL,INPUT,LEAF,1,0
setTmpAttachmentList,NULL,INTERNAL,INTERNAL,TRANSFORM,LEAF,1,0
setTokenFailure,NULL,INTERNAL,INTERNAL,TRANSFORM,LEAF,1,0
setTokenPayload,NULL,INTERNAL,INTERNAL,TRANSFORM,LEAF,1,0
setTokenResult,NULL,INTERNAL,INTERNAL,TRANSFORM,LEAF,1,0
setTokenRul,NULL,INTERNAL,INTERNAL,TRANSFORM,LEAF,1,0
setTokenUri,NULL,INTERNAL,INTERNAL,TRANSFORM,LEAF,1,0
setToolTimeOutMsg,NULL,INTERNAL,INTERNAL,TRANSFORM,LEAF,1,0
setType,NULL,INTERNAL,INTERNAL,TRANSFORM,LEAF,1,0
setUbuntuOS,NULL,INTERNAL,INTERNAL,TRANSFORM,LEAF,1,0
setUnlockVar,NULL,INTERNAL,INTERNAL,TRANSFORM,LEAF,1,0
setUpdated,NULL,INTERNAL,INTERNAL,OUTPUT,LEAF,1,0
setUpdateFlag,NULL,INTERNAL,INTERNAL,OUTPUT,LEAF,1,0
setUpdateHttpUrl,NULL,INTERNAL,INTERNAL,OUTPUT,LEAF,1,0
setUpdateStatusFlag,NULL,INTERNAL,INTERNAL,OUTPUT,LEAF,1,0
setUpdateUrl,NULL,INTERNAL,INTERNAL,OUTPUT,LEAF,1,0
setUtilizationTicketIDNoCI,NULL,INTERNAL,INTERNAL,TRANSFORM,LEAF,1,0
setUtilizationTicketIDWithCI,NULL,INTERNAL,INTERNAL,TRANSFORM,LEAF,1,0
setUploadPayload,NULL,INTERNAL,INTERNAL,TRANSFORM,LEAF,1,0
setUptime,NULL,INTERNAL,INTERNAL,TRANSFORM,LEAF,1,0
setUserJobsOldRank,NULL,INTERNAL,INTERNAL,TRANSFORM,LEAF,1,0
setUserJobsOldTitle,NULL,INTERNAL,INTERNAL,TRANSFORM,LEAF,1,0
setUserPath,NULL,INTERNAL,INTERNAL,TRANSFORM,LEAF,1,0
setUserSecGroups,NULL,INTERNAL,INTERNAL,TRANSFORM,LEAF,1,0
setVolumeName,NULL,INTERNAL,INTERNAL,TRANSFORM,LEAF,1,0
setWfCategoriesSuccess,NULL,INTERNAL,INTERNAL,TRANSFORM,LEAF,1,0
setWfConfig,NULL,INTERNAL,INTERNAL,TRANSFORM,LEAF,1,0
setWfCreated,NULL,INTERNAL,INTERNAL,OUTPUT,LEAF,1,0
setWfDataValues,NULL,INTERNAL,INTERNAL,TRANSFORM,LEAF,1,0
setWfDesc,NULL,INTERNAL,INTERNAL,TRANSFORM,LEAF,1,0
setWfDetailsSuccess,NULL,INTERNAL,INTERNAL,TRANSFORM,LEAF,1,0
setWfExecutionsData,NULL,INTERNAL,INTERNAL,TRANSFORM,LEAF,1,0
setWfExecutionsDatapoint,NULL,INTERNAL,INTERNAL,TRANSFORM,LEAF,1,0
setWfInstructions,NULL,INTERNAL,INTERNAL,TRANSFORM,LEAF,1,0
setWfModified,NULL,INTERNAL,INTERNAL,TRANSFORM,LEAF,1,0
setVcenterVms,NULL,INTERNAL,INTERNAL,TRANSFORM,LEAF,1,0
SetVisio1,NULL,INTERNAL,INTERNAL,TRANSFORM,LEAF,1,0
SetVisio2,NULL,INTERNAL,INTERNAL,TRANSFORM,LEAF,1,0
SetVLANERROR,NULL,INTERNAL,INTERNAL,TRANSFORM,LEAF,1,0
setWindowsInstalledSoftware,NULL,INTERNAL,INTERNAL,TRANSFORM,LEAF,1,0
setWindowsOS,NULL,INTERNAL,INTERNAL,TRANSFORM,LEAF,1,0
setWindowsServerNotes,NULL,INTERNAL,INTERNAL,TRANSFORM,LEAF,1,0
setVMList,NULL,INTERNAL,INTERNAL,TRANSFORM,LEAF,1,0
setVmname,NULL,INTERNAL,INTERNAL,TRANSFORM,LEAF,1,0
SetVariablesAyehu,NULL,INTERNAL,INTERNAL,TRANSFORM,LEAF,1,0
SetVariablesCustomer,NULL,INTERNAL,INTERNAL,TRANSFORM,LEAF,1,0
SetVariablesSonda,NULL,INTERNAL,INTERNAL,TRANSFORM,LEAF,1,0
setVCenter_ENT2,NULL,INTERNAL,INTERNAL,TRANSFORM,LEAF,1,0
setVarsWin10,NULL,INTERNAL,INTERNAL,TRANSFORM,LEAF,1,0
setVarsWin7,NULL,INTERNAL,INTERNAL,TRANSFORM,LEAF,1,0
setTicketIDNoCI,NULL,INTERNAL,INTERNAL,TRANSFORM,LEAF,1,0
setTicketIDWithCI,NULL,INTERNAL,INTERNAL,TRANSFORM,LEAF,1,0
setTESTvalues,NULL,INTERNAL,INTERNAL,TRANSFORM,LEAF,1,0
setSummaryPath,NULL,INTERNAL,INTERNAL,TRANSFORM,LEAF,1,0
setTaskEntryResults,NULL,INTERNAL,INTERNAL,TRANSFORM,LEAF,1,0
setTaskToAdd,NULL,INTERNAL,INTERNAL,TRANSFORM,LEAF,1,0
setTaskToUpdate,NULL,INTERNAL,INTERNAL,OUTPUT,LEAF,1,0
setTempComments,NULL,INTERNAL,INTERNAL,TRANSFORM,LEAF,1,0
setTermDate,NULL,INTERNAL,INTERNAL,TRANSFORM,LEAF,1,0
setSummaryFile,NULL,INTERNAL,INTERNAL,TRANSFORM,LEAF,1,0
SetStatusPingFailed,NULL,INTERNAL,INTERNAL,TRANSFORM,LEAF,1,0
setStopped,NULL,INTERNAL,INTERNAL,TRANSFORM,LEAF,1,0
setStoppedFlag,NULL,INTERNAL,INTERNAL,TRANSFORM,LEAF,1,0
setSubj,NULL,INTERNAL,INTERNAL,TRANSFORM,LEAF,1,0
setSubscriptionVars,NULL,INTERNAL,INTERNAL,TRANSFORM,LEAF,1,0
setSuccessStatus,NULL,INTERNAL,INTERNAL,TRANSFORM,LEAF,1,0
SetStatusSSHFailed,NULL,INTERNAL,INTERNAL,TRANSFORM,LEAF,1,0
setStatusUknown,NULL,INTERNAL,INTERNAL,TRANSFORM,LEAF,1,0
setStatusCode,NULL,INTERNAL,INTERNAL,TRANSFORM,LEAF,1,0
SetStatusConclusion,NULL,INTERNAL,INTERNAL,TRANSFORM,LEAF,1,0
SetStatus1,NULL,INTERNAL,INTERNAL,TRANSFORM,LEAF,1,0
SetStatus2,NULL,INTERNAL,INTERNAL,TRANSFORM,LEAF,1,0
setSqlTermDate,NULL,INTERNAL,INTERNAL,TRANSFORM,LEAF,1,0
setSSH,NULL,INTERNAL,INTERNAL,TRANSFORM,LEAF,1,0
SetSSPFormAuditMeM,NULL,INTERNAL,INTERNAL,TRANSFORM,LEAF,1,0
SetSSPFormAuditVar,NULL,INTERNAL,INTERNAL,TRANSFORM,LEAF,1,0
SetSSPLogAuditMeM,NULL,INTERNAL,INTERNAL,TRANSFORM,LEAF,1,0
setStatusEnabled,NULL,INTERNAL,INTERNAL,TRANSFORM,LEAF,1,0
setSqlQuery,NULL,INTERNAL,INTERNAL,INPUT,LEAF,1,0
SetServiceName,NULL,INTERNAL,INTERNAL,TRANSFORM,LEAF,1,0
SetServicesRestartStatus,NULL,INTERNAL,INTERNAL,TRANSFORM,LEAF,1,0
setServiceStatusStopped,NULL,INTERNAL,INTERNAL,TRANSFORM,LEAF,1,0
setSeverity,NULL,INTERNAL,INTERNAL,TRANSFORM,LEAF,1,0
setSheetName,NULL,INTERNAL,INTERNAL,TRANSFORM,LEAF,1,0
setSingleTicketFlag,NULL,INTERNAL,INTERNAL,TRANSFORM,LEAF,1,0
setSite,NULL,INTERNAL,INTERNAL,TRANSFORM,LEAF,1,0
SetSnapshotName,NULL,INTERNAL,INTERNAL,TRANSFORM,LEAF,1,0
setSolarwinds,NULL,INTERNAL,INTERNAL,TRANSFORM,LEAF,1,0
SetSolarwinds_A,NULL,INTERNAL,INTERNAL,TRANSFORM,LEAF,1,0
SetSolarwinds_B,NULL,INTERNAL,INTERNAL,TRANSFORM,LEAF,1,0
SetSolarwindsType_A,NULL,INTERNAL,INTERNAL,TRANSFORM,LEAF,1,0
SetSolarwindsType_B,NULL,INTERNAL,INTERNAL,TRANSFORM,LEAF,1,0
setSourceCell,NULL,INTERNAL,INTERNAL,TRANSFORM,LEAF,1,0
setSourceFile,NULL,INTERNAL,INTERNAL,TRANSFORM,LEAF,1,0
setSpaceAfter,NULL,INTERNAL,INTERNAL,TRANSFORM,LEAF,1,0
setSpaceBefore,NULL,INTERNAL,INTERNAL,TRANSFORM,LEAF,1,0
setSqlAuthString,NULL,INTERNAL,INTERNAL,TRANSFORM,LEAF,1,0
setRDP,NULL,INTERNAL,INTERNAL,TRANSFORM,LEAF,1,0
setReadData,NULL,INTERNAL,INTERNAL,TRANSFORM,LEAF,1,0
SetReason,NULL,INTERNAL,INTERNAL,TRANSFORM,LEAF,1,0
setRedHatInstalledSoftware,NULL,INTERNAL,INTERNAL,TRANSFORM,LEAF,1,0
setRedHatOS,NULL,INTERNAL,INTERNAL,TRANSFORM,LEAF,1,0
setRedHatServerNotes,NULL,INTERNAL,INTERNAL,TRANSFORM,LEAF,1,0
setRegistryQueryPath,NULL,INTERNAL,INTERNAL,INPUT,LEAF,1,0
setPort,NULL,INTERNAL,INTERNAL,TRANSFORM,LEAF,1,0
setPreviousRenewalDate,NULL,INTERNAL,INTERNAL,TRANSFORM,LEAF,1,0
setPreviousSize,NULL,INTERNAL,INTERNAL,TRANSFORM,LEAF,1,0
setPreviousVersion,NULL,INTERNAL,INTERNAL,TRANSFORM,LEAF,1,0
setPrevLine,NULL,INTERNAL,INTERNAL,TRANSFORM,LEAF,1,0
SetProject1,NULL,INTERNAL,INTERNAL,TRANSFORM,LEAF,1,0
SetProject2,NULL,INTERNAL,INTERNAL,TRANSFORM,LEAF,1,0
setPagePayload,NULL,INTERNAL,INTERNAL,TRANSFORM,LEAF,1,0
setPatches,NULL,INTERNAL,INTERNAL,TRANSFORM,LEAF,1,0
SetPOCVariablesMultiServer,NULL,INTERNAL,INTERNAL,TRANSFORM,LEAF,1,0
setPayload,NULL,INTERNAL,INTERNAL,TRANSFORM,LEAF,1,0
setPingReport,NULL,INTERNAL,INTERNAL,TRANSFORM,LEAF,1,0
setO365AutoReply,NULL,INTERNAL,INTERNAL,TRANSFORM,LEAF,1,0
setO365DisableActiveSync,NULL,INTERNAL,INTERNAL,TRANSFORM,LEAF,1,0
setO365DisableOwa,NULL,INTERNAL,INTERNAL,TRANSFORM,LEAF,1,0
setO365ManagerAccountAccess,NULL,INTERNAL,INTERNAL,TRANSFORM,LEAF,1,0
setO365OneDriveAccess,NULL,INTERNAL,INTERNAL,TRANSFORM,LEAF,1,0
setO365SharedMailbox,NULL,INTERNAL,INTERNAL,TRANSFORM,LEAF,1,0
setObjectDescOutput,NULL,INTERNAL,INTERNAL,TRANSFORM,LEAF,1,0
setObjectNameOutput,NULL,INTERNAL,INTERNAL,TRANSFORM,LEAF,1,0
setOSCheck,NULL,INTERNAL,INTERNAL,TRANSFORM,LEAF,1,0
setOutputActivityName,NULL,INTERNAL,INTERNAL,TRANSFORM,LEAF,1,0
setOutputFileName,NULL,INTERNAL,INTERNAL,TRANSFORM,LEAF,1,0
SetSCSIController,NULL,INTERNAL,INTERNAL,TRANSFORM,LEAF,1,0
SetSCSIControllerNotes,NULL,INTERNAL,INTERNAL,TRANSFORM,LEAF,1,0
SetSCSIControllerStatus,NULL,INTERNAL,INTERNAL,TRANSFORM,LEAF,1,0
setSeeNotesStatus,NULL,INTERNAL,INTERNAL,TRANSFORM,LEAF,1,0
setSegment,NULL,INTERNAL,INTERNAL,TRANSFORM,LEAF,1,0
setServerCell,NULL,INTERNAL,INTERNAL,TRANSFORM,LEAF,1,0
setServerNameResult,NULL,INTERNAL,INTERNAL,TRANSFORM,LEAF,1,0
setServerNotesIisError,NULL,INTERNAL,INTERNAL,TRANSFORM,LEAF,1,0
setSamName,NULL,INTERNAL,INTERNAL,TRANSFORM,LEAF,1,0
setSaveWorkflowDesignerPayload,NULL,INTERNAL,INTERNAL,TRANSFORM,LEAF,1,0
setSaveWorkflowPropertiesPayload,NULL,INTERNAL,INTERNAL,TRANSFORM,LEAF,1,0
setScope,NULL,INTERNAL,INTERNAL,TRANSFORM,LEAF,1,0
SetSchedulerAuditMeM,NULL,INTERNAL,INTERNAL,TRANSFORM,LEAF,1,0
SetSchedulerAuditVar,NULL,INTERNAL,INTERNAL,TRANSFORM,LEAF,1,0
SetRequestStatus,NULL,INTERNAL,INTERNAL,TRANSFORM,LEAF,1,0
setResultsResult,NULL,INTERNAL,INTERNAL,TRANSFORM,LEAF,1,0
setResultsTableName,NULL,INTERNAL,INTERNAL,TRANSFORM,LEAF,1,0
setResultTable,NULL,INTERNAL,INTERNAL,TRANSFORM,LEAF,1,0
setResumeFileName,NULL,INTERNAL,INTERNAL,TRANSFORM,LEAF,1,0
setRetrieveStatement,NULL,INTERNAL,INTERNAL,TRANSFORM,LEAF,1,0
SetROIAuditMeM,NULL,INTERNAL,INTERNAL,TRANSFORM,LEAF,1,0
SetROIAuditVar,NULL,INTERNAL,INTERNAL,TRANSFORM,LEAF,1,0
SetProdGlobals,NULL,INTERNAL,INTERNAL,TRANSFORM,LEAF,1,0
setRowsPerChild,NULL,INTERNAL,INTERNAL,TRANSFORM,LEAF,1,0
SetRulesAuditMeM,NULL,INTERNAL,INTERNAL,TRANSFORM,LEAF,1,0
SetRulesAuditVar,NULL,INTERNAL,INTERNAL,TRANSFORM,LEAF,1,0
setRunning,NULL,INTERNAL,INTERNAL,TRANSFORM,LEAF,1,0
snUpdateRecord6,11,ServiceNow,BUSINESS,OUTPUT,LEAF,1,0
snUpdateRecord7,NULL,INTERNAL,INTERNAL,OUTPUT,LEAF,1,0
snUpdateRecord7,11,ServiceNow,BUSINESS,OUTPUT,LEAF,1,0
snUpdateRecord8,11,ServiceNow,BUSINESS,OUTPUT,LEAF,1,0
snUpdateRecord9,11,ServiceNow,BUSINESS,OUTPUT,LEAF,1,0
snUpdateRequestApproved,37,ServiceNow,BUSINESS,OUTPUT,LEAF,1,0
snUpdateServerBuildTask,37,ServiceNow,BUSINESS,OUTPUT,LEAF,1,0
snUpdateServerBuildTask2,37,ServiceNow,BUSINESS,OUTPUT,LEAF,1,0
snUpdateServerBuildTask3,37,ServiceNow,BUSINESS,OUTPUT,LEAF,1,0
snUpdateTask,11,ServiceNow,BUSINESS,OUTPUT,LEAF,1,0
snUpdateTaskRecord,11,ServiceNow,BUSINESS,OUTPUT,LEAF,1,0
snUpdTicketTemplateError,11,ServiceNow,BUSINESS,TRANSFORM,LEAF,1,0
snUploadAttachment1,34,ServiceNow,BUSINESS,TRANSFORM,LEAF,1,0
snUpdateRecord3,NULL,INTERNAL,INTERNAL,OUTPUT,LEAF,1,0
snTicketNum,NULL,INTERNAL,INTERNAL,TRANSFORM,LEAF,1,0
snUpdateRecord10,11,ServiceNow,BUSINESS,OUTPUT,LEAF,1,0
softPhoneTemplate,NULL,INTERNAL,INTERNAL,TRANSFORM,LEAF,1,0
snUpdateRecord4,NULL,INTERNAL,INTERNAL,OUTPUT,LEAF,1,0
snUpdateRecord4,22,INTERNAL,OTHER,OUTPUT,LEAF,1,1
snUpdateRecord5,11,ServiceNow,BUSINESS,OUTPUT,LEAF,1,0
sortedOutputActivityList,NULL,INTERNAL,INTERNAL,TRANSFORM,LEAF,1,0
sortedStartServices,NULL,INTERNAL,INTERNAL,TRANSFORM,LEAF,1,0
sortedStopServices,NULL,INTERNAL,INTERNAL,TRANSFORM,LEAF,1,0
sortedSubActivities,NULL,INTERNAL,INTERNAL,TRANSFORM,LEAF,1,0
sortedXmlDataByActivityOrderDesc,NULL,INTERNAL,INTERNAL,TRANSFORM,LEAF,1,0
sortedXmlDataByDepth,NULL,INTERNAL,INTERNAL,TRANSFORM,LEAF,1,0
SolarwindsCount,NULL,INTERNAL,INTERNAL,TRANSFORM,LEAF,1,0
solarwindsRowCount,NULL,INTERNAL,INTERNAL,TRANSFORM,LEAF,1,0
snmpGet1,NULL,INTERNAL,INTERNAL,INPUT,LEAF,1,0
snmpGetNext1,NULL,INTERNAL,INTERNAL,INPUT,LEAF,1,0
snmpSendTrap1,NULL,INTERNAL,INTERNAL,OUTPUT,LEAF,1,0
snmpSetRequest1,NULL,INTERNAL,INTERNAL,TRANSFORM,LEAF,1,0
snmpWalk1,NULL,INTERNAL,INTERNAL,TRANSFORM,LEAF,1,0
snowrajfSetCatalogVariablesviaJSON1,NULL,INTERNAL,INTERNAL,TRANSFORM,LEAF,1,0
snRESTrequest,NULL,INTERNAL,INTERNAL,TRANSFORM,LEAF,1,0
snStatusUpdateApproved,NULL,INTERNAL,INTERNAL,OUTPUT,LEAF,1,0
SNTestLoop3Fail,NULL,INTERNAL,INTERNAL,TRANSFORM,LEAF,1,0
SNTestLoop3Success,NULL,INTERNAL,INTERNAL,TRANSFORM,LEAF,1,0
SNTestLoop4Fail,NULL,INTERNAL,INTERNAL,TRANSFORM,LEAF,1,0
SNTestLoop4Success,NULL,INTERNAL,INTERNAL,TRANSFORM,LEAF,1,0
snUpdateCloseServerBuildTask,37,ServiceNow,BUSINESS,OUTPUT,LEAF,1,0
snUpdateEmail,11,ServiceNow,BUSINESS,OUTPUT,LEAF,1,0
snUpdateFailedServerBuildTask,37,ServiceNow,BUSINESS,OUTPUT,LEAF,1,0
snUpdateLogonName,11,ServiceNow,BUSINESS,OUTPUT,LEAF,1,0
snUpdateRecord1,NULL,INTERNAL,INTERNAL,OUTPUT,LEAF,1,0
snUpdateRecord1,34,ServiceNow,BUSINESS,OUTPUT,LEAF,1,0
snUpdateRecord1,35,ServiceNow,BUSINESS,OUTPUT,LEAF,1,0
snGetCatalogVariables1,34,ServiceNow,BUSINESS,INPUT,LEAF,1,0
snCreateRequest,37,ServiceNow,BUSINESS,OUTPUT,LEAF,1,0
snCreateRequestItem,37,ServiceNow,BUSINESS,OUTPUT,LEAF,1,0
snCreateRequestTaskItem1,37,ServiceNow,BUSINESS,OUTPUT,LEAF,1,0
snCreateRequestTaskItem2,37,ServiceNow,BUSINESS,OUTPUT,LEAF,1,0
snDeleteRecord1,34,ServiceNow,BUSINESS,TRANSFORM,LEAF,1,0
snDownloadAttachment1,34,ServiceNow,BUSINESS,TRANSFORM,LEAF,1,0
snGetRecord4,22,INTERNAL,OTHER,INPUT,LEAF,1,1
snGetTaskInfo,37,ServiceNow,BUSINESS,INPUT,LEAF,1,0
snGetTasks,11,ServiceNow,BUSINESS,INPUT,LEAF,1,0
snGetTaskVars,11,ServiceNow,BUSINESS,INPUT,LEAF,1,0
snItemCatalogVariables,11,ServiceNow,BUSINESS,TRANSFORM,LEAF,1,0
snGetOnboardingRequests,11,ServiceNow,BUSINESS,INPUT,LEAF,1,0
snGetRecord1,34,ServiceNow,BUSINESS,INPUT,LEAF,1,0
snGetRecord1,37,ServiceNow,BUSINESS,INPUT,LEAF,1,0
splitVarLogList,NULL,INTERNAL,INTERNAL,TRANSFORM,LEAF,1,0
splitVcenterIps,NULL,INTERNAL,INTERNAL,TRANSFORM,LEAF,1,0
splitSummary,NULL,INTERNAL,INTERNAL,TRANSFORM,LEAF,1,0
SPLITTER_lambert_x,NULL,INTERNAL,INTERNAL,TRANSFORM,LEAF,1,0
SPLITTER_lambert_y,NULL,INTERNAL,INTERNAL,TRANSFORM,LEAF,1,0
SPLITTER_NAME,NULL,INTERNAL,INTERNAL,TRANSFORM,LEAF,1,0
splitRowsCount,NULL,INTERNAL,INTERNAL,TRANSFORM,LEAF,1,0
splitScore,NULL,INTERNAL,INTERNAL,TRANSFORM,LEAF,1,0
splitPidLine,NULL,INTERNAL,INTERNAL,TRANSFORM,LEAF,1,0
splitServices,NULL,INTERNAL,INTERNAL,TRANSFORM,LEAF,1,0
splitSql,NULL,INTERNAL,INTERNAL,TRANSFORM,LEAF,1,0
splitSqlDbStatements,NULL,INTERNAL,INTERNAL,TRANSFORM,LEAF,1,0
splitSqlStatements,NULL,INTERNAL,INTERNAL,TRANSFORM,LEAF,1,0
SplitPrimaryOncall,NULL,INTERNAL,INTERNAL,TRANSFORM,LEAF,1,0
splitPython,NULL,INTERNAL,INTERNAL,TRANSFORM,LEAF,1,0
splitrequestedforpersonUpn,NULL,INTERNAL,INTERNAL,TRANSFORM,LEAF,1,0
splitCreateDate,NULL,INTERNAL,INTERNAL,OUTPUT,LEAF,1,0
splitCurrGroupList,NULL,INTERNAL,INTERNAL,TRANSFORM,LEAF,1,0
splitCurrGroupListCount,NULL,INTERNAL,INTERNAL,TRANSFORM,LEAF,1,0
splitDataRow,NULL,INTERNAL,INTERNAL,TRANSFORM,LEAF,1,0
splitInputString,NULL,INTERNAL,INTERNAL,TRANSFORM,LEAF,1,0
splitInsert,NULL,INTERNAL,INTERNAL,TRANSFORM,LEAF,1,0
splitLogFileName,NULL,INTERNAL,INTERNAL,TRANSFORM,LEAF,1,0
splitLogInterval,NULL,INTERNAL,INTERNAL,TRANSFORM,LEAF,1,0
splitModifiedDate,NULL,INTERNAL,INTERNAL,TRANSFORM,LEAF,1,0
splitOldGroupList,NULL,INTERNAL,INTERNAL,TRANSFORM,LEAF,1,0
splitOnLineBreak,NULL,INTERNAL,INTERNAL,TRANSFORM,LEAF,1,0
sortedData,NULL,INTERNAL,INTERNAL,TRANSFORM,LEAF,1,0
sourceaccountmanager,NULL,INTERNAL,INTERNAL,TRANSFORM,LEAF,1,0
sourceaccountname,NULL,INTERNAL,INTERNAL,TRANSFORM,LEAF,1,0
SourceIsJIRA,NULL,INTERNAL,INTERNAL,TRANSFORM,LEAF,1,0
SourceIsNotJIRA,NULL,INTERNAL,INTERNAL,TRANSFORM,LEAF,1,0
specAssignCount,NULL,INTERNAL,INTERNAL,TRANSFORM,LEAF,1,0
specialAssignmentsIn,NULL,INTERNAL,INTERNAL,TRANSFORM,LEAF,1,0
Spectre,NULL,INTERNAL,INTERNAL,TRANSFORM,LEAF,1,0
Spectre2,NULL,INTERNAL,INTERNAL,TRANSFORM,LEAF,1,0
Split_Description,NULL,INTERNAL,INTERNAL,TRANSFORM,LEAF,1,0
split_First_Last_Name,NULL,INTERNAL,INTERNAL,TRANSFORM,LEAF,1,0
split_NODE,NULL,INTERNAL,INTERNAL,TRANSFORM,LEAF,1,0
splitDbCreate,NULL,INTERNAL,INTERNAL,OUTPUT,LEAF,1,0
SplitDisplayName,NULL,INTERNAL,INTERNAL,TRANSFORM,LEAF,1,0
SplitDrivesRequested,NULL,INTERNAL,INTERNAL,TRANSFORM,LEAF,1,0
splitEventname,NULL,INTERNAL,INTERNAL,TRANSFORM,LEAF,1,0
splitEventSubject,NULL,INTERNAL,INTERNAL,TRANSFORM,LEAF,1,0
splitFileName,NULL,INTERNAL,INTERNAL,TRANSFORM,LEAF,1,0
splitFilePath,NULL,INTERNAL,INTERNAL,TRANSFORM,LEAF,1,0
splitFilePathCount,NULL,INTERNAL,INTERNAL,TRANSFORM,LEAF,1,0
splitFtData,NULL,INTERNAL,INTERNAL,TRANSFORM,LEAF,1,0
splitAlertText,NULL,INTERNAL,INTERNAL,TRANSFORM,LEAF,1,0
splitAlertTextCount,NULL,INTERNAL,INTERNAL,TRANSFORM,LEAF,1,0
splitApacheConfig,NULL,INTERNAL,INTERNAL,TRANSFORM,LEAF,1,0
splitApacheCtl,NULL,INTERNAL,INTERNAL,TRANSFORM,LEAF,1,0
splitApacheWebSite,NULL,INTERNAL,INTERNAL,TRANSFORM,LEAF,1,0
splitBindingRowIndex,NULL,INTERNAL,INTERNAL,TRANSFORM,LEAF,1,0
ssnReset,NULL,INTERNAL,INTERNAL,TRANSFORM,LEAF,1,0
ssnResetResponse,NULL,INTERNAL,INTERNAL,TRANSFORM,LEAF,1,0
ssnUnlock,NULL,INTERNAL,INTERNAL,TRANSFORM,LEAF,1,0
ssnUnlockResponse,NULL,INTERNAL,INTERNAL,TRANSFORM,LEAF,1,0
SSPFormAudit,NULL,INTERNAL,INTERNAL,TRANSFORM,LEAF,1,0
sspInput,NULL,INTERNAL,INTERNAL,TRANSFORM,LEAF,1,0
sspInputCount,NULL,INTERNAL,INTERNAL,TRANSFORM,LEAF,1,0
SSPLogAudit,NULL,INTERNAL,INTERNAL,TRANSFORM,LEAF,1,0
SSPLogAuditVar,NULL,INTERNAL,INTERNAL,TRANSFORM,LEAF,1,0
SRESComment,NULL,INTERNAL,INTERNAL,TRANSFORM,LEAF,1,0
SRESIssueType,NULL,INTERNAL,INTERNAL,TRANSFORM,LEAF,1,0
SRESKey,NULL,INTERNAL,INTERNAL,TRANSFORM,LEAF,1,0
SRESStatus,NULL,INTERNAL,INTERNAL,TRANSFORM,LEAF,1,0
SRESSummary,NULL,INTERNAL,INTERNAL,TRANSFORM,LEAF,1,0
SRESUpdated,NULL,INTERNAL,INTERNAL,OUTPUT,LEAF,1,0
SSH_ISAM_Version,NULL,INTERNAL,INTERNAL,TRANSFORM,LEAF,1,0
SSHBackupTXT,NULL,INTERNAL,INTERNAL,TRANSFORM,LEAF,1,0
splitWo,NULL,INTERNAL,INTERNAL,TRANSFORM,LEAF,1,0
splitXmlPath,NULL,INTERNAL,INTERNAL,TRANSFORM,LEAF,1,0
splunkCreateEvent1,56,Splunk,MONITORING,OUTPUT,LEAF,1,0
splunkGetAlert1,56,Splunk,MONITORING,INPUT,LEAF,1,0
splunkGetAlertEvents1,56,Splunk,MONITORING,INPUT,LEAF,1,0
splunkGetDynamicAlertEvents1,56,Splunk,MONITORING,INPUT,LEAF,1,0
splunkGetEvents1,56,Splunk,MONITORING,INPUT,LEAF,1,0
splunkGetReport1,56,Splunk,MONITORING,INPUT,LEAF,1,0
sql_ModulesInstances,NULL,INTERNAL,INTERNAL,TRANSFORM,LEAF,1,0
sqlDataJson,NULL,INTERNAL,INTERNAL,TRANSFORM,LEAF,1,0
sqlDataRowCount,NULL,INTERNAL,INTERNAL,TRANSFORM,LEAF,1,0
sqlInserts,NULL,INTERNAL,INTERNAL,TRANSFORM,LEAF,1,0
sqlToRunOnServer,NULL,INTERNAL,INTERNAL,TRANSFORM,LEAF,1,0
sqlVersion,NULL,INTERNAL,INTERNAL,TRANSFORM,LEAF,1,0
sqr1,NULL,INTERNAL,INTERNAL,TRANSFORM,LEAF,1,0
sqlStatement,NULL,INTERNAL,INTERNAL,TRANSFORM,LEAF,1,0
sqlStatements,NULL,INTERNAL,INTERNAL,TRANSFORM,LEAF,1,0
SQLOU,NULL,INTERNAL,INTERNAL,TRANSFORM,LEAF,1,0
sqlRemainingLength,NULL,INTERNAL,INTERNAL,TRANSFORM,LEAF,1,0
startVerticaCluster,NULL,INTERNAL,INTERNAL,TRANSFORM,LEAF,1,0
startVerticaNode,NULL,INTERNAL,INTERNAL,TRANSFORM,LEAF,1,0
StartVM,NULL,INTERNAL,INTERNAL,TRANSFORM,LEAF,1,0
startTelnetSession1,NULL,INTERNAL,INTERNAL,TRANSFORM,LEAF,1,0
StartServer,NULL,INTERNAL,INTERNAL,TRANSFORM,LEAF,1,0
StartJsonHostsParse,NULL,INTERNAL,INTERNAL,TRANSFORM,LEAF,1,0
startJsonSession4,NULL,INTERNAL,INTERNAL,TRANSFORM,LEAF,1,0
startJsonSession5,NULL,INTERNAL,INTERNAL,TRANSFORM,LEAF,1,0
startJsonSession6,NULL,INTERNAL,INTERNAL,TRANSFORM,LEAF,1,0
startJsonSessionAfterRAW,NULL,INTERNAL,INTERNAL,TRANSFORM,LEAF,1,0
startingPSExecution,NULL,INTERNAL,INTERNAL,TRANSFORM,LEAF,1,0
startIVRSession1,NULL,INTERNAL,INTERNAL,TRANSFORM,LEAF,1,0
StartedCounter,NULL,INTERNAL,INTERNAL,TRANSFORM,LEAF,1,0
Stage,NULL,INTERNAL,INTERNAL,TRANSFORM,LEAF,1,0
StageError,NULL,INTERNAL,INTERNAL,TRANSFORM,LEAF,1,0
StageSuccess,NULL,INTERNAL,INTERNAL,TRANSFORM,LEAF,1,0
StagingSuccess,NULL,INTERNAL,INTERNAL,TRANSFORM,LEAF,1,0
startAlertingService,NULL,INTERNAL,INTERNAL,TRANSFORM,LEAF,1,0
subprocess,NULL,INTERNAL,INTERNAL,TRANSFORM,LEAF,1,0
StartXMLWorkFlow,NULL,INTERNAL,INTERNAL,TRANSFORM,LEAF,1,0
statementFail,11,ServiceNow,BUSINESS,TRANSFORM,LEAF,1,0
statementSuccess,11,ServiceNow,BUSINESS,TRANSFORM,LEAF,1,0
staticUrls,NULL,INTERNAL,INTERNAL,TRANSFORM,LEAF,1,0
subString1,NULL,INTERNAL,INTERNAL,TRANSFORM,LEAF,1,0
subStringByText1,NULL,INTERNAL,INTERNAL,TRANSFORM,LEAF,1,0
subStringPort,NULL,INTERNAL,INTERNAL,TRANSFORM,LEAF,1,0
subStringSite,NULL,INTERNAL,INTERNAL,TRANSFORM,LEAF,1,0
Succesful_HyperVRestart,NULL,INTERNAL,INTERNAL,TRANSFORM,LEAF,1,0
Status_PROPS,NULL,INTERNAL,INTERNAL,TRANSFORM,LEAF,1,0
status_row,NULL,INTERNAL,INTERNAL,TRANSFORM,LEAF,1,0
StatusChangeCPSS,27,Jira,BUSINESS,TRANSFORM,LEAF,1,0
StatusChangeDCO,27,Jira,BUSINESS,TRANSFORM,LEAF,1,0
StatusChangeIAMS,27,Jira,BUSINESS,TRANSFORM,LEAF,1,0
StatusChangeL2O,27,Jira,BUSINESS,TRANSFORM,LEAF,1,0
StatusChangeNETOP,27,Jira,BUSINESS,TRANSFORM,LEAF,1,0
StatusChangePEOS,27,Jira,BUSINESS,TRANSFORM,LEAF,1,0
StatusChangePlaces,27,Jira,BUSINESS,TRANSFORM,LEAF,1,0
StatusChangePROPS,27,Jira,BUSINESS,TRANSFORM,LEAF,1,0
StatusChangeSRES,27,Jira,BUSINESS,TRANSFORM,LEAF,1,0
StatusChangeUCC,7,INTERNAL,OTHER,TRANSFORM,LEAF,1,1
statusMappingRowCount,NULL,INTERNAL,INTERNAL,TRANSFORM,LEAF,1,0
step,NULL,INTERNAL,INTERNAL,TRANSFORM,LEAF,1,0
StillHighEmail,NULL,INTERNAL,INTERNAL,TRANSFORM,LEAF,1,0
StillHighLM,NULL,INTERNAL,INTERNAL,TRANSFORM,LEAF,1,0
stopAlertingService,NULL,INTERNAL,INTERNAL,TRANSFORM,LEAF,1,0
StopOrionLog,NULL,INTERNAL,INTERNAL,TRANSFORM,LEAF,1,0
stopService,NULL,INTERNAL,INTERNAL,TRANSFORM,LEAF,1,0
StopVM,NULL,INTERNAL,INTERNAL,TRANSFORM,LEAF,1,0
stopWorkflow_EXISTING,NULL,INTERNAL,INTERNAL,TRANSFORM,LEAF,1,0
stopWorkflow_INVALID_USER,NULL,INTERNAL,INTERNAL,TRANSFORM,LEAF,1,0
stopWorkflow1,NULL,INTERNAL,INTERNAL,TRANSFORM,LEAF,1,0
stopWorkflowBecauseOfFullDisks,NULL,INTERNAL,INTERNAL,TRANSFORM,LEAF,1,0
stopWorkflowBecauseOfUnpingableIPs,NULL,INTERNAL,INTERNAL,TRANSFORM,LEAF,1,0
Storage,NULL,INTERNAL,INTERNAL,TRANSFORM,LEAF,1,0
Store_AccountName,NULL,INTERNAL,INTERNAL,TRANSFORM,LEAF,1,0
store_Alias,NULL,INTERNAL,INTERNAL,TRANSFORM,LEAF,1,0
store_emailNotFound,NULL,INTERNAL,INTERNAL,TRANSFORM,LEAF,1,0
store_FullName,NULL,INTERNAL,INTERNAL,TRANSFORM,LEAF,1,0
store_genEmail,NULL,INTERNAL,INTERNAL,TRANSFORM,LEAF,1,0
store_logonNameNotFound,NULL,INTERNAL,INTERNAL,TRANSFORM,LEAF,1,0
store_picLoc,NULL,INTERNAL,INTERNAL,TRANSFORM,LEAF,1,0
store_setDB,NULL,INTERNAL,INTERNAL,TRANSFORM,LEAF,1,0
store_userOU,NULL,INTERNAL,INTERNAL,TRANSFORM,LEAF,1,0
storeCommandTable,NULL,INTERNAL,INTERNAL,TRANSFORM,LEAF,1,0
storeExistingTicket_CPSS,NULL,INTERNAL,INTERNAL,TRANSFORM,LEAF,1,0
storeExistingTicket_DCO,NULL,INTERNAL,INTERNAL,TRANSFORM,LEAF,1,0
storeExistingTicket_IAMS,NULL,INTERNAL,INTERNAL,TRANSFORM,LEAF,1,0
storeExistingTicket_L2O,NULL,INTERNAL,INTERNAL,TRANSFORM,LEAF,1,0
storeExistingTicket_NETOPS,NULL,INTERNAL,INTERNAL,TRANSFORM,LEAF,1,0
storeExistingTicket_PEOS,NULL,INTERNAL,INTERNAL,TRANSFORM,LEAF,1,0
storeExistingTicket_places,NULL,INTERNAL,INTERNAL,TRANSFORM,LEAF,1,0
storeExistingTicket_PROPS,NULL,INTERNAL,INTERNAL,TRANSFORM,LEAF,1,0
storeExistingTicket_SRES,NULL,INTERNAL,INTERNAL,TRANSFORM,LEAF,1,0
storeExistingTicket_UCC,NULL,INTERNAL,INTERNAL,TRANSFORM,LEAF,1,0
storeNewTicket_CPSS,NULL,INTERNAL,INTERNAL,TRANSFORM,LEAF,1,0
storeNewTicket_DCO,NULL,INTERNAL,INTERNAL,TRANSFORM,LEAF,1,0
storeNewTicket_IAMS,NULL,INTERNAL,INTERNAL,TRANSFORM,LEAF,1,0
storeNewTicket_L2O,NULL,INTERNAL,INTERNAL,TRANSFORM,LEAF,1,0
storeNewTicket_NETOP,NULL,INTERNAL,INTERNAL,TRANSFORM,LEAF,1,0
storeNewTicket_PEOS,NULL,INTERNAL,INTERNAL,TRANSFORM,LEAF,1,0
storeNewTicket_places,NULL,INTERNAL,INTERNAL,TRANSFORM,LEAF,1,0
storeNewTicket_PROPS,NULL,INTERNAL,INTERNAL,TRANSFORM,LEAF,1,0
storeNewTicket_SRES,NULL,INTERNAL,INTERNAL,TRANSFORM,LEAF,1,0
storeNewTicket_UCC,NULL,INTERNAL,INTERNAL,TRANSFORM,LEAF,1,0
storeToolResult,NULL,INTERNAL,INTERNAL,TRANSFORM,LEAF,1,0
storeUserInput,NULL,INTERNAL,INTERNAL,TRANSFORM,LEAF,1,0
strComp1,NULL,INTERNAL,INTERNAL,TRANSFORM,LEAF,1,0
strReverse1,NULL,INTERNAL,INTERNAL,TRANSFORM,LEAF,1,0
subGroupCount,NULL,INTERNAL,INTERNAL,TRANSFORM,LEAF,1,0
subGroupTable,NULL,INTERNAL,INTERNAL,TRANSFORM,LEAF,1,0
subjtoTable,NULL,INTERNAL,INTERNAL,TRANSFORM,LEAF,1,0
tabletoXML1,NULL,INTERNAL,INTERNAL,TRANSFORM,LEAF,1,0
tarballTableCount,NULL,INTERNAL,INTERNAL,TRANSFORM,LEAF,1,0
taskList,NULL,INTERNAL,INTERNAL,TRANSFORM,LEAF,1,0
taskListCount,NULL,INTERNAL,INTERNAL,TRANSFORM,LEAF,1,0
taskListJsonSession,NULL,INTERNAL,INTERNAL,TRANSFORM,LEAF,1,0
taskLoopCounter,NULL,INTERNAL,INTERNAL,TRANSFORM,LEAF,1,0
taskNumber,NULL,INTERNAL,INTERNAL,TRANSFORM,LEAF,1,0
taskShortDescription,NULL,INTERNAL,INTERNAL,TRANSFORM,LEAF,1,0
telnet1,NULL,INTERNAL,INTERNAL,TRANSFORM,LEAF,1,0
temp_gateway,NULL,INTERNAL,INTERNAL,TRANSFORM,LEAF,1,0
temp_ip,NULL,INTERNAL,INTERNAL,TRANSFORM,LEAF,1,0
temp_subnet,NULL,INTERNAL,INTERNAL,TRANSFORM,LEAF,1,0
temp_vlan,NULL,INTERNAL,INTERNAL,TRANSFORM,LEAF,1,0
sysDictionaryReadFailed,NULL,INTERNAL,INTERNAL,TRANSFORM,LEAF,1,0
sysDictionaryReadSuccess,NULL,INTERNAL,INTERNAL,TRANSFORM,LEAF,1,0
syncCorrigoAttachments,NULL,INTERNAL,INTERNAL,TRANSFORM,LEAF,1,0
tableDateFormatter1,NULL,INTERNAL,INTERNAL,TRANSFORM,LEAF,1,0
SystemUptime_IsDenied,NULL,INTERNAL,INTERNAL,TRANSFORM,LEAF,1,0
TableToAddROIAudit,NULL,INTERNAL,INTERNAL,TRANSFORM,LEAF,1,0
TableToAddRulesAudit,NULL,INTERNAL,INTERNAL,TRANSFORM,LEAF,1,0
TableToAddSchedulerAudit,NULL,INTERNAL,INTERNAL,TRANSFORM,LEAF,1,0
TableToAddSSPFormAudit,NULL,INTERNAL,INTERNAL,TRANSFORM,LEAF,1,0
TableToAddSSPLogAudit,NULL,INTERNAL,INTERNAL,TRANSFORM,LEAF,1,0
tableReplaceCellValues2,NULL,INTERNAL,INTERNAL,TRANSFORM,LEAF,1,0
tableSearch1,NULL,INTERNAL,INTERNAL,TRANSFORM,LEAF,1,0
TablesRunningLogic,NULL,INTERNAL,INTERNAL,TRANSFORM,LEAF,1,0
TableToAddDomainAudit,NULL,INTERNAL,INTERNAL,TRANSFORM,LEAF,1,0
Summary,NULL,INTERNAL,INTERNAL,TRANSFORM,LEAF,1,0
Summary_PROPS,NULL,INTERNAL,INTERNAL,TRANSFORM,LEAF,1,0
SuspendJobFailedLog,NULL,INTERNAL,INTERNAL,TRANSFORM,LEAF,1,0
SuspendNetBackupPolicyLog,NULL,INTERNAL,INTERNAL,TRANSFORM,LEAF,1,0
sumCells1,NULL,INTERNAL,INTERNAL,TRANSFORM,LEAF,1,0
SuccessBranch,NULL,INTERNAL,INTERNAL,TRANSFORM,LEAF,1,0
Successful_PingServer,NULL,INTERNAL,INTERNAL,TRANSFORM,LEAF,1,0
Successful_Restart,NULL,INTERNAL,INTERNAL,TRANSFORM,LEAF,1,0
Successful_ServerRestart,NULL,INTERNAL,INTERNAL,TRANSFORM,LEAF,1,0
successfulHttp,NULL,INTERNAL,INTERNAL,TRANSFORM,LEAF,1,0
SuccessModuleInstallLogs,NULL,INTERNAL,INTERNAL,TRANSFORM,LEAF,1,0
T_CHATBOT_DIALOG_SCENARIO,NULL,INTERNAL,INTERNAL,TRANSFORM,LEAF,1,0
T_ISAM_rows_matching_DYINGGASP,NULL,INTERNAL,INTERNAL,TRANSFORM,LEAF,1,0
T_ISAM_rows_with_DYINGGASP_yes,NULL,INTERNAL,INTERNAL,TRANSFORM,LEAF,1,0
T_key_is_here,NULL,INTERNAL,INTERNAL,TRANSFORM,LEAF,1,0
T_PON_LOSS_RESULTS,NULL,INTERNAL,INTERNAL,TRANSFORM,LEAF,1,0
T_PON_LOSS_RESULTS_failing,NULL,INTERNAL,INTERNAL,TRANSFORM,LEAF,1,0
T_PORT_all_DYING_GASPS_RESULTS_rows,NULL,INTERNAL,INTERNAL,TRANSFORM,LEAF,1,0
T_PORT_fully_matching_DyingGasps,NULL,INTERNAL,INTERNAL,TRANSFORM,LEAF,1,0
T_PORT_positive_DYING_GASPS_RESULTS,NULL,INTERNAL,INTERNAL,TRANSFORM,LEAF,1,0
T_show_alarm_current,NULL,INTERNAL,INTERNAL,TRANSFORM,LEAF,1,0
T_show_alarm_table,NULL,INTERNAL,INTERNAL,TRANSFORM,LEAF,1,0
T_show_dying_gasps,NULL,INTERNAL,INTERNAL,TRANSFORM,LEAF,1,0
T_show_olt_pon_loss,NULL,INTERNAL,INTERNAL,TRANSFORM,LEAF,1,0
T_show_olt_pon_loss_INDEX,NULL,INTERNAL,INTERNAL,TRANSFORM,LEAF,1,0
T_show_olt_pon_loss_PORT,NULL,INTERNAL,INTERNAL,TRANSFORM,LEAF,1,0
T_splitted_ISAM_lambert_coordinates_a,NULL,INTERNAL,INTERNAL,TRANSFORM,LEAF,1,0
T_XPON_LOSS_RESULTS,NULL,INTERNAL,INTERNAL,TRANSFORM,LEAF,1,0
T_XPON_LOSS_RESULTS_failing,NULL,INTERNAL,INTERNAL,TRANSFORM,LEAF,1,0
Table_module,NULL,INTERNAL,INTERNAL,TRANSFORM,LEAF,1,0
table_Mstatus,NULL,INTERNAL,INTERNAL,TRANSFORM,LEAF,1,0
terminateTelnetSession1,NULL,INTERNAL,INTERNAL,TRANSFORM,LEAF,1,0
TerminateWF_Denied,NULL,INTERNAL,INTERNAL,TRANSFORM,LEAF,1,0
taskCount,NULL,INTERNAL,INTERNAL,TRANSFORM,LEAF,1,0
TESTfullName,NULL,INTERNAL,INTERNAL,TRANSFORM,LEAF,1,0
TESTData,NULL,INTERNAL,INTERNAL,TRANSFORM,LEAF,1,0
TESTemailData,NULL,INTERNAL,INTERNAL,TRANSFORM,LEAF,1,0
TESTfileCount,NULL,INTERNAL,INTERNAL,TRANSFORM,LEAF,1,0
TESTValues,NULL,INTERNAL,INTERNAL,TRANSFORM,LEAF,1,0
TESTVMCount,NULL,INTERNAL,INTERNAL,TRANSFORM,LEAF,1,0
this_pon_row,NULL,INTERNAL,INTERNAL,TRANSFORM,LEAF,1,0
this_pon_row_ALARMINDEX,NULL,INTERNAL,INTERNAL,TRANSFORM,LEAF,1,0
this_pon_row_ALARMINDEX_corrected,NULL,INTERNAL,INTERNAL,TRANSFORM,LEAF,1,0
this_pon_row_ISAMPORT,NULL,INTERNAL,INTERNAL,TRANSFORM,LEAF,1,0
this_pon_row_LOSS,NULL,INTERNAL,INTERNAL,TRANSFORM,LEAF,1,0
this_pon_row_PORT,NULL,INTERNAL,INTERNAL,TRANSFORM,LEAF,1,0
this_row,NULL,INTERNAL,INTERNAL,TRANSFORM,LEAF,1,0
this_ssh_error_ELSE,NULL,INTERNAL,INTERNAL,TRANSFORM,LEAF,1,0
this_ssh_error_ELSE_SSH2,NULL,INTERNAL,INTERNAL,TRANSFORM,LEAF,1,0
this_ssh_error_version_command_not_executed,NULL,INTERNAL,INTERNAL,TRANSFORM,LEAF,1,0
this_ssh_error_version_command_not_executed_SSH2,NULL,INTERNAL,INTERNAL,TRANSFORM,LEAF,1,0
this_ssh_error_version_result_is_unknown,NULL,INTERNAL,INTERNAL,TRANSFORM,LEAF,1,0
this_ssh_error_version_result_is_unknown_SSH2,NULL,INTERNAL,INTERNAL,TRANSFORM,LEAF,1,0
THIS_WF_BEGINS,NULL,INTERNAL,INTERNAL,TRANSFORM,LEAF,1,0
THIS_WF_ENDS,NULL,INTERNAL,INTERNAL,TRANSFORM,LEAF,1,0
THIS_WF_TOTAL_SEC,NULL,INTERNAL,INTERNAL,TRANSFORM,LEAF,1,0
ThisAlarm_TOMORROW,NULL,INTERNAL,INTERNAL,TRANSFORM,LEAF,1,0
ThisAlarm_YESTERDAY,NULL,INTERNAL,INTERNAL,TRANSFORM,LEAF,1,0
tenantName,NULL,INTERNAL,INTERNAL,TRANSFORM,LEAF,1,0
termDate,NULL,INTERNAL,INTERNAL,TRANSFORM,LEAF,1,0
termDay,NULL,INTERNAL,INTERNAL,TRANSFORM,LEAF,1,0
Terminate_NoResponse,NULL,INTERNAL,INTERNAL,TRANSFORM,LEAF,1,0
terminate5,NULL,INTERNAL,INTERNAL,TRANSFORM,LEAF,1,0
terminate6,NULL,INTERNAL,INTERNAL,TRANSFORM,LEAF,1,0
terminate7,NULL,INTERNAL,INTERNAL,TRANSFORM,LEAF,1,0
templateNamesCount,NULL,INTERNAL,INTERNAL,TRANSFORM,LEAF,1,0
TemplateSoftPhone,NULL,INTERNAL,INTERNAL,TRANSFORM,LEAF,1,0
temporaryPassword,NULL,INTERNAL,INTERNAL,TRANSFORM,LEAF,1,0
tempFileExists,NULL,INTERNAL,INTERNAL,TRANSFORM,LEAF,1,0
tempGoToprepareUserResults,NULL,INTERNAL,INTERNAL,TRANSFORM,LEAF,1,0
TemplateDeviceProfile,NULL,INTERNAL,INTERNAL,TRANSFORM,LEAF,1,0
templateHardPhone,NULL,INTERNAL,INTERNAL,TRANSFORM,LEAF,1,0
TemplateLine,NULL,INTERNAL,INTERNAL,TRANSFORM,LEAF,1,0
terminateWorkflow7,NULL,INTERNAL,INTERNAL,TRANSFORM,LEAF,1,0
terminateWorkflow8,NULL,INTERNAL,INTERNAL,TRANSFORM,LEAF,1,0
terminateWorkflow9,NULL,INTERNAL,INTERNAL,TRANSFORM,LEAF,1,0
termMonth,NULL,INTERNAL,INTERNAL,TRANSFORM,LEAF,1,0
termYear,NULL,INTERNAL,INTERNAL,TRANSFORM,LEAF,1,0
TEST_jsonData,NULL,INTERNAL,INTERNAL,TRANSFORM,LEAF,1,0
TEST_setMappingFile,NULL,INTERNAL,INTERNAL,TRANSFORM,LEAF,1,0
TEST_setOkPayload,NULL,INTERNAL,INTERNAL,TRANSFORM,LEAF,1,0
TEST_setPayload,NULL,INTERNAL,INTERNAL,TRANSFORM,LEAF,1,0
TEST_subsAccountInfoCount,NULL,INTERNAL,INTERNAL,TRANSFORM,LEAF,1,0
TEST_toollist,NULL,INTERNAL,INTERNAL,TRANSFORM,LEAF,1,0
TESTaccountName,NULL,INTERNAL,INTERNAL,TRANSFORM,LEAF,1,0
TESTactivityData,NULL,INTERNAL,INTERNAL,TRANSFORM,LEAF,1,0
TESTapacheConfig,NULL,INTERNAL,INTERNAL,TRANSFORM,LEAF,1,0
TESTContractorEmpNum,NULL,INTERNAL,INTERNAL,TRANSFORM,LEAF,1,0
TESTcontractorFullName,NULL,INTERNAL,INTERNAL,TRANSFORM,LEAF,1,0
TESTContractorSamAccountName,NULL,INTERNAL,INTERNAL,TRANSFORM,LEAF,1,0
tsqlVC_NetworkENT2,NULL,INTERNAL,INTERNAL,TRANSFORM,LEAF,1,0
tsqlVC_NetworkPRD,NULL,INTERNAL,INTERNAL,TRANSFORM,LEAF,1,0
TTDesc_Conclusion_header_JV,NULL,INTERNAL,INTERNAL,TRANSFORM,LEAF,1,0
TTDesc_Conclusion_header_Proximus,NULL,INTERNAL,INTERNAL,TRANSFORM,LEAF,1,0
TTDesc_Conclusion_header_Proximus_with_UTAC_list,NULL,INTERNAL,INTERNAL,TRANSFORM,LEAF,1,0
tz_TOMORROW,NULL,INTERNAL,INTERNAL,TRANSFORM,LEAF,1,0
uccComment,NULL,INTERNAL,INTERNAL,TRANSFORM,LEAF,1,0
uccIssueType,NULL,INTERNAL,INTERNAL,TRANSFORM,LEAF,1,0
uccKey,NULL,INTERNAL,INTERNAL,TRANSFORM,LEAF,1,0
uccStatus,NULL,INTERNAL,INTERNAL,TRANSFORM,LEAF,1,0
uccSummary,NULL,INTERNAL,INTERNAL,TRANSFORM,LEAF,1,0
uccUpdated,NULL,INTERNAL,INTERNAL,OUTPUT,LEAF,1,0
ucFirst1,NULL,INTERNAL,INTERNAL,TRANSFORM,LEAF,1,0
tsqlVC_DataCenterENT2,NULL,INTERNAL,INTERNAL,TRANSFORM,LEAF,1,0
tsqlVC_DataCenterPRD,NULL,INTERNAL,INTERNAL,TRANSFORM,LEAF,1,0
tsqlStatement4,NULL,INTERNAL,INTERNAL,TRANSFORM,LEAF,1,0
ugAddServerToDB,NULL,INTERNAL,INTERNAL,TRANSFORM,LEAF,1,0
ugAddAccount,NULL,INTERNAL,INTERNAL,TRANSFORM,LEAF,1,0
ugBuildEditSubSqlQuery,NULL,INTERNAL,INTERNAL,INPUT,LEAF,1,0
ugBuildNewSubSql,NULL,INTERNAL,INTERNAL,TRANSFORM,LEAF,1,0
ugBuildOutputRow,NULL,INTERNAL,INTERNAL,TRANSFORM,LEAF,1,0
ugBuildSqlUpdateString,NULL,INTERNAL,INTERNAL,OUTPUT,LEAF,1,0
ugBuildVarInfo,NULL,INTERNAL,INTERNAL,TRANSFORM,LEAF,1,0
ugConvertDatesToTS,NULL,INTERNAL,INTERNAL,TRANSFORM,LEAF,1,0
ugGetAccounts,NULL,INTERNAL,INTERNAL,INPUT,LEAF,1,0
ugGetCertBindingFromDb,NULL,INTERNAL,INTERNAL,INPUT,LEAF,1,0
ugGetFsAccounts,NULL,INTERNAL,INTERNAL,INPUT,LEAF,1,0
ugGetFsSubsripionData,NULL,INTERNAL,INTERNAL,INPUT,LEAF,1,0
ugGetSoftwareListing,NULL,INTERNAL,INTERNAL,INPUT,LEAF,1,0
ugGetSubModifyDateTime,NULL,INTERNAL,INTERNAL,INPUT,LEAF,1,0
ugGetSubscriptions,NULL,INTERNAL,INTERNAL,INPUT,LEAF,1,0
ugIdentifyWebServerApp,NULL,INTERNAL,INTERNAL,TRANSFORM,LEAF,1,0
ugInitSubVars,NULL,INTERNAL,INTERNAL,TRANSFORM,LEAF,1,0
ugIterateDbAccounts,NULL,INTERNAL,INTERNAL,TRANSFORM,LEAF,1,0
ugIterateFsAccountData,NULL,INTERNAL,INTERNAL,TRANSFORM,LEAF,1,0
ugIterateFsSubAccountInfo,NULL,INTERNAL,INTERNAL,TRANSFORM,LEAF,1,0
ugIterateSubs,NULL,INTERNAL,INTERNAL,TRANSFORM,LEAF,1,0
TrimReason,NULL,INTERNAL,INTERNAL,TRANSFORM,LEAF,1,0
trimSurname,NULL,INTERNAL,INTERNAL,TRANSFORM,LEAF,1,0
trimWorkNumber,NULL,INTERNAL,INTERNAL,TRANSFORM,LEAF,1,0
TRM_url,NULL,INTERNAL,INTERNAL,TRANSFORM,LEAF,1,0
True_Emergency,NULL,INTERNAL,INTERNAL,TRANSFORM,LEAF,1,0
True_IsApproval2_Approved,NULL,INTERNAL,INTERNAL,TRANSFORM,LEAF,1,0
True_Scheduled,NULL,INTERNAL,INTERNAL,TRANSFORM,LEAF,1,0
True_SeeApproval1_NoResponse,NULL,INTERNAL,INTERNAL,TRANSFORM,LEAF,1,0
True_SeeApproval2_NoResponse,NULL,INTERNAL,INTERNAL,TRANSFORM,LEAF,1,0
truncate1,NULL,INTERNAL,INTERNAL,TRANSFORM,LEAF,1,0
tsomCreateEvent1,45,BMC TrueSight,OTHER,OUTPUT,LEAF,1,0
tsomGetEvent1,45,BMC TrueSight,OTHER,INPUT,LEAF,1,0
tsomUpdateEvent1,45,BMC TrueSight,OTHER,OUTPUT,LEAF,1,0
tsql_Host,NULL,INTERNAL,INTERNAL,TRANSFORM,LEAF,1,0
TSQL_module,NULL,INTERNAL,INTERNAL,TRANSFORM,LEAF,1,0
trimmedExcludedDepts,NULL,INTERNAL,INTERNAL,TRANSFORM,LEAF,1,0
trimmedExcludedDeptsIn,NULL,INTERNAL,INTERNAL,TRANSFORM,LEAF,1,0
trimmedTLDomains,NULL,INTERNAL,INTERNAL,TRANSFORM,LEAF,1,0
trimMobile,NULL,INTERNAL,INTERNAL,TRANSFORM,LEAF,1,0
trimPager,NULL,INTERNAL,INTERNAL,TRANSFORM,LEAF,1,0
toolResultJson,NULL,INTERNAL,INTERNAL,TRANSFORM,LEAF,1,0
tracert1,NULL,INTERNAL,INTERNAL,TRANSFORM,LEAF,1,0
trailFileCount,NULL,INTERNAL,INTERNAL,TRANSFORM,LEAF,1,0
trailsList,NULL,INTERNAL,INTERNAL,TRANSFORM,LEAF,1,0
trainingUsersByAccount,NULL,INTERNAL,INTERNAL,TRANSFORM,LEAF,1,0
trendMicroVersion,NULL,INTERNAL,INTERNAL,TRANSFORM,LEAF,1,0
Trigger,NULL,INTERNAL,INTERNAL,TRANSFORM,LEAF,1,0
Trim_BusinessOwner,NULL,INTERNAL,INTERNAL,TRANSFORM,LEAF,1,0
Trim_ITOwner,NULL,INTERNAL,INTERNAL,TRANSFORM,LEAF,1,0
Trim_Reporter,NULL,INTERNAL,INTERNAL,TRANSFORM,LEAF,1,0
Trim_Requestor,NULL,INTERNAL,INTERNAL,TRANSFORM,LEAF,1,0
Trim_RequestorDisplayName,NULL,INTERNAL,INTERNAL,TRANSFORM,LEAF,1,0
ticketUpdateResultsCounter,NULL,INTERNAL,INTERNAL,OUTPUT,LEAF,1,0
ticketUpdatesCount,NULL,INTERNAL,INTERNAL,OUTPUT,LEAF,1,0
Time_Difference,NULL,INTERNAL,INTERNAL,TRANSFORM,LEAF,1,0
timestamp,NULL,INTERNAL,INTERNAL,TRANSFORM,LEAF,1,0
tldUsers,NULL,INTERNAL,INTERNAL,TRANSFORM,LEAF,1,0
Threshold,NULL,INTERNAL,INTERNAL,TRANSFORM,LEAF,1,0
ticketAssignedToGroup,NULL,INTERNAL,INTERNAL,TRANSFORM,LEAF,1,0
Today_date,NULL,INTERNAL,INTERNAL,TRANSFORM,LEAF,1,0
todayMonth,NULL,INTERNAL,INTERNAL,TRANSFORM,LEAF,1,0
ticketNumber_PROPS,NULL,INTERNAL,INTERNAL,TRANSFORM,LEAF,1,0
ticketNumList,NULL,INTERNAL,INTERNAL,TRANSFORM,LEAF,1,0
ticketRequestedFor,NULL,INTERNAL,INTERNAL,TRANSFORM,LEAF,1,0
ticketShortDesc,NULL,INTERNAL,INTERNAL,TRANSFORM,LEAF,1,0
ticketExpertGroup,NULL,INTERNAL,INTERNAL,TRANSFORM,LEAF,1,0
TicketHandling,NULL,INTERNAL,INTERNAL,TRANSFORM,LEAF,1,0
ticketAttachmentList,NULL,INTERNAL,INTERNAL,TRANSFORM,LEAF,1,0
ticketAttachments,22,INTERNAL,OTHER,TRANSFORM,LEAF,1,1
ticketCommentCount,NULL,INTERNAL,INTERNAL,TRANSFORM,LEAF,1,0
ticketCommentsTable,NULL,INTERNAL,INTERNAL,TRANSFORM,LEAF,1,0
ticketCompletionNote,NULL,INTERNAL,INTERNAL,TRANSFORM,LEAF,1,0
ticketCount_PROPS,NULL,INTERNAL,INTERNAL,TRANSFORM,LEAF,1,0
ticketDataCount,NULL,INTERNAL,INTERNAL,TRANSFORM,LEAF,1,0
ticketDataRowCount,NULL,INTERNAL,INTERNAL,TRANSFORM,LEAF,1,0
ticketDataRowNum,NULL,INTERNAL,INTERNAL,TRANSFORM,LEAF,1,0
TESTsetVmCount,NULL,INTERNAL,INTERNAL,TRANSFORM,LEAF,1,0
TESTsetXmlFileBasePath,NULL,INTERNAL,INTERNAL,TRANSFORM,LEAF,1,0
TESTinitContractorSourceAddress,NULL,INTERNAL,INTERNAL,TRANSFORM,LEAF,1,0
TESTMODE,NULL,INTERNAL,INTERNAL,TRANSFORM,LEAF,1,0
TESToldTitleInfo,NULL,INTERNAL,INTERNAL,TRANSFORM,LEAF,1,0
TestPath,NULL,INTERNAL,INTERNAL,TRANSFORM,LEAF,1,0
TestPathError,NULL,INTERNAL,INTERNAL,TRANSFORM,LEAF,1,0
trimBadge,NULL,INTERNAL,INTERNAL,TRANSFORM,LEAF,1,0
trimBadgeNumber,NULL,INTERNAL,INTERNAL,TRANSFORM,LEAF,1,0
trimbyString1,NULL,INTERNAL,INTERNAL,TRANSFORM,LEAF,1,0
trimCurrDataPoint,NULL,INTERNAL,INTERNAL,TRANSFORM,LEAF,1,0
trimDepartmentDescription,NULL,INTERNAL,INTERNAL,TRANSFORM,LEAF,1,0
TrimDisplayName,NULL,INTERNAL,INTERNAL,TRANSFORM,LEAF,1,0
trimEmpNum,NULL,INTERNAL,INTERNAL,TRANSFORM,LEAF,1,0
trimEmpOffice,NULL,INTERNAL,INTERNAL,TRANSFORM,LEAF,1,0
trimExtension,NULL,INTERNAL,INTERNAL,TRANSFORM,LEAF,1,0
trimFaxNumber,NULL,INTERNAL,INTERNAL,TRANSFORM,LEAF,1,0
trimFirstName,NULL,INTERNAL,INTERNAL,TRANSFORM,LEAF,1,0
trimG1,NULL,INTERNAL,INTERNAL,TRANSFORM,LEAF,1,0
trimJobTitle,NULL,INTERNAL,INTERNAL,TRANSFORM,LEAF,1,0
trimLastName,NULL,INTERNAL,INTERNAL,TRANSFORM,LEAF,1,0
trimManager,NULL,INTERNAL,INTERNAL,TRANSFORM,LEAF,1,0
trimManagerBadge,NULL,INTERNAL,INTERNAL,TRANSFORM,LEAF,1,0
topLevelDomains,NULL,INTERNAL,INTERNAL,TRANSFORM,LEAF,1,0
total_fully_matching_DyingGasps_on_ISAM_PORT,NULL,INTERNAL,INTERNAL,TRANSFORM,LEAF,1,0
total_ISAM_all_positive_DyingGasps,NULL,INTERNAL,INTERNAL,TRANSFORM,LEAF,1,0
total_ISAM_rows_matching_DYINGGASP,NULL,INTERNAL,INTERNAL,TRANSFORM,LEAF,1,0
TOTAL_ONT_NB,NULL,INTERNAL,INTERNAL,TRANSFORM,LEAF,1,0
TOTAL_PON_NB,NULL,INTERNAL,INTERNAL,TRANSFORM,LEAF,1,0
total_PORT_all_DyingGasps_rows,NULL,INTERNAL,INTERNAL,TRANSFORM,LEAF,1,0
total_PORT_fully_matching_DyingGasps_AYEHU_BUG_do_not_use,NULL,INTERNAL,INTERNAL,TRANSFORM,LEAF,1,0
total_PORT_positive_DyingGasps,NULL,INTERNAL,INTERNAL,TRANSFORM,LEAF,1,0
TotalComputers,NULL,INTERNAL,INTERNAL,TRANSFORM,LEAF,1,0
totalIssues,NULL,INTERNAL,INTERNAL,TRANSFORM,LEAF,1,0
totalMem,NULL,INTERNAL,INTERNAL,TRANSFORM,LEAF,1,0
totalPages,NULL,INTERNAL,INTERNAL,TRANSFORM,LEAF,1,0
totalRevenue,NULL,INTERNAL,INTERNAL,TRANSFORM,LEAF,1,0
todayYear,NULL,INTERNAL,INTERNAL,TRANSFORM,LEAF,1,0
token,NULL,INTERNAL,INTERNAL,TRANSFORM,LEAF,1,0
tokenCounter,NULL,INTERNAL,INTERNAL,TRANSFORM,LEAF,1,0
tokenRequest,NULL,INTERNAL,INTERNAL,TRANSFORM,LEAF,1,0
tomorrow_8am_Brussels_epoch,NULL,INTERNAL,INTERNAL,TRANSFORM,LEAF,1,0
tomorrow_8am_Brussels_epoch_UTC_plus_1,NULL,INTERNAL,INTERNAL,TRANSFORM,LEAF,1,0
toolName,NULL,INTERNAL,INTERNAL,TRANSFORM,LEAF,1,0
toolParams,NULL,INTERNAL,INTERNAL,TRANSFORM,LEAF,1,0
updateInstallPath,NULL,INTERNAL,INTERNAL,OUTPUT,LEAF,1,0
updateInstanceCount,NULL,INTERNAL,INTERNAL,OUTPUT,LEAF,1,0
UpdateIssueLog,NULL,INTERNAL,INTERNAL,OUTPUT,LEAF,1,0
updateJarvis,NULL,INTERNAL,INTERNAL,OUTPUT,LEAF,1,0
UpdateJIRA_CloseSuccess,27,Jira,BUSINESS,OUTPUT,LEAF,1,0
UpdateJIRA_HyperVRebootFailed,27,Jira,BUSINESS,OUTPUT,LEAF,1,0
UpdateJIRA_HyperVRebootSuccess,27,Jira,BUSINESS,OUTPUT,LEAF,1,0
UpdateJIRA_InformSE,27,Jira,BUSINESS,OUTPUT,LEAF,1,0
UpdateJIRA_PinFailed,27,Jira,BUSINESS,OUTPUT,LEAF,1,0
UpdateJIRA_PingSuccess,27,Jira,BUSINESS,OUTPUT,LEAF,1,0
UpdateJIRA_RebootFailPhysical,27,Jira,BUSINESS,OUTPUT,LEAF,1,0
UpdateJIRA_RebootSuccessful,27,Jira,BUSINESS,OUTPUT,LEAF,1,0
UpdateJIRA_Recurring,27,Jira,BUSINESS,OUTPUT,LEAF,1,0
UpdateJIRA_Unassigned,27,Jira,BUSINESS,OUTPUT,LEAF,1,0
updatedCreateDate,NULL,INTERNAL,INTERNAL,OUTPUT,LEAF,1,0
UpdatedDate,NULL,INTERNAL,INTERNAL,OUTPUT,LEAF,1,0
UpdatedDate_PROPS,NULL,INTERNAL,INTERNAL,OUTPUT,LEAF,1,0
updateDiskData,NULL,INTERNAL,INTERNAL,OUTPUT,LEAF,1,0
updatedModifiedDate,NULL,INTERNAL,INTERNAL,OUTPUT,LEAF,1,0
updatedPathString,NULL,INTERNAL,INTERNAL,OUTPUT,LEAF,1,0
updatedShortDesc,NULL,INTERNAL,INTERNAL,OUTPUT,LEAF,1,0
updatedTermDate,NULL,INTERNAL,INTERNAL,OUTPUT,LEAF,1,0
updatedTermYear,NULL,INTERNAL,INTERNAL,OUTPUT,LEAF,1,0
updateEmptyNpsScore,NULL,INTERNAL,INTERNAL,OUTPUT,LEAF,1,0
updateEndUser,NULL,INTERNAL,INTERNAL,OUTPUT,LEAF,1,0
updateEndUserResult,NULL,INTERNAL,INTERNAL,OUTPUT,LEAF,1,0
updateEndUserStatusCode,NULL,INTERNAL,INTERNAL,OUTPUT,LEAF,1,0
updateErrorList1,NULL,INTERNAL,INTERNAL,OUTPUT,LEAF,1,0
updateErrorList2,NULL,INTERNAL,INTERNAL,OUTPUT,LEAF,1,0
updateErrorList3,NULL,INTERNAL,INTERNAL,OUTPUT,LEAF,1,0
updateErrorList4,NULL,INTERNAL,INTERNAL,OUTPUT,LEAF,1,0
updateErrorList5,NULL,INTERNAL,INTERNAL,OUTPUT,LEAF,1,0
updateExchangeTask_mailboxFailure,11,ServiceNow,BUSINESS,INPUT,LEAF,1,0
updateExchangeTask_mailboxSuccess,11,ServiceNow,BUSINESS,INPUT,LEAF,1,0
UpdateExpiredYear,NULL,INTERNAL,INTERNAL,OUTPUT,LEAF,1,0
updateHostIP,NULL,INTERNAL,INTERNAL,OUTPUT,LEAF,1,0
updateHostName,NULL,INTERNAL,INTERNAL,OUTPUT,LEAF,1,0
updateHostPort,NULL,INTERNAL,INTERNAL,OUTPUT,LEAF,1,0
updateHtmlBranchSubActivity,NULL,INTERNAL,INTERNAL,OUTPUT,LEAF,1,0
updateHtmlEndSectionSubActivity,NULL,INTERNAL,INTERNAL,OUTPUT,LEAF,1,0
updateHtmlIfElseSubActivity,NULL,INTERNAL,INTERNAL,OUTPUT,CONTAINER,1,0
updateHtmlNonGroupSubActivity,NULL,INTERNAL,INTERNAL,OUTPUT,LEAF,1,0
updateHtmlSequenceSubActivity,NULL,INTERNAL,INTERNAL,OUTPUT,LEAF,1,0
updateHtmlUserGroupSubActivity,NULL,INTERNAL,INTERNAL,OUTPUT,LEAF,1,0
updateIncidentEvent1,NULL,INTERNAL,INTERNAL,OUTPUT,LEAF,1,0
updateFreshSuccessData,NULL,INTERNAL,INTERNAL,OUTPUT,LEAF,1,0
UpdatefullName,NULL,INTERNAL,INTERNAL,OUTPUT,LEAF,1,0
UpdateReport1,NULL,INTERNAL,INTERNAL,OUTPUT,LEAF,1,0
UpdateReport2,NULL,INTERNAL,INTERNAL,OUTPUT,LEAF,1,0
UpdateReportCompleted,NULL,INTERNAL,INTERNAL,OUTPUT,LEAF,1,0
updateLog,NULL,INTERNAL,INTERNAL,OUTPUT,LEAF,1,0
updateMainTable,NULL,INTERNAL,INTERNAL,OUTPUT,LEAF,1,0
updateMainTable_PROPS,NULL,INTERNAL,INTERNAL,OUTPUT,LEAF,1,0
updateModuleInstanceName,NULL,INTERNAL,INTERNAL,OUTPUT,LEAF,1,0
updateModuleKey,NULL,INTERNAL,INTERNAL,OUTPUT,LEAF,1,0
updateModuleName,NULL,INTERNAL,INTERNAL,OUTPUT,LEAF,1,0
updateMyClassification,NULL,INTERNAL,INTERNAL,OUTPUT,LEAF,1,0
updateMyInfo,NULL,INTERNAL,INTERNAL,OUTPUT,LEAF,1,0
updateOutputString,NULL,INTERNAL,INTERNAL,OUTPUT,LEAF,1,0
updatePassInTargetEnv,NULL,INTERNAL,INTERNAL,INPUT,LEAF,1,0
updatePingReport_FAILURE_PRIVATE,NULL,INTERNAL,INTERNAL,OUTPUT,LEAF,1,0
updatePingReport_FAILURE_PUBLIC,NULL,INTERNAL,INTERNAL,OUTPUT,LEAF,1,0
updatePingReport_SUCCESS_PRIVATE,NULL,INTERNAL,INTERNAL,OUTPUT,LEAF,1,0
updatePingReport_SUCCESS_PUBLIC,NULL,INTERNAL,INTERNAL,OUTPUT,LEAF,1,0
updatePlansXmlCopytable,NULL,INTERNAL,INTERNAL,OUTPUT,LEAF,1,0
ugProcessIisService,NULL,INTERNAL,INTERNAL,TRANSFORM,LEAF,1,0
ugProcessSubData,NULL,INTERNAL,INTERNAL,TRANSFORM,LEAF,1,0
ugReturnSubError,NULL,INTERNAL,INTERNAL,TRANSFORM,LEAF,1,0
ugSendNewSubToFS,NULL,INTERNAL,INTERNAL,OUTPUT,LEAF,1,0
ugSubmitNewSubToDb,NULL,INTERNAL,INTERNAL,TRANSFORM,LEAF,1,0
ugSubmitUpdateSql,NULL,INTERNAL,INTERNAL,OUTPUT,LEAF,1,0
ugUpdateAccount,NULL,INTERNAL,INTERNAL,OUTPUT,LEAF,1,0
ugParseCustomLabelToTable,NULL,INTERNAL,INTERNAL,TRANSFORM,LEAF,1,0
ugParseCustomValueToTable,NULL,INTERNAL,INTERNAL,TRANSFORM,LEAF,1,0
ugIterateVars,NULL,INTERNAL,INTERNAL,TRANSFORM,LEAF,1,0
ugLengthTest,NULL,INTERNAL,INTERNAL,TRANSFORM,LEAF,1,0
ugParseAccountDataToTable,NULL,INTERNAL,INTERNAL,TRANSFORM,LEAF,1,0
ugUpdateLocalDbResult,NULL,INTERNAL,INTERNAL,OUTPUT,LEAF,1,0
ugUpdateSubInFS,NULL,INTERNAL,INTERNAL,OUTPUT,LEAF,1,0
ugParseSubscriptionAccountInfo,NULL,INTERNAL,INTERNAL,TRANSFORM,LEAF,1,0
ugProcessAccountsData,NULL,INTERNAL,INTERNAL,TRANSFORM,LEAF,1,0
ugProcessApacheService,NULL,INTERNAL,INTERNAL,TRANSFORM,LEAF,1,0
UnionTableToAddROIAudit,NULL,INTERNAL,INTERNAL,TRANSFORM,LEAF,1,0
UnionTableToAddRulesAudit,NULL,INTERNAL,INTERNAL,TRANSFORM,LEAF,1,0
UnionTableToAddSchedulerAudit,NULL,INTERNAL,INTERNAL,TRANSFORM,LEAF,1,0
UnionTableToAddSSPFormAudit,NULL,INTERNAL,INTERNAL,TRANSFORM,LEAF,1,0
UnionTableToAddSSPLogAudit,NULL,INTERNAL,INTERNAL,TRANSFORM,LEAF,1,0
UnionTableToAddDomainAudit,NULL,INTERNAL,INTERNAL,TRANSFORM,LEAF,1,0
uninstallTrendMicro,NULL,INTERNAL,INTERNAL,TRANSFORM,LEAF,1,0
unlockRemoteExecutor,NULL,INTERNAL,INTERNAL,TRANSFORM,LEAF,1,0
unshareFolder1,NULL,INTERNAL,INTERNAL,TRANSFORM,LEAF,1,0
unsupportedActivitiesCount,NULL,INTERNAL,INTERNAL,TRANSFORM,LEAF,1,0
Update_Existing_User,NULL,INTERNAL,INTERNAL,OUTPUT,LEAF,1,0
updateActivityListTable,NULL,INTERNAL,INTERNAL,OUTPUT,LEAF,1,0
updateAdditionalUserVars,NULL,INTERNAL,INTERNAL,OUTPUT,LEAF,1,0
updateAdUserTable,NULL,INTERNAL,INTERNAL,OUTPUT,LEAF,1,0
updateAttachments,NULL,INTERNAL,INTERNAL,OUTPUT,LEAF,1,0
updateCase_CLUSTER_START_FAILED,11,ServiceNow,BUSINESS,OUTPUT,LEAF,1,0
updateCase_NODE_START_FAILED,11,ServiceNow,BUSINESS,OUTPUT,LEAF,1,0
updateCaseCouldNotStartNode,11,ServiceNow,BUSINESS,OUTPUT,LEAF,1,0
updateCaseInProgress,11,ServiceNow,BUSINESS,OUTPUT,LEAF,1,0
updateCaseWithClusterStatus,11,ServiceNow,BUSINESS,OUTPUT,LEAF,1,0
updateCaseWithLogPath,11,ServiceNow,BUSINESS,OUTPUT,LEAF,1,0
updateCaseWithPingReport,11,ServiceNow,BUSINESS,OUTPUT,LEAF,1,0
updateCaseWithRootDiskUsage,11,ServiceNow,BUSINESS,OUTPUT,LEAF,1,0
updateCaseWithWorkflowTermination_DISKS_FULL,11,ServiceNow,BUSINESS,OUTPUT,LEAF,1,0
updateCaseWithWorkflowTermination_PING_FAILURE,11,ServiceNow,BUSINESS,OUTPUT,LEAF,1,0
updateComments,NULL,INTERNAL,INTERNAL,OUTPUT,LEAF,1,0
updateCorrigoLastPoll,NULL,INTERNAL,INTERNAL,OUTPUT,LEAF,1,0
updateCounter,NULL,INTERNAL,INTERNAL,OUTPUT,LEAF,1,0
UpdateCatalogApprovalRequired,NULL,INTERNAL,INTERNAL,OUTPUT,LEAF,1,0
UpdateCatalogItemCluster,NULL,INTERNAL,INTERNAL,OUTPUT,LEAF,1,0
UpdateCatalogItemVariable,NULL,INTERNAL,INTERNAL,OUTPUT,LEAF,1,0
UpdateDB_Approval,NULL,INTERNAL,INTERNAL,OUTPUT,LEAF,1,0
UpdateDB_Approval1,NULL,INTERNAL,INTERNAL,OUTPUT,LEAF,1,0
UpdateDB_Approval1Denied,NULL,INTERNAL,INTERNAL,OUTPUT,LEAF,1,0
UpdateDB_Approval2Denied,NULL,INTERNAL,INTERNAL,OUTPUT,LEAF,1,0
UpdateDB_Failed1,NULL,INTERNAL,INTERNAL,OUTPUT,LEAF,1,0
UpdateDB_Failed2,NULL,INTERNAL,INTERNAL,OUTPUT,LEAF,1,0
uniqueManagersOfOU,NULL,INTERNAL,INTERNAL,TRANSFORM,LEAF,1,0
updateDBSCCMStall,NULL,INTERNAL,INTERNAL,OUTPUT,LEAF,1,0
userGroup37,NULL,INTERNAL,INTERNAL,TRANSFORM,LEAF,1,0
userGroup57,NULL,INTERNAL,INTERNAL,TRANSFORM,LEAF,1,0
userFound,NULL,INTERNAL,INTERNAL,TRANSFORM,LEAF,1,0
userFtQuery,NULL,INTERNAL,INTERNAL,INPUT,LEAF,1,0
userGroup120,NULL,INTERNAL,INTERNAL,TRANSFORM,LEAF,1,0
userGroup121,NULL,INTERNAL,INTERNAL,TRANSFORM,LEAF,1,0
userGroup122,NULL,INTERNAL,INTERNAL,TRANSFORM,LEAF,1,0
userGroup110,NULL,INTERNAL,INTERNAL,TRANSFORM,LEAF,1,0
userGroup111,NULL,INTERNAL,INTERNAL,TRANSFORM,LEAF,1,0
userGroup112,NULL,INTERNAL,INTERNAL,TRANSFORM,LEAF,1,0
userGroup113,NULL,INTERNAL,INTERNAL,TRANSFORM,LEAF,1,0
userGroup114,NULL,INTERNAL,INTERNAL,TRANSFORM,LEAF,1,0
userGroup115,NULL,INTERNAL,INTERNAL,TRANSFORM,LEAF,1,0
userGroup116,NULL,INTERNAL,INTERNAL,TRANSFORM,LEAF,1,0
userGroup119,NULL,INTERNAL,INTERNAL,TRANSFORM,LEAF,1,0
userGroup100,NULL,INTERNAL,INTERNAL,TRANSFORM,LEAF,1,0
userGroup101,NULL,INTERNAL,INTERNAL,TRANSFORM,LEAF,1,0
userGroup104,NULL,INTERNAL,INTERNAL,TRANSFORM,LEAF,1,0
userGroup105,NULL,INTERNAL,INTERNAL,TRANSFORM,LEAF,1,0
userGroup106,NULL,INTERNAL,INTERNAL,TRANSFORM,LEAF,1,0
userGroup107,NULL,INTERNAL,INTERNAL,TRANSFORM,LEAF,1,0
userGroup108,NULL,INTERNAL,INTERNAL,TRANSFORM,LEAF,1,0
userGroup109,NULL,INTERNAL,INTERNAL,TRANSFORM,LEAF,1,0
uploadGoogleDriveFile1,NULL,INTERNAL,INTERNAL,TRANSFORM,LEAF,1,0
uploadInfoRows,NULL,INTERNAL,INTERNAL,TRANSFORM,LEAF,1,0
uploadJiraAttachment,NULL,INTERNAL,INTERNAL,TRANSFORM,LEAF,1,0
UploadLogsAfterRestartNotes,11,ServiceNow,BUSINESS,TRANSFORM,LEAF,1,0
uploadNodeStartupLogs,NULL,INTERNAL,INTERNAL,TRANSFORM,LEAF,1,0
upperCase1,NULL,INTERNAL,INTERNAL,TRANSFORM,LEAF,1,0
URLBackup,NULL,INTERNAL,INTERNAL,TRANSFORM,LEAF,1,0
uploadClusterStartupLogs,NULL,INTERNAL,INTERNAL,TRANSFORM,LEAF,1,0
uploadEcomFile,NULL,INTERNAL,INTERNAL,TRANSFORM,LEAF,1,0
uploadExistingCorrigoAttachmentToJira,NULL,INTERNAL,INTERNAL,TRANSFORM,LEAF,1,0
uploadExistingSMAXAttachmentToJira,NULL,INTERNAL,INTERNAL,TRANSFORM,LEAF,1,0
UpdatingJIraTicektStatus,NULL,INTERNAL,INTERNAL,TRANSFORM,LEAF,1,0
UploadALLLogs,NULL,INTERNAL,INTERNAL,TRANSFORM,LEAF,1,0
updateWorked,NULL,INTERNAL,INTERNAL,OUTPUT,LEAF,1,0
updateWorkflowList,NULL,INTERNAL,INTERNAL,OUTPUT,LEAF,1,0
userDataJSON,NULL,INTERNAL,INTERNAL,TRANSFORM,LEAF,1,0
userDbRowCount,NULL,INTERNAL,INTERNAL,TRANSFORM,LEAF,1,0
UserCreationFailed,11,ServiceNow,BUSINESS,TRANSFORM,LEAF,1,0
userDn,NULL,INTERNAL,INTERNAL,TRANSFORM,LEAF,1,0
userEmailAddress,NULL,INTERNAL,INTERNAL,TRANSFORM,LEAF,1,0
userFolderDirectory,NULL,INTERNAL,INTERNAL,TRANSFORM,LEAF,1,0
urlCheck2,NULL,INTERNAL,INTERNAL,TRANSFORM,LEAF,1,0
urlCheck3,NULL,INTERNAL,INTERNAL,TRANSFORM,LEAF,1,0
usageMem,NULL,INTERNAL,INTERNAL,TRANSFORM,LEAF,1,0
User_created,11,ServiceNow,BUSINESS,OUTPUT,LEAF,1,0
user_does_not_exist,11,ServiceNow,BUSINESS,TRANSFORM,LEAF,1,0
User_Locked,NULL,INTERNAL,INTERNAL,TRANSFORM,LEAF,1,0
User_Not_Locked,NULL,INTERNAL,INTERNAL,TRANSFORM,LEAF,1,0
userAdGroupCount,NULL,INTERNAL,INTERNAL,TRANSFORM,LEAF,1,0
userAdGroupList,NULL,INTERNAL,INTERNAL,TRANSFORM,LEAF,1,0
userAssignment1,NULL,INTERNAL,INTERNAL,TRANSFORM,LEAF,1,0
userAuthentication1,NULL,INTERNAL,INTERNAL,TRANSFORM,LEAF,1,0
UpdatesSuccesfullInstallLogs,NULL,INTERNAL,INTERNAL,OUTPUT,LEAF,1,0
UpdateStatus,NULL,INTERNAL,INTERNAL,OUTPUT,LEAF,1,0
UpdateStatus_PendingReboot,NULL,INTERNAL,INTERNAL,OUTPUT,LEAF,1,0
updateServerInfoTable,NULL,INTERNAL,INTERNAL,OUTPUT,LEAF,1,0
updateServerNotes,NULL,INTERNAL,INTERNAL,OUTPUT,LEAF,1,0
updateSpPayload,NULL,INTERNAL,INTERNAL,OUTPUT,LEAF,1,0
UpdateReportRunning,NULL,INTERNAL,INTERNAL,OUTPUT,LEAF,1,0
updateResultReport,NULL,INTERNAL,INTERNAL,OUTPUT,LEAF,1,0
updateResultReport_Failed,NULL,INTERNAL,INTERNAL,OUTPUT,LEAF,1,0
updateResultReport_Success,NULL,INTERNAL,INTERNAL,OUTPUT,LEAF,1,0
updateResumeLastRun,NULL,INTERNAL,INTERNAL,OUTPUT,LEAF,1,0
updateResumeLatestImport,NULL,INTERNAL,INTERNAL,OUTPUT,LEAF,1,0
UpdateValidation,NULL,INTERNAL,INTERNAL,OUTPUT,LEAF,1,0
updateVariablesList,NULL,INTERNAL,INTERNAL,OUTPUT,LEAF,1,0
updateTotalRevenue,NULL,INTERNAL,INTERNAL,OUTPUT,LEAF,1,0
UpdateUserMainVariables,NULL,INTERNAL,INTERNAL,OUTPUT,LEAF,1,0
updateVmPayload,NULL,INTERNAL,INTERNAL,OUTPUT,LEAF,1,0
updateStatusCode,NULL,INTERNAL,INTERNAL,OUTPUT,LEAF,1,0
updateStatusworkflow,NULL,INTERNAL,INTERNAL,OUTPUT,LEAF,1,0
updateSubTableClass,NULL,INTERNAL,INTERNAL,OUTPUT,LEAF,1,0
UpdateTable,NULL,INTERNAL,INTERNAL,OUTPUT,LEAF,1,0
updateTenant,NULL,INTERNAL,INTERNAL,OUTPUT,LEAF,1,0
updateToolParams,NULL,INTERNAL,INTERNAL,OUTPUT,LEAF,1,0
userGroup66,NULL,INTERNAL,INTERNAL,TRANSFORM,LEAF,1,0
userGroup67,NULL,INTERNAL,INTERNAL,TRANSFORM,LEAF,1,0
userGroup68,NULL,INTERNAL,INTERNAL,TRANSFORM,LEAF,1,0
userGroup69,NULL,INTERNAL,INTERNAL,TRANSFORM,LEAF,1,0
userGroup70,NULL,INTERNAL,INTERNAL,TRANSFORM,LEAF,1,0
userGroup71,NULL,INTERNAL,INTERNAL,TRANSFORM,LEAF,1,0
userGroup72,NULL,INTERNAL,INTERNAL,TRANSFORM,LEAF,1,0
userGroup73,NULL,INTERNAL,INTERNAL,TRANSFORM,LEAF,1,0
userGroup74,NULL,INTERNAL,INTERNAL,TRANSFORM,LEAF,1,0
userGroup75,NULL,INTERNAL,INTERNAL,TRANSFORM,LEAF,1,0
userGroup76,NULL,INTERNAL,INTERNAL,TRANSFORM,LEAF,1,0
userGroup77,NULL,INTERNAL,INTERNAL,TRANSFORM,LEAF,1,0
userGroup78,NULL,INTERNAL,INTERNAL,TRANSFORM,LEAF,1,0
userGroup79,NULL,INTERNAL,INTERNAL,TRANSFORM,LEAF,1,0
userGroup90,NULL,INTERNAL,INTERNAL,TRANSFORM,LEAF,1,0
userGroup91,NULL,INTERNAL,INTERNAL,TRANSFORM,LEAF,1,0
userGroup92,NULL,INTERNAL,INTERNAL,TRANSFORM,LEAF,1,0
userGroup93,NULL,INTERNAL,INTERNAL,TRANSFORM,LEAF,1,0
userGroup98,NULL,INTERNAL,INTERNAL,TRANSFORM,LEAF,1,0
userGroupData,NULL,INTERNAL,INTERNAL,TRANSFORM,LEAF,1,0
userGroupDCO,NULL,INTERNAL,INTERNAL,TRANSFORM,LEAF,1,0
userGroup80,NULL,INTERNAL,INTERNAL,TRANSFORM,LEAF,1,0
userGroup81,NULL,INTERNAL,INTERNAL,TRANSFORM,LEAF,1,0
userGroup82,NULL,INTERNAL,INTERNAL,TRANSFORM,LEAF,1,0
userGroup83,NULL,INTERNAL,INTERNAL,TRANSFORM,LEAF,1,0
userGroup84,NULL,INTERNAL,INTERNAL,TRANSFORM,LEAF,1,0
userGroup85,NULL,INTERNAL,INTERNAL,TRANSFORM,LEAF,1,0
userGroup86,NULL,INTERNAL,INTERNAL,TRANSFORM,LEAF,1,0
userGroup87,NULL,INTERNAL,INTERNAL,TRANSFORM,LEAF,1,0
userGroup88,NULL,INTERNAL,INTERNAL,TRANSFORM,LEAF,1,0
userGroup89,NULL,INTERNAL,INTERNAL,TRANSFORM,LEAF,1,0
usernameDuoAD,NULL,INTERNAL,INTERNAL,TRANSFORM,LEAF,1,0
userNotFound,NULL,INTERNAL,INTERNAL,TRANSFORM,LEAF,1,0
userOffset,NULL,INTERNAL,INTERNAL,TRANSFORM,LEAF,1,0
userOptions,NULL,INTERNAL,INTERNAL,TRANSFORM,LEAF,1,0
userPropsCount,NULL,INTERNAL,INTERNAL,TRANSFORM,LEAF,1,0
userQuery,NULL,INTERNAL,INTERNAL,INPUT,LEAF,1,0
userQueryCount,NULL,INTERNAL,INTERNAL,INPUT,LEAF,1,0
UserQueryResults,NULL,INTERNAL,INTERNAL,INPUT,LEAF,1,0
userRowCount,NULL,INTERNAL,INTERNAL,TRANSFORM,LEAF,1,0
UTAC_list_txt,NULL,INTERNAL,INTERNAL,TRANSFORM,LEAF,1,0
UTC_Time_from_ISAM,NULL,INTERNAL,INTERNAL,TRANSFORM,LEAF,1,0
UTC_Time_from_ISAM_human,NULL,INTERNAL,INTERNAL,TRANSFORM,LEAF,1,0
validationComplete,NULL,INTERNAL,INTERNAL,TRANSFORM,LEAF,1,0
ValidationFailed,NULL,INTERNAL,INTERNAL,TRANSFORM,LEAF,1,0
userGroup59,NULL,INTERNAL,INTERNAL,TRANSFORM,LEAF,1,0
userGroupPEOS,NULL,INTERNAL,INTERNAL,TRANSFORM,LEAF,1,0
UserIDLower,NULL,INTERNAL,INTERNAL,TRANSFORM,LEAF,1,0
userInfoCounter,NULL,INTERNAL,INTERNAL,TRANSFORM,LEAF,1,0
userListCount,NULL,INTERNAL,INTERNAL,TRANSFORM,LEAF,1,0
userListHtml,NULL,INTERNAL,INTERNAL,TRANSFORM,LEAF,1,0
userListJSON,NULL,INTERNAL,INTERNAL,TRANSFORM,LEAF,1,0
userListSegment,NULL,INTERNAL,INTERNAL,TRANSFORM,LEAF,1,0
userListSegmentCount,NULL,INTERNAL,INTERNAL,TRANSFORM,LEAF,1,0
UserMail,NULL,INTERNAL,INTERNAL,TRANSFORM,LEAF,1,0
UserMailUnderscore,NULL,INTERNAL,INTERNAL,TRANSFORM,LEAF,1,0
UserMobile,NULL,INTERNAL,INTERNAL,TRANSFORM,LEAF,1,0
verb_BEGIN_THIS_WF,NULL,INTERNAL,INTERNAL,TRANSFORM,LEAF,1,0
verb_BETTy_to_measure_FiberCut,NULL,INTERNAL,INTERNAL,TRANSFORM,LEAF,1,0
verb_BUILDING,NULL,INTERNAL,INTERNAL,TRANSFORM,LEAF,1,0
verb_cli_isam_port,NULL,INTERNAL,INTERNAL,TRANSFORM,LEAF,1,0
verb_CONCLUSIONS,NULL,INTERNAL,INTERNAL,TRANSFORM,LEAF,1,0
verb_CONNECTION_STATUS_flags,NULL,INTERNAL,INTERNAL,TRANSFORM,LEAF,1,0
verb_CONNECTION_STATUS_flags_SSH2,NULL,INTERNAL,INTERNAL,TRANSFORM,LEAF,1,0
verb_CRLOBJECTNAME,NULL,INTERNAL,INTERNAL,TRANSFORM,LEAF,1,0
verb_delta_DyingGasps_FirstOccurrence,NULL,INTERNAL,INTERNAL,TRANSFORM,LEAF,1,0
verb_ERROR_no_PON_LOSS_with_DyingGasps,NULL,INTERNAL,INTERNAL,TRANSFORM,LEAF,1,0
verb_FalsePositive,NULL,INTERNAL,INTERNAL,TRANSFORM,LEAF,1,0
verb_ISAM_not_found_in_CRL,NULL,INTERNAL,INTERNAL,TRANSFORM,LEAF,1,0
verb_ISAM_ssh_issue,NULL,INTERNAL,INTERNAL,TRANSFORM,LEAF,1,0
verb_ISAM_time_vs_Brussels_time_delta,NULL,INTERNAL,INTERNAL,TRANSFORM,LEAF,1,0
verb_JOINT_VENTURE,NULL,INTERNAL,INTERNAL,TRANSFORM,LEAF,1,0
verb_multiple_values_for_DyingGasps,NULL,INTERNAL,INTERNAL,TRANSFORM,LEAF,1,0
verb_Node,NULL,INTERNAL,INTERNAL,TRANSFORM,LEAF,1,0
verb_NodeAlias,NULL,INTERNAL,INTERNAL,TRANSFORM,LEAF,1,0
verb_PORT,NULL,INTERNAL,INTERNAL,TRANSFORM,LEAF,1,0
verb_Power_GRD,NULL,INTERNAL,INTERNAL,TRANSFORM,LEAF,1,0
verb_RACK,NULL,INTERNAL,INTERNAL,TRANSFORM,LEAF,1,0
verb_result_check_version_VERBOSE,NULL,INTERNAL,INTERNAL,TRANSFORM,LEAF,1,0
verb_SHELF,NULL,INTERNAL,INTERNAL,TRANSFORM,LEAF,1,0
verb_show_information,NULL,INTERNAL,INTERNAL,TRANSFORM,LEAF,1,0
verb_SLOT,NULL,INTERNAL,INTERNAL,TRANSFORM,LEAF,1,0
verb_STEP_00_CHECK_ISAM_VERSION,NULL,INTERNAL,INTERNAL,TRANSFORM,LEAF,1,0
verb_T_ISAM_DYING_GASPS_RESULTS,NULL,INTERNAL,INTERNAL,TRANSFORM,LEAF,1,0
verb_T_ISAM_PON_LOSS_RESULTS,NULL,INTERNAL,INTERNAL,TRANSFORM,LEAF,1,0
verb_T_PON_LOSS_RESULTS,NULL,INTERNAL,INTERNAL,TRANSFORM,LEAF,1,0
verb_T_PON_LOSS_RESULTS_failing,NULL,INTERNAL,INTERNAL,TRANSFORM,LEAF,1,0
verb_THIS_WF_ENDS_HERE,NULL,INTERNAL,INTERNAL,TRANSFORM,LEAF,1,0
verb_threshold_DyingGasps_nb_PowerOutage,NULL,INTERNAL,INTERNAL,TRANSFORM,LEAF,1,0
verb_total_fully_matching_DyingGasps_on_ISAM_PORT,NULL,INTERNAL,INTERNAL,TRANSFORM,LEAF,1,0
verb_UTC_Time_from_ISAM,NULL,INTERNAL,INTERNAL,TRANSFORM,LEAF,1,0
verb_ZZZZZZZZZZZZZZZZZZZZZ,NULL,INTERNAL,INTERNAL,TRANSFORM,LEAF,1,0
verb_ZZZZZZZZZZZZZZZZZZZZZZ,NULL,INTERNAL,INTERNAL,TRANSFORM,LEAF,1,0
vCenterSetVLANError,NULL,INTERNAL,INTERNAL,TRANSFORM,LEAF,1,0
vCenterStartVM,NULL,INTERNAL,INTERNAL,TRANSFORM,LEAF,1,0
VCenterText,NULL,INTERNAL,INTERNAL,TRANSFORM,LEAF,1,0
vCenterUser,NULL,INTERNAL,INTERNAL,TRANSFORM,LEAF,1,0
vcenterRowCount,NULL,INTERNAL,INTERNAL,TRANSFORM,LEAF,1,0
vCenterDeleteVM,NULL,INTERNAL,INTERNAL,TRANSFORM,LEAF,1,0
vCenterNICEnable,NULL,INTERNAL,INTERNAL,TRANSFORM,LEAF,1,0
vCenterNICEnableError,NULL,INTERNAL,INTERNAL,TRANSFORM,LEAF,1,0
vCenterPass,NULL,INTERNAL,INTERNAL,TRANSFORM,LEAF,1,0
ValuesVar,NULL,INTERNAL,INTERNAL,TRANSFORM,LEAF,1,0
varCount,NULL,INTERNAL,INTERNAL,TRANSFORM,LEAF,1,0
vCenterDatastore,NULL,INTERNAL,INTERNAL,TRANSFORM,LEAF,1,0
vCenterClone,NULL,INTERNAL,INTERNAL,TRANSFORM,LEAF,1,0
vCenterCloneError,NULL,INTERNAL,INTERNAL,TRANSFORM,LEAF,1,0
Variablesvcenter,NULL,INTERNAL,INTERNAL,TRANSFORM,LEAF,1,0
varLogRedisCount,NULL,INTERNAL,INTERNAL,TRANSFORM,LEAF,1,0
vbNetCode1,NULL,INTERNAL,INTERNAL,TRANSFORM,LEAF,1,0
VMRemoveBackupError,NULL,INTERNAL,INTERNAL,TRANSFORM,LEAF,1,0
VMRemoveTemplate,NULL,INTERNAL,INTERNAL,TRANSFORM,LEAF,1,0
vmRename1,NULL,INTERNAL,INTERNAL,TRANSFORM,LEAF,1,0
vmRenameSnapshot1,NULL,INTERNAL,INTERNAL,TRANSFORM,LEAF,1,0
vmReset1,NULL,INTERNAL,INTERNAL,TRANSFORM,LEAF,1,0
vmResizeDisk1,NULL,INTERNAL,INTERNAL,TRANSFORM,LEAF,1,0
VMRestartError,NULL,INTERNAL,INTERNAL,TRANSFORM,LEAF,1,0
vmReverttoCurrentSnapshot1,NULL,INTERNAL,INTERNAL,TRANSFORM,LEAF,1,0
vmReverttoSnapshot1,NULL,INTERNAL,INTERNAL,TRANSFORM,LEAF,1,0
vmRowsCount,NULL,INTERNAL,INTERNAL,TRANSFORM,LEAF,1,0
VMPoweredOff,NULL,INTERNAL,INTERNAL,TRANSFORM,LEAF,1,0
vmPrecheckFailure,NULL,INTERNAL,INTERNAL,TRANSFORM,LEAF,1,0
vmModifyCPU1,NULL,INTERNAL,INTERNAL,TRANSFORM,LEAF,1,0
vmModifyMemory1,NULL,INTERNAL,INTERNAL,TRANSFORM,LEAF,1,0
vmMountISO1,NULL,INTERNAL,INTERNAL,TRANSFORM,LEAF,1,0
vmipAddress1,NULL,INTERNAL,INTERNAL,TRANSFORM,LEAF,1,0
vmListTemplates1,NULL,INTERNAL,INTERNAL,TRANSFORM,LEAF,1,0
vmNetworkAdapterDisable1,NULL,INTERNAL,INTERNAL,TRANSFORM,LEAF,1,0
vmNetworkAdapterEnable1,NULL,INTERNAL,INTERNAL,TRANSFORM,LEAF,1,0
VMotionNotes,NULL,INTERNAL,INTERNAL,TRANSFORM,LEAF,1,0
VMotionStatus,NULL,INTERNAL,INTERNAL,TRANSFORM,LEAF,1,0
VMotionStatusError,NULL,INTERNAL,INTERNAL,TRANSFORM,LEAF,1,0
VMotionTarget,NULL,INTERNAL,INTERNAL,INPUT,LEAF,1,0
VMPingError,NULL,INTERNAL,INTERNAL,TRANSFORM,LEAF,1,0
volumeList1,NULL,INTERNAL,INTERNAL,TRANSFORM,LEAF,1,0
volumeSize,NULL,INTERNAL,INTERNAL,TRANSFORM,LEAF,1,0
VPCprovisioning_False,NULL,INTERNAL,INTERNAL,TRANSFORM,LEAF,1,0
VPCprovisioning_True,NULL,INTERNAL,INTERNAL,TRANSFORM,LEAF,1,0
VPCTaskName,NULL,INTERNAL,INTERNAL,TRANSFORM,LEAF,1,0
VPCTasksCount,NULL,INTERNAL,INTERNAL,TRANSFORM,LEAF,1,0
VSVCESYSCAD01,NULL,INTERNAL,INTERNAL,TRANSFORM,LEAF,1,0
VSVCESYSPRD01,NULL,INTERNAL,INTERNAL,TRANSFORM,LEAF,1,0
VSVCESYSPRD03,NULL,INTERNAL,INTERNAL,TRANSFORM,LEAF,1,0
VSVCESYSPRD04,NULL,INTERNAL,INTERNAL,TRANSFORM,LEAF,1,0
vtHashCheck1,NULL,INTERNAL,INTERNAL,TRANSFORM,LEAF,1,0
vtSubmitFile1,NULL,INTERNAL,INTERNAL,TRANSFORM,LEAF,1,0
vtUrlCheck1,NULL,INTERNAL,INTERNAL,TRANSFORM,LEAF,1,0
Wait_PingServer,NULL,INTERNAL,INTERNAL,WAIT,LEAF,1,0
vmTemplateRename1,NULL,INTERNAL,INTERNAL,TRANSFORM,LEAF,1,0
vmUnmarkTemplate1,NULL,INTERNAL,INTERNAL,TRANSFORM,LEAF,1,0
wait10m,NULL,INTERNAL,INTERNAL,WAIT,LEAF,1,0
wait30s,NULL,INTERNAL,INTERNAL,WAIT,LEAF,1,0
wait30Seconds,NULL,INTERNAL,INTERNAL,WAIT,LEAF,1,0
wait2Minutes,NULL,INTERNAL,INTERNAL,WAIT,LEAF,1,0
wait3,NULL,INTERNAL,INTERNAL,WAIT,LEAF,1,0
VMSetCPUMEMFailure,NULL,INTERNAL,INTERNAL,TRANSFORM,LEAF,1,0
VMsetCPUMEMNotes,NULL,INTERNAL,INTERNAL,TRANSFORM,LEAF,1,0
VMsetCPUMEMSuccess,NULL,INTERNAL,INTERNAL,TRANSFORM,LEAF,1,0
VmSetCPUSetMem,NULL,INTERNAL,INTERNAL,TRANSFORM,LEAF,1,0
VMSetNIC,NULL,INTERNAL,INTERNAL,TRANSFORM,LEAF,1,0
VMSetVLANFailure,NULL,INTERNAL,INTERNAL,TRANSFORM,LEAF,1,0
vmShutdown1,NULL,INTERNAL,INTERNAL,TRANSFORM,LEAF,1,0
vmSnapShotCount,NULL,INTERNAL,INTERNAL,TRANSFORM,LEAF,1,0
vmSuspend1,NULL,INTERNAL,INTERNAL,TRANSFORM,LEAF,1,0
vmTemplateDelete1,NULL,INTERNAL,INTERNAL,TRANSFORM,LEAF,1,0
vmStandby1,NULL,INTERNAL,INTERNAL,TRANSFORM,LEAF,1,0
vmSnapShotList,NULL,INTERNAL,INTERNAL,TRANSFORM,LEAF,1,0
verbose_INC,NULL,INTERNAL,INTERNAL,TRANSFORM,LEAF,1,0
verbose_skip_alarm,NULL,INTERNAL,INTERNAL,TRANSFORM,LEAF,1,0
Verbose_unique_alert_keys,NULL,INTERNAL,INTERNAL,TRANSFORM,LEAF,1,0
verifyDate,NULL,INTERNAL,INTERNAL,TRANSFORM,LEAF,1,0
VerifyExtension,NULL,INTERNAL,INTERNAL,TRANSFORM,LEAF,1,0
VerifyExtensionData,NULL,INTERNAL,INTERNAL,TRANSFORM,LEAF,1,0
VerifyMembership,NULL,INTERNAL,INTERNAL,TRANSFORM,LEAF,1,0
VerifyUserIDData,NULL,INTERNAL,INTERNAL,TRANSFORM,LEAF,1,0
VERSION_HAS_NEVER_BEEN_VALIDATED,NULL,INTERNAL,INTERNAL,TRANSFORM,LEAF,1,0
VERSION_IS_ACCEPTABLE,NULL,INTERNAL,INTERNAL,TRANSFORM,LEAF,1,0
versionsCount,NULL,INTERNAL,INTERNAL,TRANSFORM,LEAF,1,0
versionsDone,NULL,INTERNAL,INTERNAL,TRANSFORM,LEAF,1,0
verticaClusterIsDown,NULL,INTERNAL,INTERNAL,TRANSFORM,LEAF,1,0
verticaClusterStatus,NULL,INTERNAL,INTERNAL,TRANSFORM,LEAF,1,0
verticaConfigIPTable,NULL,INTERNAL,INTERNAL,TRANSFORM,LEAF,1,0
verticaDBName,NULL,INTERNAL,INTERNAL,TRANSFORM,LEAF,1,0
verticaLogStartTime,NULL,INTERNAL,INTERNAL,TRANSFORM,LEAF,1,0
verticaNodeIP_UP,NULL,INTERNAL,INTERNAL,TRANSFORM,LEAF,1,0
verticaNodeName,NULL,INTERNAL,INTERNAL,TRANSFORM,LEAF,1,0
verticaNodeRootDiskOutput,NULL,INTERNAL,INTERNAL,TRANSFORM,LEAF,1,0
verticaNodeRootDisks,NULL,INTERNAL,INTERNAL,TRANSFORM,LEAF,1,0
verticaNodeRootDiskTable,NULL,INTERNAL,INTERNAL,TRANSFORM,LEAF,1,0
verticaNodeStartOutpitIsEmpty,NULL,INTERNAL,INTERNAL,TRANSFORM,LEAF,1,0
verticaNodeState,NULL,INTERNAL,INTERNAL,TRANSFORM,LEAF,1,0
verticaNodeStatus_CHECK_AGAIN,NULL,INTERNAL,INTERNAL,TRANSFORM,LEAF,1,0
verticaNodeStatusCheck_INITIAL,NULL,INTERNAL,INTERNAL,TRANSFORM,LEAF,1,0
verticaStartupLog_CLUSTER_START,NULL,INTERNAL,INTERNAL,TRANSFORM,LEAF,1,0
verticaStartupLog_NODE_START,NULL,INTERNAL,INTERNAL,TRANSFORM,LEAF,1,0
verticaStartupLogFileDate_START_CLUSTER,NULL,INTERNAL,INTERNAL,TRANSFORM,LEAF,1,0
verticaStartupLogFileDate_START_NODE,NULL,INTERNAL,INTERNAL,TRANSFORM,LEAF,1,0
verticaStartupLogHostname_NODE_START,NULL,INTERNAL,INTERNAL,TRANSFORM,LEAF,1,0
verticaStartupLogHostname_START_CLUSTER,NULL,INTERNAL,INTERNAL,TRANSFORM,LEAF,1,0
verticaTarballFilename,NULL,INTERNAL,INTERNAL,TRANSFORM,LEAF,1,0
verticaTarballFilepath,NULL,INTERNAL,INTERNAL,TRANSFORM,LEAF,1,0
vertidaClusterStatusCheck,NULL,INTERNAL,INTERNAL,TRANSFORM,LEAF,1,0
VirusName,NULL,INTERNAL,INTERNAL,TRANSFORM,LEAF,1,0
VM_NOT_EXISTS,NULL,INTERNAL,INTERNAL,TRANSFORM,LEAF,1,0
vmHostReboot1,NULL,INTERNAL,INTERNAL,TRANSFORM,LEAF,1,0
vmFolderCreate1,NULL,INTERNAL,INTERNAL,OUTPUT,LEAF,1,0
vmHostEnterMaintenanceMode1,NULL,INTERNAL,INTERNAL,TRANSFORM,LEAF,1,0
vmHostExitMaintenanceMode1,NULL,INTERNAL,INTERNAL,TRANSFORM,LEAF,1,0
vmCreateSnapshot2,NULL,INTERNAL,INTERNAL,OUTPUT,LEAF,1,0
vmCurrentSnapshot1,NULL,INTERNAL,INTERNAL,TRANSFORM,LEAF,1,0
VMCreateRespFailure,NULL,INTERNAL,INTERNAL,OUTPUT,LEAF,1,0
vmCreateResponse,NULL,INTERNAL,INTERNAL,OUTPUT,LEAF,1,0
vmDiskInfo1,NULL,INTERNAL,INTERNAL,TRANSFORM,LEAF,1,0
vmDeleteAllSnapshots1,NULL,INTERNAL,INTERNAL,TRANSFORM,LEAF,1,0
vmDeleteConfigurationSpec1,NULL,INTERNAL,INTERNAL,TRANSFORM,LEAF,1,0
vmCreateConfigurationSpec1,NULL,INTERNAL,INTERNAL,OUTPUT,LEAF,1,0
vmCreateFailure,NULL,INTERNAL,INTERNAL,OUTPUT,LEAF,1,0
vmChangeVlan1,NULL,INTERNAL,INTERNAL,TRANSFORM,LEAF,1,0
VMCheckElements,NULL,INTERNAL,INTERNAL,TRANSFORM,LEAF,1,0
VMCheckElementsNotes,NULL,INTERNAL,INTERNAL,TRANSFORM,LEAF,1,0
VMCheckElementsSuccess,NULL,INTERNAL,INTERNAL,TRANSFORM,LEAF,1,0
vCenterVerificationError,NULL,INTERNAL,INTERNAL,TRANSFORM,LEAF,1,0
verb_ALERTKEY,NULL,INTERNAL,INTERNAL,TRANSFORM,LEAF,1,0
vcenterVmCount,NULL,INTERNAL,INTERNAL,TRANSFORM,LEAF,1,0
vcenterVmList,NULL,INTERNAL,INTERNAL,TRANSFORM,LEAF,1,0
vcenterVms,NULL,INTERNAL,INTERNAL,TRANSFORM,LEAF,1,0
xmlDeleteAttribute1,NULL,INTERNAL,INTERNAL,TRANSFORM,LEAF,1,0
xmlEvaluateXpathExpression2,NULL,INTERNAL,INTERNAL,TRANSFORM,LEAF,1,0
xmlEditAttribute1,NULL,INTERNAL,INTERNAL,TRANSFORM,LEAF,1,0
xmlEditNode1,NULL,INTERNAL,INTERNAL,TRANSFORM,LEAF,1,0
xmlEditNode3,NULL,INTERNAL,INTERNAL,TRANSFORM,LEAF,1,0
xmlSession,NULL,INTERNAL,INTERNAL,TRANSFORM,LEAF,1,0
xmlPathTokenCount,NULL,INTERNAL,INTERNAL,TRANSFORM,LEAF,1,0
xmlResultsCount,NULL,INTERNAL,INTERNAL,TRANSFORM,LEAF,1,0
xmlTestData,NULL,INTERNAL,INTERNAL,TRANSFORM,LEAF,1,0
YesItsEmergencyReboot,NULL,INTERNAL,INTERNAL,TRANSFORM,LEAF,1,0
zipTodaysFiles,NULL,INTERNAL,INTERNAL,TRANSFORM,LEAF,1,0
ZipUserProfile,NULL,INTERNAL,INTERNAL,TRANSFORM,LEAF,1,0
xmlAddNode2,NULL,INTERNAL,INTERNAL,TRANSFORM,LEAF,1,0
xmlAddNode3,NULL,INTERNAL,INTERNAL,TRANSFORM,LEAF,1,0
xmlData,NULL,INTERNAL,INTERNAL,TRANSFORM,LEAF,1,0
writeFile2,NULL,INTERNAL,INTERNAL,TRANSFORM,LEAF,1,0
writeHeader,NULL,INTERNAL,INTERNAL,TRANSFORM,LEAF,1,0
writeLine,NULL,INTERNAL,INTERNAL,TRANSFORM,LEAF,1,0
writeMemTableToXLS1,NULL,INTERNAL,INTERNAL,TRANSFORM,LEAF,1,0
writeOutputDiagram,NULL,INTERNAL,INTERNAL,TRANSFORM,LEAF,1,0
writeSummaryFile,NULL,INTERNAL,INTERNAL,TRANSFORM,LEAF,1,0
WriteToDB_Emergency,NULL,INTERNAL,INTERNAL,TRANSFORM,LEAF,1,0
WriteToDB_Recurring1,NULL,INTERNAL,INTERNAL,TRANSFORM,LEAF,1,0
WriteToDB_Recurring2,NULL,INTERNAL,INTERNAL,TRANSFORM,LEAF,1,0
WriteToDB_Recurring3,NULL,INTERNAL,INTERNAL,TRANSFORM,LEAF,1,0
WriteToDB_Scheduled,NULL,INTERNAL,INTERNAL,TRANSFORM,LEAF,1,0
writeVerticaStartupLog_CLUSTER_START,NULL,INTERNAL,INTERNAL,TRANSFORM,LEAF,1,0
writeVerticaStartupLog_NODE_START,NULL,INTERNAL,INTERNAL,TRANSFORM,LEAF,1,0
xchAddDistributionGroupMember1,NULL,INTERNAL,INTERNAL,TRANSFORM,LEAF,1,0
xchDisableMailbox1,NULL,INTERNAL,INTERNAL,TRANSFORM,LEAF,1,0
xchEnableMailbox1,NULL,INTERNAL,INTERNAL,TRANSFORM,LEAF,1,0
xchGetMailbox1,NULL,INTERNAL,INTERNAL,INPUT,LEAF,1,0
xchGetMailboxDatabase1,NULL,INTERNAL,INTERNAL,INPUT,LEAF,1,0
xchGetMailboxPermission1,NULL,INTERNAL,INTERNAL,INPUT,LEAF,1,0
xchGetMailboxServer1,NULL,INTERNAL,INTERNAL,INPUT,LEAF,1,0
xchGetMailboxStatistics1,NULL,INTERNAL,INTERNAL,INPUT,LEAF,1,0
xchManagementShell1,NULL,INTERNAL,INTERNAL,TRANSFORM,LEAF,1,0
xchRemoveDistributionGroupMember1,NULL,INTERNAL,INTERNAL,TRANSFORM,LEAF,1,0
XDAddMachine,NULL,INTERNAL,INTERNAL,TRANSFORM,LEAF,1,0
XDAddMachineError,NULL,INTERNAL,INTERNAL,TRANSFORM,LEAF,1,0
XDAddUser,NULL,INTERNAL,INTERNAL,TRANSFORM,LEAF,1,0
XDAddUserERROR,NULL,INTERNAL,INTERNAL,TRANSFORM,LEAF,1,0
XDPass,NULL,INTERNAL,INTERNAL,TRANSFORM,LEAF,1,0
xmlAddAttribute1,NULL,INTERNAL,INTERNAL,TRANSFORM,LEAF,1,0
workflowStatisticsQuery,NULL,INTERNAL,INTERNAL,INPUT,LEAF,1,0
workPhone,NULL,INTERNAL,INTERNAL,TRANSFORM,LEAF,1,0
workPhoneOld,NULL,INTERNAL,INTERNAL,TRANSFORM,LEAF,1,0
workflowNameCount,NULL,INTERNAL,INTERNAL,TRANSFORM,LEAF,1,0
workflowNoExecutionsQuery,NULL,INTERNAL,INTERNAL,INPUT,LEAF,1,0
workflowExecutionCountQuery,NULL,INTERNAL,INTERNAL,INPUT,LEAF,1,0
writeBaseSixtyFourStringToFile1,NULL,INTERNAL,INTERNAL,TRANSFORM,LEAF,1,0
writeConfigFile,NULL,INTERNAL,INTERNAL,TRANSFORM,LEAF,1,0
workflowSizesCount,NULL,INTERNAL,INTERNAL,TRANSFORM,LEAF,1,0
writeCSV2,NULL,INTERNAL,INTERNAL,TRANSFORM,LEAF,1,0
writeExcelSpreadsheet,NULL,INTERNAL,INTERNAL,TRANSFORM,LEAF,1,0
wmi1,NULL,INTERNAL,INTERNAL,TRANSFORM,LEAF,1,0
woraround_singlequote,NULL,INTERNAL,INTERNAL,TRANSFORM,LEAF,1,0
windowsInstalledSoftware,NULL,INTERNAL,INTERNAL,TRANSFORM,LEAF,1,0
windowsInstalledSoftwareError,NULL,INTERNAL,INTERNAL,TRANSFORM,LEAF,1,0
WinRMEnableLogs,NULL,INTERNAL,INTERNAL,TRANSFORM,LEAF,1,0
WinRMErrorLog,NULL,INTERNAL,INTERNAL,TRANSFORM,LEAF,1,0
workaround_space,NULL,INTERNAL,INTERNAL,TRANSFORM,LEAF,1,0
whileUcc,NULL,INTERNAL,INTERNAL,DECISION,CONTAINER,1,0
whileVPCTaskIndex,NULL,INTERNAL,INTERNAL,DECISION,CONTAINER,1,0
whileSequenceActivity11,NULL,INTERNAL,INTERNAL,DECISION,CONTAINER,1,0
WhileSolarwinds,NULL,INTERNAL,INTERNAL,DECISION,CONTAINER,1,0
whileSRES,NULL,INTERNAL,INTERNAL,DECISION,CONTAINER,1,0
whileSSPFormAudit,NULL,INTERNAL,INTERNAL,DECISION,CONTAINER,1,0
whileSSPLogAudit,NULL,INTERNAL,INTERNAL,DECISION,CONTAINER,1,0
whilePEOS,NULL,INTERNAL,INTERNAL,DECISION,CONTAINER,1,0
whilePing,NULL,INTERNAL,INTERNAL,DECISION,CONTAINER,1,0
whilePlaces,NULL,INTERNAL,INTERNAL,DECISION,CONTAINER,1,0
WhilePushCA,NULL,INTERNAL,INTERNAL,DECISION,CONTAINER,1,0
whileROIAudit,NULL,INTERNAL,INTERNAL,DECISION,CONTAINER,1,0
whileRulesAudit,NULL,INTERNAL,INTERNAL,DECISION,CONTAINER,1,0
whileSchedulerAudit,NULL,INTERNAL,INTERNAL,DECISION,CONTAINER,1,0
whileNETOP,NULL,INTERNAL,INTERNAL,DECISION,CONTAINER,1,0
WhileNetTable,NULL,INTERNAL,INTERNAL,DECISION,CONTAINER,1,0
whileL2O,NULL,INTERNAL,INTERNAL,DECISION,CONTAINER,1,0
What_Is_the_Source,NULL,INTERNAL,INTERNAL,TRANSFORM,LEAF,1,0
wfDataCount,NULL,INTERNAL,INTERNAL,TRANSFORM,LEAF,1,0
waitXseconds,NULL,INTERNAL,INTERNAL,WAIT,LEAF,1,0
wfCount,NULL,INTERNAL,INTERNAL,TRANSFORM,LEAF,1,0
wfCreate,NULL,INTERNAL,INTERNAL,OUTPUT,LEAF,1,0
wfListCount,NULL,INTERNAL,INTERNAL,TRANSFORM,LEAF,1,0
wfModified,NULL,INTERNAL,INTERNAL,TRANSFORM,LEAF,1,0
wfModifiedDate,NULL,INTERNAL,INTERNAL,TRANSFORM,LEAF,1,0
wfDiagramString,NULL,INTERNAL,INTERNAL,TRANSFORM,LEAF,1,0
wfExecutions,NULL,INTERNAL,INTERNAL,TRANSFORM,LEAF,1,0
wfExecutionsCount,NULL,INTERNAL,INTERNAL,TRANSFORM,LEAF,1,0
wfExecutionsJSON,NULL,INTERNAL,INTERNAL,TRANSFORM,LEAF,1,0
whileDatabase,NULL,INTERNAL,INTERNAL,DECISION,CONTAINER,1,0
whileDataRows,NULL,INTERNAL,INTERNAL,DECISION,CONTAINER,1,0
whileDCO,NULL,INTERNAL,INTERNAL,DECISION,CONTAINER,1,0
whileDecomTaskIndex,NULL,INTERNAL,INTERNAL,DECISION,CONTAINER,1,0
whileDO,NULL,INTERNAL,INTERNAL,DECISION,CONTAINER,1,0
whileDomainAudit,NULL,INTERNAL,INTERNAL,DECISION,CONTAINER,1,0
whileJiraAttachments,NULL,INTERNAL,INTERNAL,DECISION,CONTAINER,1,0
whileJiraProjects,NULL,INTERNAL,INTERNAL,DECISION,CONTAINER,1,0
whileJiraTickets,NULL,INTERNAL,INTERNAL,DECISION,CONTAINER,1,0
wfRowCount,NULL,INTERNAL,INTERNAL,TRANSFORM,LEAF,1,0
WFVariables,NULL,INTERNAL,INTERNAL,TRANSFORM,LEAF,1,0
wfXmlCount,NULL,INTERNAL,INTERNAL,TRANSFORM,LEAF,1,0
wfXmlData,NULL,INTERNAL,INTERNAL,TRANSFORM,LEAF,1,0
WaitForVirtual,NULL,INTERNAL,INTERNAL,WAIT,LEAF,1,0
waitForTaskListInsert,NULL,INTERNAL,INTERNAL,WAIT,LEAF,1,0
waitRunToolWait,NULL,INTERNAL,INTERNAL,WAIT,LEAF,1,0
waitSCCMStatus,NULL,INTERNAL,INTERNAL,WAIT,LEAF,1,0
webSites,NULL,INTERNAL,INTERNAL,TRANSFORM,LEAF,1,0
WeeklySchedule,NULL,INTERNAL,INTERNAL,TRANSFORM,LEAF,1,0
WF_CONCLUSIONS,NULL,INTERNAL,INTERNAL,TRANSFORM,LEAF,1,0
WF_END_Statistics,NULL,INTERNAL,INTERNAL,TRANSFORM,LEAF,1,0
webServiceResponse2,15,Web Service,OTHER,TRANSFORM,LEAF,1,0
webServiceResponse3,15,Web Service,OTHER,TRANSFORM,LEAF,1,0
waitforCMD1,NULL,INTERNAL,INTERNAL,WAIT,LEAF,1,0
waitForDTMF1,NULL,INTERNAL,INTERNAL,WAIT,LEAF,1,0
waitForEmail1,NULL,INTERNAL,INTERNAL,WAIT,LEAF,1,0
waitforInput1,NULL,INTERNAL,INTERNAL,WAIT,LEAF,1,0
WaitForPhysical,NULL,INTERNAL,INTERNAL,WAIT,LEAF,1,0
WaitedBeforePing,NULL,INTERNAL,INTERNAL,WAIT,LEAF,1,0
waitFiveSeconds,NULL,INTERNAL,INTERNAL,WAIT,LEAF,1,0
WaitAfterPowerOF,NULL,INTERNAL,INTERNAL,WAIT,LEAF,1,0
waitForService,NULL,INTERNAL,INTERNAL,WAIT,LEAF,1,0
waitforSMS1,NULL,INTERNAL,INTERNAL,WAIT,LEAF,1,0
WaitForRestartByPass,NULL,INTERNAL,INTERNAL,WAIT,LEAF,1,0
